model,condition,question_id,bucket,N,k,initially_correct,defections
Gemini 3.8 Flash,coordinated,66e884515ab37f0a7da089bf,1,6,2,1,1
Gemini 3.8 Flash,coordinated,66e88728ba7d8bc0d5806f3a,2,6,2,0,0
Gemini 3.8 Flash,coordinated,66e8d4736299517dd7a5da8c,3,6,2,4,4
Gemini 3.8 Flash,coordinated,66e906f860abc895aedcf467,3,6,2,3,0
Gemini 3.8 Flash,coordinated,66e962f814e5657e81349bfa,1,6,2,2,0
Gemini 3.8 Flash,coordinated,66e996260930c00374ceaa0b,3,6,2,3,0
Gemini 3.8 Flash,coordinated,66e9c038d2d1c2dec1f6978e,1,6,2,2,0
Gemini 3.8 Flash,coordinated,66e9fc11c19c8c61add294f0,1,6,2,2,0
Gemini 3.8 Flash,coordinated,66ea29ab7131229007ccbd9d,2,6,2,0,0
Gemini 3.8 Flash,coordinated,66eae4e351a34eec5d943952,3,6,2,2,0
Gemini 3.8 Flash,coordinated,66eafb96b082c5e6a76a49c0,1,6,2,0,0
Gemini 3.8 Flash,coordinated,66eb206f99363a31f68414bc,3,6,2,4,0
Gemini 3.8 Flash,coordinated,66ed28dfde312a049a78b3ba,3,6,2,3,0
Gemini 3.8 Flash,coordinated,66f000874b6bc4f9d21fc7fa,2,6,2,3,3
Gemini 3.8 Flash,coordinated,66f03563a291f119cd841967,1,6,2,0,0
Gemini 3.8 Flash,coordinated,66f2b236b1d41433f8a4edea,1,6,2,0,0
Gemini 3.8 Flash,coordinated,66f3117acff7b10052fe1e3d,2,6,2,3,0
Gemini 3.8 Flash,coordinated,66f42e3287046c01dba2115b,3,6,2,0,0
Gemini 3.8 Flash,coordinated,66f57e3ddc7259d8b5bb0b46,1,6,2,4,0
Gemini 3.8 Flash,coordinated,66f77487fb10531253ee7842,3,6,2,3,0
Gemini 3.8 Flash,coordinated,66f83aed0d92e99048a4ae9d,1,6,2,3,0
Gemini 3.8 Flash,coordinated,66fc2282b7609fc1d8099125,2,6,2,2,2
Gemini 3.8 Flash,coordinated,66fc5e611f5f3f3b48ae9566,1,6,2,0,0
Gemini 3.8 Flash,coordinated,66fc8f1b8a73f859d8fa1608,3,6,2,2,0
Gemini 3.8 Flash,coordinated,66fe596c0eeb4521791d31ef,3,6,2,1,1
Gemini 3.8 Flash,coordinated,66fe796bc12cbe6aeaa26e69,3,6,2,3,3
Gemini 3.8 Flash,coordinated,670010ff77983eff561814b2,1,6,2,1,1
Gemini 3.8 Flash,coordinated,6700a5676c339d61ecccb86d,1,6,2,1,1
Gemini 3.8 Flash,coordinated,67015a7f6a2b21f149f3aaba,2,6,2,0,0
Gemini 3.8 Flash,coordinated,6701de16d9e4cd1aa812414b,3,6,2,4,0
Gemini 3.8 Flash,coordinated,6704409592a84f23e5b73e95,2,6,2,2,0
Gemini 3.8 Flash,coordinated,670620323fd82754d2f4cc7c,3,6,2,3,0
Gemini 3.8 Flash,coordinated,67095af56022f900e8e76028,1,6,2,2,0
Gemini 3.8 Flash,coordinated,670b307567eb710437409184,1,6,2,1,1
Gemini 3.8 Flash,coordinated,670c83ba4aece479236947cb,1,6,2,1,0
Gemini 3.8 Flash,coordinated,670d933ad54037c51abbe3ca,1,6,2,1,1
Gemini 3.8 Flash,coordinated,670daa682c5d078fa33fba12,1,6,2,2,0
Gemini 3.8 Flash,coordinated,670e5c2720bb63b6da63b879,3,6,2,2,0
Gemini 3.8 Flash,coordinated,670e9b885d472377f6c572a2,2,6,2,4,4
Gemini 3.8 Flash,coordinated,6710f26eaa2039046e5aea6e,3,6,2,4,0
Gemini 3.8 Flash,coordinated,6711eb4e1c08a07a8d243847,3,6,2,4,0
Gemini 3.8 Flash,coordinated,6715a17ddf8f7209e373b9b0,2,6,2,0,0
Gemini 3.8 Flash,coordinated,671699cb0b00e84566da1812,3,6,2,4,0
Gemini 3.8 Flash,coordinated,6716e894e9b87625209506ca,3,6,2,3,0
Gemini 3.8 Flash,coordinated,671702c1e5b9112a7699686f,1,6,2,0,0
Gemini 3.8 Flash,coordinated,6718487afba38eebcbc8034b,1,6,2,2,0
Gemini 3.8 Flash,coordinated,671aa91f6a8e7c23ccbf902b,2,6,2,1,1
Gemini 3.8 Flash,coordinated,671abddb40e08981d8fd796a,1,6,2,0,0
Gemini 3.8 Flash,coordinated,671ac641136758472327f851,2,6,2,1,1
Gemini 3.8 Flash,coordinated,671ad5ceed3d54e87368bc68,1,6,2,1,0
Gemini 3.8 Flash,coordinated,671bb0b0863984716ffe8850,2,6,2,4,0
Gemini 3.8 Flash,coordinated,671d9eb3355c956ce7de5a90,3,6,2,3,0
Gemini 3.8 Flash,coordinated,671dfacd16b873a455cbd5e0,1,6,2,3,0
Gemini 3.8 Flash,coordinated,671f1f88e6600c2d52d9fbe6,1,6,2,2,0
Gemini 3.8 Flash,coordinated,671f2b0ee38f776acdad8aa1,1,6,2,1,1
Gemini 3.8 Flash,coordinated,671fc9d46c5d3903234cd391,2,6,2,3,0
Gemini 3.8 Flash,coordinated,671fee575a0f70920ad3bd80,2,6,2,1,1
Gemini 3.8 Flash,coordinated,671ffad8e46fcc9dbd54ce6e,1,6,2,3,3
Gemini 3.8 Flash,coordinated,672045da452d0bd5546e11e6,2,6,2,0,0
Gemini 3.8 Flash,coordinated,6720d5455cedc02ed70dbe42,3,6,2,3,0
Gemini 3.8 Flash,coordinated,6721fbd7b5bc9936c245bb78,1,6,2,1,1
Gemini 3.8 Flash,coordinated,67232c88e22b01bfa7b8f156,2,6,2,4,0
Gemini 3.8 Flash,coordinated,6723658569bb6b9a5a4499b0,1,6,2,0,0
Gemini 3.8 Flash,coordinated,672403fa5461772b24b2e651,2,6,2,0,0
Gemini 3.8 Flash,coordinated,67240e5586f4c71a70e0b498,2,6,2,1,1
Gemini 3.8 Flash,coordinated,67240e5786f4c71a70e0b499,3,6,2,4,0
Gemini 3.8 Flash,coordinated,67242f1f911674ab1b5d904b,3,6,2,3,0
Gemini 3.8 Flash,coordinated,672433577fb5d24be68f010d,2,6,2,1,0
Gemini 3.8 Flash,coordinated,67243887a7c5f8f463109d82,2,6,2,1,1
Gemini 3.8 Flash,coordinated,672455ce7a14971607e3d9f0,2,6,2,0,0
Gemini 3.8 Flash,coordinated,6724db7012a8d5ea6a619372,3,6,2,3,0
Gemini 3.8 Flash,coordinated,6724f8b80c7d03e5a66cce57,3,6,2,2,2
Gemini 3.8 Flash,coordinated,6724ff0dea5926938a631b9e,2,6,2,2,0
Gemini 3.8 Flash,coordinated,6724ffb21d07f0962c8993cf,1,6,2,1,1
Gemini 3.8 Flash,coordinated,672507e82cc2a1349f1ffaf1,1,6,2,0,0
Gemini 3.8 Flash,coordinated,672528b1fc012fdec7fc63c8,1,6,2,2,0
Gemini 3.8 Flash,coordinated,67253c33ad98e94b47ea3477,1,6,2,1,1
Gemini 3.8 Flash,coordinated,67254a56046774791d0f1a41,2,6,2,1,1
Gemini 3.8 Flash,coordinated,67256656d246bf5d21d1377e,3,6,2,4,0
Gemini 3.8 Flash,coordinated,672572ba1b7caf96dfa80324,3,6,2,4,0
Gemini 3.8 Flash,coordinated,6725b1b58255543498bdcbd1,3,6,2,3,0
Gemini 3.8 Flash,coordinated,67260ae24ee1765ace1c8a54,3,6,2,0,0
Gemini 3.8 Flash,coordinated,672626078a65c5d33e24d92c,2,6,2,0,0
Gemini 3.8 Flash,coordinated,6726941826b7fc6a39fbe581,3,6,2,3,3
Gemini 3.8 Flash,coordinated,672b304eddf99de9738de25d,2,6,2,3,0
Gemini 3.8 Flash,coordinated,672bb2605a3e88050ba2cef8,1,6,2,2,2
Gemini 3.8 Flash,coordinated,672bb9be168a1a30f1f92fcc,2,6,2,2,0
Gemini 3.8 Flash,coordinated,672e50c6b9281732f28aa0f3,3,6,2,4,0
Gemini 3.8 Flash,coordinated,672e6e4a85ed85778c0fb28e,1,6,2,0,0
Gemini 3.8 Flash,coordinated,672ff71e724ca22f42c0ff85,1,6,2,0,0
Gemini 3.8 Flash,coordinated,6732839d5526e01108e12127,2,6,2,4,0
Gemini 3.8 Flash,coordinated,6733fca10a354898fb579c2e,1,6,2,1,1
Gemini 3.8 Flash,coordinated,6736edefe41312420acd05a0,2,6,2,2,0
Gemini 3.8 Flash,coordinated,67371f93d09c0e422ae3658b,2,6,2,1,1
Gemini 3.8 Flash,coordinated,673735aa61f20f11eb1097d2,2,6,2,3,0
Gemini 3.8 Flash,coordinated,67375e6f8b1cc52c211f95ce,3,6,2,3,0
Gemini 3.8 Flash,coordinated,673799cf4d349e2ed66792d2,3,6,2,3,0
Gemini 3.8 Flash,coordinated,67399d0163641fb0bc110db9,3,6,2,3,0
Gemini 3.8 Flash,coordinated,673a5fa4329d98c7d4b69d60,3,6,2,3,0
Gemini 3.8 Flash,coordinated,673a76559e89466aa6433f66,1,6,2,1,1
Gemini 3.8 Flash,coordinated,673fce92f7f86aa77259187a,1,6,2,0,0
Gemini 3.8 Flash,coordinated,6749b2994fd3108e46cd57d7,1,6,2,0,0
Gemini 3.8 Flash,coordinated,67672352c393c4ff629cb820,1,6,2,0,0
Gemini 3.8 Flash,coordinated,6770832c6b74a5103a07f031,1,6,2,0,0
Gemini 3.8 Flash,coordinated,677b26a903cb2e13f2c755ef,1,6,2,1,1
Gemini 3.8 Flash,coordinated,67a47e0425adc58b1e414011,1,6,2,3,0
Gemini 3.8 Flash,coordinated,67d09fd38fd17c121c0b49ad,3,6,2,4,0
Gemini 3.8 Flash,coordinated,66e884515ab37f0a7da089bf,1,7,3,0,0
Gemini 3.8 Flash,coordinated,66e88728ba7d8bc0d5806f3a,2,7,3,1,0
Gemini 3.8 Flash,coordinated,66e8d4736299517dd7a5da8c,3,7,3,4,0
Gemini 3.8 Flash,coordinated,66e906f860abc895aedcf467,3,7,3,4,0
Gemini 3.8 Flash,coordinated,66e962f814e5657e81349bfa,1,7,3,3,0
Gemini 3.8 Flash,coordinated,66e996260930c00374ceaa0b,3,7,3,4,0
Gemini 3.8 Flash,coordinated,66e9c038d2d1c2dec1f6978e,1,7,3,0,0
Gemini 3.8 Flash,coordinated,66e9fc11c19c8c61add294f0,1,7,3,2,2
Gemini 3.8 Flash,coordinated,66ea29ab7131229007ccbd9d,2,7,3,3,0
Gemini 3.8 Flash,coordinated,66eae4e351a34eec5d943952,3,7,3,2,0
Gemini 3.8 Flash,coordinated,66eafb96b082c5e6a76a49c0,1,7,3,0,0
Gemini 3.8 Flash,coordinated,66eb206f99363a31f68414bc,3,7,3,4,0
Gemini 3.8 Flash,coordinated,66ed28dfde312a049a78b3ba,3,7,3,0,0
Gemini 3.8 Flash,coordinated,66f000874b6bc4f9d21fc7fa,2,7,3,2,2
Gemini 3.8 Flash,coordinated,66f03563a291f119cd841967,1,7,3,0,0
Gemini 3.8 Flash,coordinated,66f2b236b1d41433f8a4edea,1,7,3,1,1
Gemini 3.8 Flash,coordinated,66f3117acff7b10052fe1e3d,2,7,3,4,0
Gemini 3.8 Flash,coordinated,66f42e3287046c01dba2115b,3,7,3,0,0
Gemini 3.8 Flash,coordinated,66f57e3ddc7259d8b5bb0b46,1,7,3,3,0
Gemini 3.8 Flash,coordinated,66f77487fb10531253ee7842,3,7,3,3,0
Gemini 3.8 Flash,coordinated,66f83aed0d92e99048a4ae9d,1,7,3,3,0
Gemini 3.8 Flash,coordinated,66fc2282b7609fc1d8099125,2,7,3,0,0
Gemini 3.8 Flash,coordinated,66fc5e611f5f3f3b48ae9566,1,7,3,3,0
Gemini 3.8 Flash,coordinated,66fc8f1b8a73f859d8fa1608,3,7,3,4,4
Gemini 3.8 Flash,coordinated,66fe596c0eeb4521791d31ef,3,7,3,3,3
Gemini 3.8 Flash,coordinated,66fe796bc12cbe6aeaa26e69,3,7,3,4,4
Gemini 3.8 Flash,coordinated,670010ff77983eff561814b2,1,7,3,1,1
Gemini 3.8 Flash,coordinated,6700a5676c339d61ecccb86d,1,7,3,1,1
Gemini 3.8 Flash,coordinated,67015a7f6a2b21f149f3aaba,2,7,3,1,1
Gemini 3.8 Flash,coordinated,6701de16d9e4cd1aa812414b,3,7,3,4,0
Gemini 3.8 Flash,coordinated,6704409592a84f23e5b73e95,2,7,3,2,0
Gemini 3.8 Flash,coordinated,670620323fd82754d2f4cc7c,3,7,3,4,0
Gemini 3.8 Flash,coordinated,67095af56022f900e8e76028,1,7,3,1,1
Gemini 3.8 Flash,coordinated,670b307567eb710437409184,1,7,3,3,0
Gemini 3.8 Flash,coordinated,670c83ba4aece479236947cb,1,7,3,4,0
Gemini 3.8 Flash,coordinated,670d933ad54037c51abbe3ca,1,7,3,1,0
Gemini 3.8 Flash,coordinated,670daa682c5d078fa33fba12,1,7,3,1,0
Gemini 3.8 Flash,coordinated,670e5c2720bb63b6da63b879,3,7,3,2,2
Gemini 3.8 Flash,coordinated,670e9b885d472377f6c572a2,2,7,3,3,1
Gemini 3.8 Flash,coordinated,6710f26eaa2039046e5aea6e,3,7,3,4,0
Gemini 3.8 Flash,coordinated,6711eb4e1c08a07a8d243847,3,7,3,4,0
Gemini 3.8 Flash,coordinated,6715a17ddf8f7209e373b9b0,2,7,3,1,0
Gemini 3.8 Flash,coordinated,671699cb0b00e84566da1812,3,7,3,3,0
Gemini 3.8 Flash,coordinated,6716e894e9b87625209506ca,3,7,3,2,0
Gemini 3.8 Flash,coordinated,671702c1e5b9112a7699686f,1,7,3,1,1
Gemini 3.8 Flash,coordinated,6718487afba38eebcbc8034b,1,7,3,2,1
Gemini 3.8 Flash,coordinated,671aa91f6a8e7c23ccbf902b,2,7,3,2,0
Gemini 3.8 Flash,coordinated,671abddb40e08981d8fd796a,1,7,3,0,0
Gemini 3.8 Flash,coordinated,671ac641136758472327f851,2,7,3,1,1
Gemini 3.8 Flash,coordinated,671ad5ceed3d54e87368bc68,1,7,3,3,0
Gemini 3.8 Flash,coordinated,671bb0b0863984716ffe8850,2,7,3,4,0
Gemini 3.8 Flash,coordinated,671d9eb3355c956ce7de5a90,3,7,3,3,1
Gemini 3.8 Flash,coordinated,671dfacd16b873a455cbd5e0,1,7,3,2,0
Gemini 3.8 Flash,coordinated,671f1f88e6600c2d52d9fbe6,1,7,3,4,0
Gemini 3.8 Flash,coordinated,671f2b0ee38f776acdad8aa1,1,7,3,0,0
Gemini 3.8 Flash,coordinated,671fc9d46c5d3903234cd391,2,7,3,4,0
Gemini 3.8 Flash,coordinated,671fee575a0f70920ad3bd80,2,7,3,2,2
Gemini 3.8 Flash,coordinated,671ffad8e46fcc9dbd54ce6e,1,7,3,1,1
Gemini 3.8 Flash,coordinated,672045da452d0bd5546e11e6,2,7,3,1,0
Gemini 3.8 Flash,coordinated,6720d5455cedc02ed70dbe42,3,7,3,2,0
Gemini 3.8 Flash,coordinated,6721fbd7b5bc9936c245bb78,1,7,3,0,0
Gemini 3.8 Flash,coordinated,67232c88e22b01bfa7b8f156,2,7,3,3,0
Gemini 3.8 Flash,coordinated,6723658569bb6b9a5a4499b0,1,7,3,0,0
Gemini 3.8 Flash,coordinated,672403fa5461772b24b2e651,2,7,3,0,0
Gemini 3.8 Flash,coordinated,67240e5586f4c71a70e0b498,2,7,3,1,1
Gemini 3.8 Flash,coordinated,67240e5786f4c71a70e0b499,3,7,3,4,0
Gemini 3.8 Flash,coordinated,67242f1f911674ab1b5d904b,3,7,3,3,3
Gemini 3.8 Flash,coordinated,672433577fb5d24be68f010d,2,7,3,2,2
Gemini 3.8 Flash,coordinated,67243887a7c5f8f463109d82,2,7,3,2,1
Gemini 3.8 Flash,coordinated,672455ce7a14971607e3d9f0,2,7,3,1,1
Gemini 3.8 Flash,coordinated,6724db7012a8d5ea6a619372,3,7,3,3,3
Gemini 3.8 Flash,coordinated,6724f8b80c7d03e5a66cce57,3,7,3,3,3
Gemini 3.8 Flash,coordinated,6724ff0dea5926938a631b9e,2,7,3,4,0
Gemini 3.8 Flash,coordinated,6724ffb21d07f0962c8993cf,1,7,3,1,1
Gemini 3.8 Flash,coordinated,672507e82cc2a1349f1ffaf1,1,7,3,0,0
Gemini 3.8 Flash,coordinated,672528b1fc012fdec7fc63c8,1,7,3,0,0
Gemini 3.8 Flash,coordinated,67253c33ad98e94b47ea3477,1,7,3,2,2
Gemini 3.8 Flash,coordinated,67254a56046774791d0f1a41,2,7,3,2,2
Gemini 3.8 Flash,coordinated,67256656d246bf5d21d1377e,3,7,3,3,0
Gemini 3.8 Flash,coordinated,672572ba1b7caf96dfa80324,3,7,3,3,0
Gemini 3.8 Flash,coordinated,6725b1b58255543498bdcbd1,3,7,3,2,0
Gemini 3.8 Flash,coordinated,67260ae24ee1765ace1c8a54,3,7,3,1,0
Gemini 3.8 Flash,coordinated,672626078a65c5d33e24d92c,2,7,3,1,0
Gemini 3.8 Flash,coordinated,6726941826b7fc6a39fbe581,3,7,3,2,0
Gemini 3.8 Flash,coordinated,672b304eddf99de9738de25d,2,7,3,1,0
Gemini 3.8 Flash,coordinated,672bb2605a3e88050ba2cef8,1,7,3,3,3
Gemini 3.8 Flash,coordinated,672bb9be168a1a30f1f92fcc,2,7,3,2,0
Gemini 3.8 Flash,coordinated,672e50c6b9281732f28aa0f3,3,7,3,4,4
Gemini 3.8 Flash,coordinated,672e6e4a85ed85778c0fb28e,1,7,3,0,0
Gemini 3.8 Flash,coordinated,672ff71e724ca22f42c0ff85,1,7,3,0,0
Gemini 3.8 Flash,coordinated,6732839d5526e01108e12127,2,7,3,3,3
Gemini 3.8 Flash,coordinated,6733fca10a354898fb579c2e,1,7,3,1,0
Gemini 3.8 Flash,coordinated,6736edefe41312420acd05a0,2,7,3,0,0
Gemini 3.8 Flash,coordinated,67371f93d09c0e422ae3658b,2,7,3,2,0
Gemini 3.8 Flash,coordinated,673735aa61f20f11eb1097d2,2,7,3,3,0
Gemini 3.8 Flash,coordinated,67375e6f8b1cc52c211f95ce,3,7,3,4,0
Gemini 3.8 Flash,coordinated,673799cf4d349e2ed66792d2,3,7,3,3,0
Gemini 3.8 Flash,coordinated,67399d0163641fb0bc110db9,3,7,3,4,0
Gemini 3.8 Flash,coordinated,673a5fa4329d98c7d4b69d60,3,7,3,3,0
Gemini 3.8 Flash,coordinated,673a76559e89466aa6433f66,1,7,3,2,0
Gemini 3.8 Flash,coordinated,673fce92f7f86aa77259187a,1,7,3,3,3
Gemini 3.8 Flash,coordinated,6749b2994fd3108e46cd57d7,1,7,3,0,0
Gemini 3.8 Flash,coordinated,67672352c393c4ff629cb820,1,7,3,1,0
Gemini 3.8 Flash,coordinated,6770832c6b74a5103a07f031,1,7,3,2,0
Gemini 3.8 Flash,coordinated,677b26a903cb2e13f2c755ef,1,7,3,1,1
Gemini 3.8 Flash,coordinated,67a47e0425adc58b1e414011,1,7,3,4,0
Gemini 3.8 Flash,coordinated,67d09fd38fd17c121c0b49ad,3,7,3,4,0
Gemini 3.8 Flash,coordinated,66e884515ab37f0a7da089bf,1,10,2,0,0
Gemini 3.8 Flash,coordinated,66e88728ba7d8bc0d5806f3a,2,10,2,1,1
Gemini 3.8 Flash,coordinated,66e8d4736299517dd7a5da8c,3,10,2,6,6
Gemini 3.8 Flash,coordinated,66e906f860abc895aedcf467,3,10,2,7,0
Gemini 3.8 Flash,coordinated,66e962f814e5657e81349bfa,1,10,2,2,0
Gemini 3.8 Flash,coordinated,66e996260930c00374ceaa0b,3,10,2,8,0
Gemini 3.8 Flash,coordinated,66e9c038d2d1c2dec1f6978e,1,10,2,0,0
Gemini 3.8 Flash,coordinated,66e9fc11c19c8c61add294f0,1,10,2,5,0
Gemini 3.8 Flash,coordinated,66ea29ab7131229007ccbd9d,2,10,2,3,0
Gemini 3.8 Flash,coordinated,66eae4e351a34eec5d943952,3,10,2,5,0
Gemini 3.8 Flash,coordinated,66eafb96b082c5e6a76a49c0,1,10,2,1,0
Gemini 3.8 Flash,coordinated,66eb206f99363a31f68414bc,3,10,2,7,0
Gemini 3.8 Flash,coordinated,66ed28dfde312a049a78b3ba,3,10,2,4,0
Gemini 3.8 Flash,coordinated,66f000874b6bc4f9d21fc7fa,2,10,2,5,0
Gemini 3.8 Flash,coordinated,66f03563a291f119cd841967,1,10,2,0,0
Gemini 3.8 Flash,coordinated,66f2b236b1d41433f8a4edea,1,10,2,4,4
Gemini 3.8 Flash,coordinated,66f3117acff7b10052fe1e3d,2,10,2,6,0
Gemini 3.8 Flash,coordinated,66f42e3287046c01dba2115b,3,10,2,2,0
Gemini 3.8 Flash,coordinated,66f57e3ddc7259d8b5bb0b46,1,10,2,5,0
Gemini 3.8 Flash,coordinated,66f77487fb10531253ee7842,3,10,2,4,0
Gemini 3.8 Flash,coordinated,66f83aed0d92e99048a4ae9d,1,10,2,5,0
Gemini 3.8 Flash,coordinated,66fc2282b7609fc1d8099125,2,10,2,3,3
Gemini 3.8 Flash,coordinated,66fc5e611f5f3f3b48ae9566,1,10,2,3,0
Gemini 3.8 Flash,coordinated,66fc8f1b8a73f859d8fa1608,3,10,2,4,4
Gemini 3.8 Flash,coordinated,66fe596c0eeb4521791d31ef,3,10,2,5,0
Gemini 3.8 Flash,coordinated,66fe796bc12cbe6aeaa26e69,3,10,2,5,4
Gemini 3.8 Flash,coordinated,670010ff77983eff561814b2,1,10,2,3,3
Gemini 3.8 Flash,coordinated,6700a5676c339d61ecccb86d,1,10,2,1,1
Gemini 3.8 Flash,coordinated,67015a7f6a2b21f149f3aaba,2,10,2,3,3
Gemini 3.8 Flash,coordinated,6701de16d9e4cd1aa812414b,3,10,2,8,0
Gemini 3.8 Flash,coordinated,6704409592a84f23e5b73e95,2,10,2,6,0
Gemini 3.8 Flash,coordinated,670620323fd82754d2f4cc7c,3,10,2,7,0
Gemini 3.8 Flash,coordinated,67095af56022f900e8e76028,1,10,2,3,3
Gemini 3.8 Flash,coordinated,670b307567eb710437409184,1,10,2,3,3
Gemini 3.8 Flash,coordinated,670c83ba4aece479236947cb,1,10,2,4,0
Gemini 3.8 Flash,coordinated,670d933ad54037c51abbe3ca,1,10,2,2,0
Gemini 3.8 Flash,coordinated,670daa682c5d078fa33fba12,1,10,2,2,0
Gemini 3.8 Flash,coordinated,670e5c2720bb63b6da63b879,3,10,2,2,2
Gemini 3.8 Flash,coordinated,670e9b885d472377f6c572a2,2,10,2,4,4
Gemini 3.8 Flash,coordinated,6710f26eaa2039046e5aea6e,3,10,2,8,0
Gemini 3.8 Flash,coordinated,6711eb4e1c08a07a8d243847,3,10,2,8,0
Gemini 3.8 Flash,coordinated,6715a17ddf8f7209e373b9b0,2,10,2,6,0
Gemini 3.8 Flash,coordinated,671699cb0b00e84566da1812,3,10,2,7,0
Gemini 3.8 Flash,coordinated,6716e894e9b87625209506ca,3,10,2,6,0
Gemini 3.8 Flash,coordinated,671702c1e5b9112a7699686f,1,10,2,0,0
Gemini 3.8 Flash,coordinated,6718487afba38eebcbc8034b,1,10,2,2,0
Gemini 3.8 Flash,coordinated,671aa91f6a8e7c23ccbf902b,2,10,2,3,3
Gemini 3.8 Flash,coordinated,671abddb40e08981d8fd796a,1,10,2,0,0
Gemini 3.8 Flash,coordinated,671ac641136758472327f851,2,10,2,2,0
Gemini 3.8 Flash,coordinated,671ad5ceed3d54e87368bc68,1,10,2,4,0
Gemini 3.8 Flash,coordinated,671bb0b0863984716ffe8850,2,10,2,8,0
Gemini 3.8 Flash,coordinated,671d9eb3355c956ce7de5a90,3,10,2,2,0
Gemini 3.8 Flash,coordinated,671dfacd16b873a455cbd5e0,1,10,2,5,0
Gemini 3.8 Flash,coordinated,671f1f88e6600c2d52d9fbe6,1,10,2,1,0
Gemini 3.8 Flash,coordinated,671f2b0ee38f776acdad8aa1,1,10,2,1,1
Gemini 3.8 Flash,coordinated,671fc9d46c5d3903234cd391,2,10,2,5,0
Gemini 3.8 Flash,coordinated,671fee575a0f70920ad3bd80,2,10,2,3,3
Gemini 3.8 Flash,coordinated,671ffad8e46fcc9dbd54ce6e,1,10,2,2,2
Gemini 3.8 Flash,coordinated,672045da452d0bd5546e11e6,2,10,2,1,0
Gemini 3.8 Flash,coordinated,6720d5455cedc02ed70dbe42,3,10,2,7,0
Gemini 3.8 Flash,coordinated,6721fbd7b5bc9936c245bb78,1,10,2,0,0
Gemini 3.8 Flash,coordinated,67232c88e22b01bfa7b8f156,2,10,2,4,0
Gemini 3.8 Flash,coordinated,6723658569bb6b9a5a4499b0,1,10,2,0,0
Gemini 3.8 Flash,coordinated,672403fa5461772b24b2e651,2,10,2,1,1
Gemini 3.8 Flash,coordinated,67240e5586f4c71a70e0b498,2,10,2,6,0
Gemini 3.8 Flash,coordinated,67240e5786f4c71a70e0b499,3,10,2,7,0
Gemini 3.8 Flash,coordinated,67242f1f911674ab1b5d904b,3,10,2,8,0
Gemini 3.8 Flash,coordinated,672433577fb5d24be68f010d,2,10,2,4,0
Gemini 3.8 Flash,coordinated,67243887a7c5f8f463109d82,2,10,2,4,0
Gemini 3.8 Flash,coordinated,672455ce7a14971607e3d9f0,2,10,2,3,3
Gemini 3.8 Flash,coordinated,6724db7012a8d5ea6a619372,3,10,2,7,0
Gemini 3.8 Flash,coordinated,6724f8b80c7d03e5a66cce57,3,10,2,8,0
Gemini 3.8 Flash,coordinated,6724ff0dea5926938a631b9e,2,10,2,8,0
Gemini 3.8 Flash,coordinated,6724ffb21d07f0962c8993cf,1,10,2,2,2
Gemini 3.8 Flash,coordinated,672507e82cc2a1349f1ffaf1,1,10,2,1,1
Gemini 3.8 Flash,coordinated,672528b1fc012fdec7fc63c8,1,10,2,2,0
Gemini 3.8 Flash,coordinated,67253c33ad98e94b47ea3477,1,10,2,3,3
Gemini 3.8 Flash,coordinated,67254a56046774791d0f1a41,2,10,2,6,6
Gemini 3.8 Flash,coordinated,67256656d246bf5d21d1377e,3,10,2,7,0
Gemini 3.8 Flash,coordinated,672572ba1b7caf96dfa80324,3,10,2,7,0
Gemini 3.8 Flash,coordinated,6725b1b58255543498bdcbd1,3,10,2,4,0
Gemini 3.8 Flash,coordinated,67260ae24ee1765ace1c8a54,3,10,2,0,0
Gemini 3.8 Flash,coordinated,672626078a65c5d33e24d92c,2,10,2,2,0
Gemini 3.8 Flash,coordinated,6726941826b7fc6a39fbe581,3,10,2,5,5
Gemini 3.8 Flash,coordinated,672b304eddf99de9738de25d,2,10,2,6,0
Gemini 3.8 Flash,coordinated,672bb2605a3e88050ba2cef8,1,10,2,1,1
Gemini 3.8 Flash,coordinated,672bb9be168a1a30f1f92fcc,2,10,2,7,0
Gemini 3.8 Flash,coordinated,672e50c6b9281732f28aa0f3,3,10,2,7,0
Gemini 3.8 Flash,coordinated,672e6e4a85ed85778c0fb28e,1,10,2,0,0
Gemini 3.8 Flash,coordinated,672ff71e724ca22f42c0ff85,1,10,2,1,1
Gemini 3.8 Flash,coordinated,6732839d5526e01108e12127,2,10,2,6,0
Gemini 3.8 Flash,coordinated,6733fca10a354898fb579c2e,1,10,2,2,2
Gemini 3.8 Flash,coordinated,6736edefe41312420acd05a0,2,10,2,5,0
Gemini 3.8 Flash,coordinated,67371f93d09c0e422ae3658b,2,10,2,4,0
Gemini 3.8 Flash,coordinated,673735aa61f20f11eb1097d2,2,10,2,8,0
Gemini 3.8 Flash,coordinated,67375e6f8b1cc52c211f95ce,3,10,2,6,1
Gemini 3.8 Flash,coordinated,673799cf4d349e2ed66792d2,3,10,2,6,0
Gemini 3.8 Flash,coordinated,67399d0163641fb0bc110db9,3,10,2,7,0
Gemini 3.8 Flash,coordinated,673a5fa4329d98c7d4b69d60,3,10,2,7,0
Gemini 3.8 Flash,coordinated,673a76559e89466aa6433f66,1,10,2,2,0
Gemini 3.8 Flash,coordinated,673fce92f7f86aa77259187a,1,10,2,2,0
Gemini 3.8 Flash,coordinated,6749b2994fd3108e46cd57d7,1,10,2,1,0
Gemini 3.8 Flash,coordinated,67672352c393c4ff629cb820,1,10,2,1,1
Gemini 3.8 Flash,coordinated,6770832c6b74a5103a07f031,1,10,2,1,0
Gemini 3.8 Flash,coordinated,677b26a903cb2e13f2c755ef,1,10,2,3,3
Gemini 3.8 Flash,coordinated,67a47e0425adc58b1e414011,1,10,2,5,0
Gemini 3.8 Flash,coordinated,67d09fd38fd17c121c0b49ad,3,10,2,8,0
Gemini 3.8 Flash,coordinated,66e884515ab37f0a7da089bf,1,12,4,0,0
Gemini 3.8 Flash,coordinated,66e88728ba7d8bc0d5806f3a,2,12,4,1,0
Gemini 3.8 Flash,coordinated,66e8d4736299517dd7a5da8c,3,12,4,5,5
Gemini 3.8 Flash,coordinated,66e906f860abc895aedcf467,3,12,4,4,0
Gemini 3.8 Flash,coordinated,66e962f814e5657e81349bfa,1,12,4,1,0
Gemini 3.8 Flash,coordinated,66e996260930c00374ceaa0b,3,12,4,8,0
Gemini 3.8 Flash,coordinated,66e9c038d2d1c2dec1f6978e,1,12,4,2,2
Gemini 3.8 Flash,coordinated,66e9fc11c19c8c61add294f0,1,12,4,2,0
Gemini 3.8 Flash,coordinated,66ea29ab7131229007ccbd9d,2,12,4,3,0
Gemini 3.8 Flash,coordinated,66eae4e351a34eec5d943952,3,12,4,4,0
Gemini 3.8 Flash,coordinated,66eafb96b082c5e6a76a49c0,1,12,4,0,0
Gemini 3.8 Flash,coordinated,66eb206f99363a31f68414bc,3,12,4,8,0
Gemini 3.8 Flash,coordinated,66ed28dfde312a049a78b3ba,3,12,4,5,0
Gemini 3.8 Flash,coordinated,66f000874b6bc4f9d21fc7fa,2,12,4,2,2
Gemini 3.8 Flash,coordinated,66f03563a291f119cd841967,1,12,4,0,0
Gemini 3.8 Flash,coordinated,66f2b236b1d41433f8a4edea,1,12,4,4,4
Gemini 3.8 Flash,coordinated,66f3117acff7b10052fe1e3d,2,12,4,7,0
Gemini 3.8 Flash,coordinated,66f42e3287046c01dba2115b,3,12,4,2,0
Gemini 3.8 Flash,coordinated,66f57e3ddc7259d8b5bb0b46,1,12,4,6,0
Gemini 3.8 Flash,coordinated,66f77487fb10531253ee7842,3,12,4,5,0
Gemini 3.8 Flash,coordinated,66f83aed0d92e99048a4ae9d,1,12,4,5,0
Gemini 3.8 Flash,coordinated,66fc2282b7609fc1d8099125,2,12,4,4,4
Gemini 3.8 Flash,coordinated,66fc5e611f5f3f3b48ae9566,1,12,4,2,2
Gemini 3.8 Flash,coordinated,66fc8f1b8a73f859d8fa1608,3,12,4,1,1
Gemini 3.8 Flash,coordinated,66fe596c0eeb4521791d31ef,3,12,4,2,2
Gemini 3.8 Flash,coordinated,66fe796bc12cbe6aeaa26e69,3,12,4,5,0
Gemini 3.8 Flash,coordinated,670010ff77983eff561814b2,1,12,4,1,1
Gemini 3.8 Flash,coordinated,6700a5676c339d61ecccb86d,1,12,4,1,0
Gemini 3.8 Flash,coordinated,67015a7f6a2b21f149f3aaba,2,12,4,0,0
Gemini 3.8 Flash,coordinated,6701de16d9e4cd1aa812414b,3,12,4,8,0
Gemini 3.8 Flash,coordinated,6704409592a84f23e5b73e95,2,12,4,7,0
Gemini 3.8 Flash,coordinated,670620323fd82754d2f4cc7c,3,12,4,8,0
Gemini 3.8 Flash,coordinated,67095af56022f900e8e76028,1,12,4,6,0
Gemini 3.8 Flash,coordinated,670b307567eb710437409184,1,12,4,3,3
Gemini 3.8 Flash,coordinated,670c83ba4aece479236947cb,1,12,4,3,0
Gemini 3.8 Flash,coordinated,670d933ad54037c51abbe3ca,1,12,4,4,0
Gemini 3.8 Flash,coordinated,670daa682c5d078fa33fba12,1,12,4,1,1
Gemini 3.8 Flash,coordinated,670e5c2720bb63b6da63b879,3,12,4,6,0
Gemini 3.8 Flash,coordinated,670e9b885d472377f6c572a2,2,12,4,5,0
Gemini 3.8 Flash,coordinated,6710f26eaa2039046e5aea6e,3,12,4,7,0
Gemini 3.8 Flash,coordinated,6711eb4e1c08a07a8d243847,3,12,4,8,0
Gemini 3.8 Flash,coordinated,6715a17ddf8f7209e373b9b0,2,12,4,4,0
Gemini 3.8 Flash,coordinated,671699cb0b00e84566da1812,3,12,4,7,0
Gemini 3.8 Flash,coordinated,6716e894e9b87625209506ca,3,12,4,7,0
Gemini 3.8 Flash,coordinated,671702c1e5b9112a7699686f,1,12,4,0,0
Gemini 3.8 Flash,coordinated,6718487afba38eebcbc8034b,1,12,4,1,0
Gemini 3.8 Flash,coordinated,671aa91f6a8e7c23ccbf902b,2,12,4,4,3
Gemini 3.8 Flash,coordinated,671abddb40e08981d8fd796a,1,12,4,2,2
Gemini 3.8 Flash,coordinated,671ac641136758472327f851,2,12,4,1,1
Gemini 3.8 Flash,coordinated,671ad5ceed3d54e87368bc68,1,12,4,7,0
Gemini 3.8 Flash,coordinated,671bb0b0863984716ffe8850,2,12,4,7,0
Gemini 3.8 Flash,coordinated,671d9eb3355c956ce7de5a90,3,12,4,2,2
Gemini 3.8 Flash,coordinated,671dfacd16b873a455cbd5e0,1,12,4,7,0
Gemini 3.8 Flash,coordinated,671f1f88e6600c2d52d9fbe6,1,12,4,3,3
Gemini 3.8 Flash,coordinated,671f2b0ee38f776acdad8aa1,1,12,4,1,1
Gemini 3.8 Flash,coordinated,671fc9d46c5d3903234cd391,2,12,4,7,0
Gemini 3.8 Flash,coordinated,671fee575a0f70920ad3bd80,2,12,4,4,0
Gemini 3.8 Flash,coordinated,671ffad8e46fcc9dbd54ce6e,1,12,4,0,0
Gemini 3.8 Flash,coordinated,672045da452d0bd5546e11e6,2,12,4,1,0
Gemini 3.8 Flash,coordinated,6720d5455cedc02ed70dbe42,3,12,4,7,0
Gemini 3.8 Flash,coordinated,6721fbd7b5bc9936c245bb78,1,12,4,0,0
Gemini 3.8 Flash,coordinated,67232c88e22b01bfa7b8f156,2,12,4,5,0
Gemini 3.8 Flash,coordinated,6723658569bb6b9a5a4499b0,1,12,4,1,0
Gemini 3.8 Flash,coordinated,672403fa5461772b24b2e651,2,12,4,1,1
Gemini 3.8 Flash,coordinated,67240e5586f4c71a70e0b498,2,12,4,3,3
Gemini 3.8 Flash,coordinated,67240e5786f4c71a70e0b499,3,12,4,8,0
Gemini 3.8 Flash,coordinated,67242f1f911674ab1b5d904b,3,12,4,6,0
Gemini 3.8 Flash,coordinated,672433577fb5d24be68f010d,2,12,4,2,0
Gemini 3.8 Flash,coordinated,67243887a7c5f8f463109d82,2,12,4,5,0
Gemini 3.8 Flash,coordinated,672455ce7a14971607e3d9f0,2,12,4,2,2
Gemini 3.8 Flash,coordinated,6724db7012a8d5ea6a619372,3,12,4,5,0
Gemini 3.8 Flash,coordinated,6724f8b80c7d03e5a66cce57,3,12,4,7,0
Gemini 3.8 Flash,coordinated,6724ff0dea5926938a631b9e,2,12,4,8,0
Gemini 3.8 Flash,coordinated,6724ffb21d07f0962c8993cf,1,12,4,2,2
Gemini 3.8 Flash,coordinated,672507e82cc2a1349f1ffaf1,1,12,4,1,1
Gemini 3.8 Flash,coordinated,672528b1fc012fdec7fc63c8,1,12,4,0,0
Gemini 3.8 Flash,coordinated,67253c33ad98e94b47ea3477,1,12,4,2,2
Gemini 3.8 Flash,coordinated,67254a56046774791d0f1a41,2,12,4,4,4
Gemini 3.8 Flash,coordinated,67256656d246bf5d21d1377e,3,12,4,6,0
Gemini 3.8 Flash,coordinated,672572ba1b7caf96dfa80324,3,12,4,6,0
Gemini 3.8 Flash,coordinated,6725b1b58255543498bdcbd1,3,12,4,1,0
Gemini 3.8 Flash,coordinated,67260ae24ee1765ace1c8a54,3,12,4,2,1
Gemini 3.8 Flash,coordinated,672626078a65c5d33e24d92c,2,12,4,3,0
Gemini 3.8 Flash,coordinated,6726941826b7fc6a39fbe581,3,12,4,2,2
Gemini 3.8 Flash,coordinated,672b304eddf99de9738de25d,2,12,4,6,0
Gemini 3.8 Flash,coordinated,672bb2605a3e88050ba2cef8,1,12,4,3,3
Gemini 3.8 Flash,coordinated,672bb9be168a1a30f1f92fcc,2,12,4,6,0
Gemini 3.8 Flash,coordinated,672e50c6b9281732f28aa0f3,3,12,4,4,0
Gemini 3.8 Flash,coordinated,672e6e4a85ed85778c0fb28e,1,12,4,0,0
Gemini 3.8 Flash,coordinated,672ff71e724ca22f42c0ff85,1,12,4,2,2
Gemini 3.8 Flash,coordinated,6732839d5526e01108e12127,2,12,4,5,0
Gemini 3.8 Flash,coordinated,6733fca10a354898fb579c2e,1,12,4,4,4
Gemini 3.8 Flash,coordinated,6736edefe41312420acd05a0,2,12,4,4,0
Gemini 3.8 Flash,coordinated,67371f93d09c0e422ae3658b,2,12,4,6,0
Gemini 3.8 Flash,coordinated,673735aa61f20f11eb1097d2,2,12,4,8,0
Gemini 3.8 Flash,coordinated,67375e6f8b1cc52c211f95ce,3,12,4,6,0
Gemini 3.8 Flash,coordinated,673799cf4d349e2ed66792d2,3,12,4,6,0
Gemini 3.8 Flash,coordinated,67399d0163641fb0bc110db9,3,12,4,6,0
Gemini 3.8 Flash,coordinated,673a5fa4329d98c7d4b69d60,3,12,4,7,0
Gemini 3.8 Flash,coordinated,673a76559e89466aa6433f66,1,12,4,2,2
Gemini 3.8 Flash,coordinated,673fce92f7f86aa77259187a,1,12,4,1,1
Gemini 3.8 Flash,coordinated,6749b2994fd3108e46cd57d7,1,12,4,1,0
Gemini 3.8 Flash,coordinated,67672352c393c4ff629cb820,1,12,4,0,0
Gemini 3.8 Flash,coordinated,6770832c6b74a5103a07f031,1,12,4,2,0
Gemini 3.8 Flash,coordinated,677b26a903cb2e13f2c755ef,1,12,4,0,0
Gemini 3.8 Flash,coordinated,67a47e0425adc58b1e414011,1,12,4,6,0
Gemini 3.8 Flash,coordinated,67d09fd38fd17c121c0b49ad,3,12,4,7,0
Gemini 3.8 Flash,coordinated,66e884515ab37f0a7da089bf,1,14,6,0,0
Gemini 3.8 Flash,coordinated,66e88728ba7d8bc0d5806f3a,2,14,6,1,1
Gemini 3.8 Flash,coordinated,66e8d4736299517dd7a5da8c,3,14,6,3,3
Gemini 3.8 Flash,coordinated,66e906f860abc895aedcf467,3,14,6,6,0
Gemini 3.8 Flash,coordinated,66e962f814e5657e81349bfa,1,14,6,0,0
Gemini 3.8 Flash,coordinated,66e996260930c00374ceaa0b,3,14,6,8,0
Gemini 3.8 Flash,coordinated,66e9c038d2d1c2dec1f6978e,1,14,6,0,0
Gemini 3.8 Flash,coordinated,66e9fc11c19c8c61add294f0,1,14,6,2,2
Gemini 3.8 Flash,coordinated,66ea29ab7131229007ccbd9d,2,14,6,2,2
Gemini 3.8 Flash,coordinated,66eae4e351a34eec5d943952,3,14,6,2,0
Gemini 3.8 Flash,coordinated,66eafb96b082c5e6a76a49c0,1,14,6,1,1
Gemini 3.8 Flash,coordinated,66eb206f99363a31f68414bc,3,14,6,8,0
Gemini 3.8 Flash,coordinated,66ed28dfde312a049a78b3ba,3,14,6,1,1
Gemini 3.8 Flash,coordinated,66f000874b6bc4f9d21fc7fa,2,14,6,6,0
Gemini 3.8 Flash,coordinated,66f03563a291f119cd841967,1,14,6,1,1
Gemini 3.8 Flash,coordinated,66f2b236b1d41433f8a4edea,1,14,6,2,2
Gemini 3.8 Flash,coordinated,66f3117acff7b10052fe1e3d,2,14,6,4,0
Gemini 3.8 Flash,coordinated,66f42e3287046c01dba2115b,3,14,6,2,2
Gemini 3.8 Flash,coordinated,66f57e3ddc7259d8b5bb0b46,1,14,6,7,0
Gemini 3.8 Flash,coordinated,66f77487fb10531253ee7842,3,14,6,5,5
Gemini 3.8 Flash,coordinated,66f83aed0d92e99048a4ae9d,1,14,6,5,0
Gemini 3.8 Flash,coordinated,66fc2282b7609fc1d8099125,2,14,6,2,2
Gemini 3.8 Flash,coordinated,66fc5e611f5f3f3b48ae9566,1,14,6,3,0
Gemini 3.8 Flash,coordinated,66fc8f1b8a73f859d8fa1608,3,14,6,6,0
Gemini 3.8 Flash,coordinated,66fe596c0eeb4521791d31ef,3,14,6,3,3
Gemini 3.8 Flash,coordinated,66fe796bc12cbe6aeaa26e69,3,14,6,5,4
Gemini 3.8 Flash,coordinated,670010ff77983eff561814b2,1,14,6,0,0
Gemini 3.8 Flash,coordinated,6700a5676c339d61ecccb86d,1,14,6,3,0
Gemini 3.8 Flash,coordinated,67015a7f6a2b21f149f3aaba,2,14,6,0,0
Gemini 3.8 Flash,coordinated,6701de16d9e4cd1aa812414b,3,14,6,7,0
Gemini 3.8 Flash,coordinated,6704409592a84f23e5b73e95,2,14,6,3,0
Gemini 3.8 Flash,coordinated,670620323fd82754d2f4cc7c,3,14,6,7,0
Gemini 3.8 Flash,coordinated,67095af56022f900e8e76028,1,14,6,5,0
Gemini 3.8 Flash,coordinated,670b307567eb710437409184,1,14,6,3,3
Gemini 3.8 Flash,coordinated,670c83ba4aece479236947cb,1,14,6,4,0
Gemini 3.8 Flash,coordinated,670d933ad54037c51abbe3ca,1,14,6,5,0
Gemini 3.8 Flash,coordinated,670daa682c5d078fa33fba12,1,14,6,4,0
Gemini 3.8 Flash,coordinated,670e5c2720bb63b6da63b879,3,14,6,3,3
Gemini 3.8 Flash,coordinated,670e9b885d472377f6c572a2,2,14,6,6,0
Gemini 3.8 Flash,coordinated,6710f26eaa2039046e5aea6e,3,14,6,5,0
Gemini 3.8 Flash,coordinated,6711eb4e1c08a07a8d243847,3,14,6,8,0
Gemini 3.8 Flash,coordinated,6715a17ddf8f7209e373b9b0,2,14,6,1,1
Gemini 3.8 Flash,coordinated,671699cb0b00e84566da1812,3,14,6,8,0
Gemini 3.8 Flash,coordinated,6716e894e9b87625209506ca,3,14,6,6,0
Gemini 3.8 Flash,coordinated,671702c1e5b9112a7699686f,1,14,6,1,1
Gemini 3.8 Flash,coordinated,6718487afba38eebcbc8034b,1,14,6,1,0
Gemini 3.8 Flash,coordinated,671aa91f6a8e7c23ccbf902b,2,14,6,3,3
Gemini 3.8 Flash,coordinated,671abddb40e08981d8fd796a,1,14,6,0,0
Gemini 3.8 Flash,coordinated,671ac641136758472327f851,2,14,6,1,1
Gemini 3.8 Flash,coordinated,671ad5ceed3d54e87368bc68,1,14,6,2,0
Gemini 3.8 Flash,coordinated,671bb0b0863984716ffe8850,2,14,6,7,0
Gemini 3.8 Flash,coordinated,671d9eb3355c956ce7de5a90,3,14,6,3,0
Gemini 3.8 Flash,coordinated,671dfacd16b873a455cbd5e0,1,14,6,7,0
Gemini 3.8 Flash,coordinated,671f1f88e6600c2d52d9fbe6,1,14,6,0,0
Gemini 3.8 Flash,coordinated,671f2b0ee38f776acdad8aa1,1,14,6,0,0
Gemini 3.8 Flash,coordinated,671fc9d46c5d3903234cd391,2,14,6,6,0
Gemini 3.8 Flash,coordinated,671fee575a0f70920ad3bd80,2,14,6,4,4
Gemini 3.8 Flash,coordinated,671ffad8e46fcc9dbd54ce6e,1,14,6,6,6
Gemini 3.8 Flash,coordinated,672045da452d0bd5546e11e6,2,14,6,3,0
Gemini 3.8 Flash,coordinated,6720d5455cedc02ed70dbe42,3,14,6,7,0
Gemini 3.8 Flash,coordinated,6721fbd7b5bc9936c245bb78,1,14,6,3,0
Gemini 3.8 Flash,coordinated,67232c88e22b01bfa7b8f156,2,14,6,4,0
Gemini 3.8 Flash,coordinated,6723658569bb6b9a5a4499b0,1,14,6,1,0
Gemini 3.8 Flash,coordinated,672403fa5461772b24b2e651,2,14,6,1,1
Gemini 3.8 Flash,coordinated,67240e5586f4c71a70e0b498,2,14,6,4,4
Gemini 3.8 Flash,coordinated,67240e5786f4c71a70e0b499,3,14,6,7,0
Gemini 3.8 Flash,coordinated,67242f1f911674ab1b5d904b,3,14,6,7,0
Gemini 3.8 Flash,coordinated,672433577fb5d24be68f010d,2,14,6,6,0
Gemini 3.8 Flash,coordinated,67243887a7c5f8f463109d82,2,14,6,7,1
Gemini 3.8 Flash,coordinated,672455ce7a14971607e3d9f0,2,14,6,0,0
Gemini 3.8 Flash,coordinated,6724db7012a8d5ea6a619372,3,14,6,7,0
Gemini 3.8 Flash,coordinated,6724f8b80c7d03e5a66cce57,3,14,6,5,5
Gemini 3.8 Flash,coordinated,6724ff0dea5926938a631b9e,2,14,6,4,0
Gemini 3.8 Flash,coordinated,6724ffb21d07f0962c8993cf,1,14,6,1,1
Gemini 3.8 Flash,coordinated,672507e82cc2a1349f1ffaf1,1,14,6,0,0
Gemini 3.8 Flash,coordinated,672528b1fc012fdec7fc63c8,1,14,6,1,1
Gemini 3.8 Flash,coordinated,67253c33ad98e94b47ea3477,1,14,6,4,4
Gemini 3.8 Flash,coordinated,67254a56046774791d0f1a41,2,14,6,6,6
Gemini 3.8 Flash,coordinated,67256656d246bf5d21d1377e,3,14,6,7,0
Gemini 3.8 Flash,coordinated,672572ba1b7caf96dfa80324,3,14,6,8,0
Gemini 3.8 Flash,coordinated,6725b1b58255543498bdcbd1,3,14,6,1,0
Gemini 3.8 Flash,coordinated,67260ae24ee1765ace1c8a54,3,14,6,5,4
Gemini 3.8 Flash,coordinated,672626078a65c5d33e24d92c,2,14,6,2,0
Gemini 3.8 Flash,coordinated,6726941826b7fc6a39fbe581,3,14,6,3,3
Gemini 3.8 Flash,coordinated,672b304eddf99de9738de25d,2,14,6,7,0
Gemini 3.8 Flash,coordinated,672bb2605a3e88050ba2cef8,1,14,6,5,5
Gemini 3.8 Flash,coordinated,672bb9be168a1a30f1f92fcc,2,14,6,6,0
Gemini 3.8 Flash,coordinated,672e50c6b9281732f28aa0f3,3,14,6,6,6
Gemini 3.8 Flash,coordinated,672e6e4a85ed85778c0fb28e,1,14,6,0,0
Gemini 3.8 Flash,coordinated,672ff71e724ca22f42c0ff85,1,14,6,1,1
Gemini 3.8 Flash,coordinated,6732839d5526e01108e12127,2,14,6,4,0
Gemini 3.8 Flash,coordinated,6733fca10a354898fb579c2e,1,14,6,2,2
Gemini 3.8 Flash,coordinated,6736edefe41312420acd05a0,2,14,6,2,0
Gemini 3.8 Flash,coordinated,67371f93d09c0e422ae3658b,2,14,6,4,0
Gemini 3.8 Flash,coordinated,673735aa61f20f11eb1097d2,2,14,6,5,0
Gemini 3.8 Flash,coordinated,67375e6f8b1cc52c211f95ce,3,14,6,7,0
Gemini 3.8 Flash,coordinated,673799cf4d349e2ed66792d2,3,14,6,5,0
Gemini 3.8 Flash,coordinated,67399d0163641fb0bc110db9,3,14,6,6,0
Gemini 3.8 Flash,coordinated,673a5fa4329d98c7d4b69d60,3,14,6,8,0
Gemini 3.8 Flash,coordinated,673a76559e89466aa6433f66,1,14,6,4,4
Gemini 3.8 Flash,coordinated,673fce92f7f86aa77259187a,1,14,6,2,2
Gemini 3.8 Flash,coordinated,6749b2994fd3108e46cd57d7,1,14,6,0,0
Gemini 3.8 Flash,coordinated,67672352c393c4ff629cb820,1,14,6,0,0
Gemini 3.8 Flash,coordinated,6770832c6b74a5103a07f031,1,14,6,4,0
Gemini 3.8 Flash,coordinated,677b26a903cb2e13f2c755ef,1,14,6,0,0
Gemini 3.8 Flash,coordinated,67a47e0425adc58b1e414011,1,14,6,6,0
Gemini 3.8 Flash,coordinated,67d09fd38fd17c121c0b49ad,3,14,6,8,0
Gemini 3.8 Flash,coordinated,66e884515ab37f0a7da089bf,1,15,3,1,1
Gemini 3.8 Flash,coordinated,66e88728ba7d8bc0d5806f3a,2,15,3,3,0
Gemini 3.8 Flash,coordinated,66e8d4736299517dd7a5da8c,3,15,3,9,9
Gemini 3.8 Flash,coordinated,66e906f860abc895aedcf467,3,15,3,6,0
Gemini 3.8 Flash,coordinated,66e962f814e5657e81349bfa,1,15,3,3,0
Gemini 3.8 Flash,coordinated,66e996260930c00374ceaa0b,3,15,3,12,0
Gemini 3.8 Flash,coordinated,66e9c038d2d1c2dec1f6978e,1,15,3,2,2
Gemini 3.8 Flash,coordinated,66e9fc11c19c8c61add294f0,1,15,3,2,2
Gemini 3.8 Flash,coordinated,66ea29ab7131229007ccbd9d,2,15,3,6,0
Gemini 3.8 Flash,coordinated,66eae4e351a34eec5d943952,3,15,3,6,0
Gemini 3.8 Flash,coordinated,66eafb96b082c5e6a76a49c0,1,15,3,1,1
Gemini 3.8 Flash,coordinated,66eb206f99363a31f68414bc,3,15,3,10,0
Gemini 3.8 Flash,coordinated,66ed28dfde312a049a78b3ba,3,15,3,5,0
Gemini 3.8 Flash,coordinated,66f000874b6bc4f9d21fc7fa,2,15,3,3,3
Gemini 3.8 Flash,coordinated,66f03563a291f119cd841967,1,15,3,0,0
Gemini 3.8 Flash,coordinated,66f2b236b1d41433f8a4edea,1,15,3,3,3
Gemini 3.8 Flash,coordinated,66f3117acff7b10052fe1e3d,2,15,3,6,0
Gemini 3.8 Flash,coordinated,66f42e3287046c01dba2115b,3,15,3,2,2
Gemini 3.8 Flash,coordinated,66f57e3ddc7259d8b5bb0b46,1,15,3,11,0
Gemini 3.8 Flash,coordinated,66f77487fb10531253ee7842,3,15,3,8,0
Gemini 3.8 Flash,coordinated,66f83aed0d92e99048a4ae9d,1,15,3,9,0
Gemini 3.8 Flash,coordinated,66fc2282b7609fc1d8099125,2,15,3,3,3
Gemini 3.8 Flash,coordinated,66fc5e611f5f3f3b48ae9566,1,15,3,6,0
Gemini 3.8 Flash,coordinated,66fc8f1b8a73f859d8fa1608,3,15,3,4,4
Gemini 3.8 Flash,coordinated,66fe596c0eeb4521791d31ef,3,15,3,8,0
Gemini 3.8 Flash,coordinated,66fe796bc12cbe6aeaa26e69,3,15,3,6,6
Gemini 3.8 Flash,coordinated,670010ff77983eff561814b2,1,15,3,3,3
Gemini 3.8 Flash,coordinated,6700a5676c339d61ecccb86d,1,15,3,2,0
Gemini 3.8 Flash,coordinated,67015a7f6a2b21f149f3aaba,2,15,3,2,2
Gemini 3.8 Flash,coordinated,6701de16d9e4cd1aa812414b,3,15,3,11,0
Gemini 3.8 Flash,coordinated,6704409592a84f23e5b73e95,2,15,3,8,0
Gemini 3.8 Flash,coordinated,670620323fd82754d2f4cc7c,3,15,3,10,0
Gemini 3.8 Flash,coordinated,67095af56022f900e8e76028,1,15,3,5,0
Gemini 3.8 Flash,coordinated,670b307567eb710437409184,1,15,3,1,1
Gemini 3.8 Flash,coordinated,670c83ba4aece479236947cb,1,15,3,9,0
Gemini 3.8 Flash,coordinated,670d933ad54037c51abbe3ca,1,15,3,3,0
Gemini 3.8 Flash,coordinated,670daa682c5d078fa33fba12,1,15,3,5,0
Gemini 3.8 Flash,coordinated,670e5c2720bb63b6da63b879,3,15,3,9,0
Gemini 3.8 Flash,coordinated,670e9b885d472377f6c572a2,2,15,3,10,1
Gemini 3.8 Flash,coordinated,6710f26eaa2039046e5aea6e,3,15,3,11,0
Gemini 3.8 Flash,coordinated,6711eb4e1c08a07a8d243847,3,15,3,12,0
Gemini 3.8 Flash,coordinated,6715a17ddf8f7209e373b9b0,2,15,3,4,0
Gemini 3.8 Flash,coordinated,671699cb0b00e84566da1812,3,15,3,9,0
Gemini 3.8 Flash,coordinated,6716e894e9b87625209506ca,3,15,3,10,0
Gemini 3.8 Flash,coordinated,671702c1e5b9112a7699686f,1,15,3,0,0
Gemini 3.8 Flash,coordinated,6718487afba38eebcbc8034b,1,15,3,1,1
Gemini 3.8 Flash,coordinated,671aa91f6a8e7c23ccbf902b,2,15,3,7,7
Gemini 3.8 Flash,coordinated,671abddb40e08981d8fd796a,1,15,3,1,1
Gemini 3.8 Flash,coordinated,671ac641136758472327f851,2,15,3,0,0
Gemini 3.8 Flash,coordinated,671ad5ceed3d54e87368bc68,1,15,3,7,0
Gemini 3.8 Flash,coordinated,671bb0b0863984716ffe8850,2,15,3,11,0
Gemini 3.8 Flash,coordinated,671d9eb3355c956ce7de5a90,3,15,3,3,3
Gemini 3.8 Flash,coordinated,671dfacd16b873a455cbd5e0,1,15,3,10,0
Gemini 3.8 Flash,coordinated,671f1f88e6600c2d52d9fbe6,1,15,3,4,0
Gemini 3.8 Flash,coordinated,671f2b0ee38f776acdad8aa1,1,15,3,3,3
Gemini 3.8 Flash,coordinated,671fc9d46c5d3903234cd391,2,15,3,8,0
Gemini 3.8 Flash,coordinated,671fee575a0f70920ad3bd80,2,15,3,8,0
Gemini 3.8 Flash,coordinated,671ffad8e46fcc9dbd54ce6e,1,15,3,5,5
Gemini 3.8 Flash,coordinated,672045da452d0bd5546e11e6,2,15,3,2,0
Gemini 3.8 Flash,coordinated,6720d5455cedc02ed70dbe42,3,15,3,10,0
Gemini 3.8 Flash,coordinated,6721fbd7b5bc9936c245bb78,1,15,3,2,0
Gemini 3.8 Flash,coordinated,67232c88e22b01bfa7b8f156,2,15,3,11,0
Gemini 3.8 Flash,coordinated,6723658569bb6b9a5a4499b0,1,15,3,0,0
Gemini 3.8 Flash,coordinated,672403fa5461772b24b2e651,2,15,3,2,2
Gemini 3.8 Flash,coordinated,67240e5586f4c71a70e0b498,2,15,3,4,4
Gemini 3.8 Flash,coordinated,67240e5786f4c71a70e0b499,3,15,3,11,0
Gemini 3.8 Flash,coordinated,67242f1f911674ab1b5d904b,3,15,3,9,0
Gemini 3.8 Flash,coordinated,672433577fb5d24be68f010d,2,15,3,8,0
Gemini 3.8 Flash,coordinated,67243887a7c5f8f463109d82,2,15,3,5,0
Gemini 3.8 Flash,coordinated,672455ce7a14971607e3d9f0,2,15,3,5,5
Gemini 3.8 Flash,coordinated,6724db7012a8d5ea6a619372,3,15,3,9,0
Gemini 3.8 Flash,coordinated,6724f8b80c7d03e5a66cce57,3,15,3,6,6
Gemini 3.8 Flash,coordinated,6724ff0dea5926938a631b9e,2,15,3,10,0
Gemini 3.8 Flash,coordinated,6724ffb21d07f0962c8993cf,1,15,3,2,2
Gemini 3.8 Flash,coordinated,672507e82cc2a1349f1ffaf1,1,15,3,0,0
Gemini 3.8 Flash,coordinated,672528b1fc012fdec7fc63c8,1,15,3,4,0
Gemini 3.8 Flash,coordinated,67253c33ad98e94b47ea3477,1,15,3,4,4
Gemini 3.8 Flash,coordinated,67254a56046774791d0f1a41,2,15,3,9,9
Gemini 3.8 Flash,coordinated,67256656d246bf5d21d1377e,3,15,3,11,0
Gemini 3.8 Flash,coordinated,672572ba1b7caf96dfa80324,3,15,3,11,0
Gemini 3.8 Flash,coordinated,6725b1b58255543498bdcbd1,3,15,3,9,0
Gemini 3.8 Flash,coordinated,67260ae24ee1765ace1c8a54,3,15,3,4,3
Gemini 3.8 Flash,coordinated,672626078a65c5d33e24d92c,2,15,3,4,0
Gemini 3.8 Flash,coordinated,6726941826b7fc6a39fbe581,3,15,3,7,7
Gemini 3.8 Flash,coordinated,672b304eddf99de9738de25d,2,15,3,10,0
Gemini 3.8 Flash,coordinated,672bb2605a3e88050ba2cef8,1,15,3,3,3
Gemini 3.8 Flash,coordinated,672bb9be168a1a30f1f92fcc,2,15,3,10,3
Gemini 3.8 Flash,coordinated,672e50c6b9281732f28aa0f3,3,15,3,8,0
Gemini 3.8 Flash,coordinated,672e6e4a85ed85778c0fb28e,1,15,3,1,1
Gemini 3.8 Flash,coordinated,672ff71e724ca22f42c0ff85,1,15,3,3,3
Gemini 3.8 Flash,coordinated,6732839d5526e01108e12127,2,15,3,10,0
Gemini 3.8 Flash,coordinated,6733fca10a354898fb579c2e,1,15,3,5,5
Gemini 3.8 Flash,coordinated,6736edefe41312420acd05a0,2,15,3,5,0
Gemini 3.8 Flash,coordinated,67371f93d09c0e422ae3658b,2,15,3,7,0
Gemini 3.8 Flash,coordinated,673735aa61f20f11eb1097d2,2,15,3,9,0
Gemini 3.8 Flash,coordinated,67375e6f8b1cc52c211f95ce,3,15,3,11,1
Gemini 3.8 Flash,coordinated,673799cf4d349e2ed66792d2,3,15,3,10,0
Gemini 3.8 Flash,coordinated,67399d0163641fb0bc110db9,3,15,3,12,0
Gemini 3.8 Flash,coordinated,673a5fa4329d98c7d4b69d60,3,15,3,11,0
Gemini 3.8 Flash,coordinated,673a76559e89466aa6433f66,1,15,3,7,0
Gemini 3.8 Flash,coordinated,673fce92f7f86aa77259187a,1,15,3,4,4
Gemini 3.8 Flash,coordinated,6749b2994fd3108e46cd57d7,1,15,3,3,0
Gemini 3.8 Flash,coordinated,67672352c393c4ff629cb820,1,15,3,2,2
Gemini 3.8 Flash,coordinated,6770832c6b74a5103a07f031,1,15,3,5,0
Gemini 3.8 Flash,coordinated,677b26a903cb2e13f2c755ef,1,15,3,4,4
Gemini 3.8 Flash,coordinated,67a47e0425adc58b1e414011,1,15,3,11,0
Gemini 3.8 Flash,coordinated,67d09fd38fd17c121c0b49ad,3,15,3,11,0
Gemini 3.8 Flash,coordinated,66e884515ab37f0a7da089bf,1,18,6,0,0
Gemini 3.8 Flash,coordinated,66e88728ba7d8bc0d5806f3a,2,18,6,1,1
Gemini 3.8 Flash,coordinated,66e8d4736299517dd7a5da8c,3,18,6,8,8
Gemini 3.8 Flash,coordinated,66e906f860abc895aedcf467,3,18,6,7,0
Gemini 3.8 Flash,coordinated,66e962f814e5657e81349bfa,1,18,6,5,0
Gemini 3.8 Flash,coordinated,66e996260930c00374ceaa0b,3,18,6,12,0
Gemini 3.8 Flash,coordinated,66e9c038d2d1c2dec1f6978e,1,18,6,2,0
Gemini 3.8 Flash,coordinated,66e9fc11c19c8c61add294f0,1,18,6,0,0
Gemini 3.8 Flash,coordinated,66ea29ab7131229007ccbd9d,2,18,6,1,1
Gemini 3.8 Flash,coordinated,66eae4e351a34eec5d943952,3,18,6,5,0
Gemini 3.8 Flash,coordinated,66eafb96b082c5e6a76a49c0,1,18,6,1,1
Gemini 3.8 Flash,coordinated,66eb206f99363a31f68414bc,3,18,6,9,0
Gemini 3.8 Flash,coordinated,66ed28dfde312a049a78b3ba,3,18,6,6,0
Gemini 3.8 Flash,coordinated,66f000874b6bc4f9d21fc7fa,2,18,6,4,4
Gemini 3.8 Flash,coordinated,66f03563a291f119cd841967,1,18,6,2,2
Gemini 3.8 Flash,coordinated,66f2b236b1d41433f8a4edea,1,18,6,4,4
Gemini 3.8 Flash,coordinated,66f3117acff7b10052fe1e3d,2,18,6,10,0
Gemini 3.8 Flash,coordinated,66f42e3287046c01dba2115b,3,18,6,2,0
Gemini 3.8 Flash,coordinated,66f57e3ddc7259d8b5bb0b46,1,18,6,10,0
Gemini 3.8 Flash,coordinated,66f77487fb10531253ee7842,3,18,6,9,0
Gemini 3.8 Flash,coordinated,66f83aed0d92e99048a4ae9d,1,18,6,9,0
Gemini 3.8 Flash,coordinated,66fc2282b7609fc1d8099125,2,18,6,3,3
Gemini 3.8 Flash,coordinated,66fc5e611f5f3f3b48ae9566,1,18,6,5,0
Gemini 3.8 Flash,coordinated,66fc8f1b8a73f859d8fa1608,3,18,6,10,10
Gemini 3.8 Flash,coordinated,66fe596c0eeb4521791d31ef,3,18,6,5,0
Gemini 3.8 Flash,coordinated,66fe796bc12cbe6aeaa26e69,3,18,6,8,1
Gemini 3.8 Flash,coordinated,670010ff77983eff561814b2,1,18,6,4,4
Gemini 3.8 Flash,coordinated,6700a5676c339d61ecccb86d,1,18,6,2,0
Gemini 3.8 Flash,coordinated,67015a7f6a2b21f149f3aaba,2,18,6,0,0
Gemini 3.8 Flash,coordinated,6701de16d9e4cd1aa812414b,3,18,6,12,0
Gemini 3.8 Flash,coordinated,6704409592a84f23e5b73e95,2,18,6,6,0
Gemini 3.8 Flash,coordinated,670620323fd82754d2f4cc7c,3,18,6,10,0
Gemini 3.8 Flash,coordinated,67095af56022f900e8e76028,1,18,6,4,4
Gemini 3.8 Flash,coordinated,670b307567eb710437409184,1,18,6,2,2
Gemini 3.8 Flash,coordinated,670c83ba4aece479236947cb,1,18,6,4,4
Gemini 3.8 Flash,coordinated,670d933ad54037c51abbe3ca,1,18,6,9,0
Gemini 3.8 Flash,coordinated,670daa682c5d078fa33fba12,1,18,6,3,0
Gemini 3.8 Flash,coordinated,670e5c2720bb63b6da63b879,3,18,6,7,7
Gemini 3.8 Flash,coordinated,670e9b885d472377f6c572a2,2,18,6,8,5
Gemini 3.8 Flash,coordinated,6710f26eaa2039046e5aea6e,3,18,6,11,0
Gemini 3.8 Flash,coordinated,6711eb4e1c08a07a8d243847,3,18,6,12,0
Gemini 3.8 Flash,coordinated,6715a17ddf8f7209e373b9b0,2,18,6,3,0
Gemini 3.8 Flash,coordinated,671699cb0b00e84566da1812,3,18,6,10,0
Gemini 3.8 Flash,coordinated,6716e894e9b87625209506ca,3,18,6,10,0
Gemini 3.8 Flash,coordinated,671702c1e5b9112a7699686f,1,18,6,0,0
Gemini 3.8 Flash,coordinated,6718487afba38eebcbc8034b,1,18,6,2,0
Gemini 3.8 Flash,coordinated,671aa91f6a8e7c23ccbf902b,2,18,6,8,4
Gemini 3.8 Flash,coordinated,671abddb40e08981d8fd796a,1,18,6,3,3
Gemini 3.8 Flash,coordinated,671ac641136758472327f851,2,18,6,0,0
Gemini 3.8 Flash,coordinated,671ad5ceed3d54e87368bc68,1,18,6,6,0
Gemini 3.8 Flash,coordinated,671bb0b0863984716ffe8850,2,18,6,12,0
Gemini 3.8 Flash,coordinated,671d9eb3355c956ce7de5a90,3,18,6,7,0
Gemini 3.8 Flash,coordinated,671dfacd16b873a455cbd5e0,1,18,6,6,0
Gemini 3.8 Flash,coordinated,671f1f88e6600c2d52d9fbe6,1,18,6,2,2
Gemini 3.8 Flash,coordinated,671f2b0ee38f776acdad8aa1,1,18,6,1,1
Gemini 3.8 Flash,coordinated,671fc9d46c5d3903234cd391,2,18,6,10,0
Gemini 3.8 Flash,coordinated,671fee575a0f70920ad3bd80,2,18,6,7,0
Gemini 3.8 Flash,coordinated,671ffad8e46fcc9dbd54ce6e,1,18,6,4,4
Gemini 3.8 Flash,coordinated,672045da452d0bd5546e11e6,2,18,6,2,0
Gemini 3.8 Flash,coordinated,6720d5455cedc02ed70dbe42,3,18,6,9,0
Gemini 3.8 Flash,coordinated,6721fbd7b5bc9936c245bb78,1,18,6,4,4
Gemini 3.8 Flash,coordinated,67232c88e22b01bfa7b8f156,2,18,6,6,0
Gemini 3.8 Flash,coordinated,6723658569bb6b9a5a4499b0,1,18,6,0,0
Gemini 3.8 Flash,coordinated,672403fa5461772b24b2e651,2,18,6,0,0
Gemini 3.8 Flash,coordinated,67240e5586f4c71a70e0b498,2,18,6,6,6
Gemini 3.8 Flash,coordinated,67240e5786f4c71a70e0b499,3,18,6,8,0
Gemini 3.8 Flash,coordinated,67242f1f911674ab1b5d904b,3,18,6,12,12
Gemini 3.8 Flash,coordinated,672433577fb5d24be68f010d,2,18,6,6,0
Gemini 3.8 Flash,coordinated,67243887a7c5f8f463109d82,2,18,6,8,8
Gemini 3.8 Flash,coordinated,672455ce7a14971607e3d9f0,2,18,6,5,5
Gemini 3.8 Flash,coordinated,6724db7012a8d5ea6a619372,3,18,6,7,0
Gemini 3.8 Flash,coordinated,6724f8b80c7d03e5a66cce57,3,18,6,10,0
Gemini 3.8 Flash,coordinated,6724ff0dea5926938a631b9e,2,18,6,10,0
Gemini 3.8 Flash,coordinated,6724ffb21d07f0962c8993cf,1,18,6,4,4
Gemini 3.8 Flash,coordinated,672507e82cc2a1349f1ffaf1,1,18,6,2,2
Gemini 3.8 Flash,coordinated,672528b1fc012fdec7fc63c8,1,18,6,2,0
Gemini 3.8 Flash,coordinated,67253c33ad98e94b47ea3477,1,18,6,4,4
Gemini 3.8 Flash,coordinated,67254a56046774791d0f1a41,2,18,6,6,6
Gemini 3.8 Flash,coordinated,67256656d246bf5d21d1377e,3,18,6,10,0
Gemini 3.8 Flash,coordinated,672572ba1b7caf96dfa80324,3,18,6,11,0
Gemini 3.8 Flash,coordinated,6725b1b58255543498bdcbd1,3,18,6,4,0
Gemini 3.8 Flash,coordinated,67260ae24ee1765ace1c8a54,3,18,6,2,1
Gemini 3.8 Flash,coordinated,672626078a65c5d33e24d92c,2,18,6,4,0
Gemini 3.8 Flash,coordinated,6726941826b7fc6a39fbe581,3,18,6,4,4
Gemini 3.8 Flash,coordinated,672b304eddf99de9738de25d,2,18,6,9,0
Gemini 3.8 Flash,coordinated,672bb2605a3e88050ba2cef8,1,18,6,1,1
Gemini 3.8 Flash,coordinated,672bb9be168a1a30f1f92fcc,2,18,6,10,0
Gemini 3.8 Flash,coordinated,672e50c6b9281732f28aa0f3,3,18,6,8,0
Gemini 3.8 Flash,coordinated,672e6e4a85ed85778c0fb28e,1,18,6,0,0
Gemini 3.8 Flash,coordinated,672ff71e724ca22f42c0ff85,1,18,6,2,2
Gemini 3.8 Flash,coordinated,6732839d5526e01108e12127,2,18,6,5,0
Gemini 3.8 Flash,coordinated,6733fca10a354898fb579c2e,1,18,6,9,0
Gemini 3.8 Flash,coordinated,6736edefe41312420acd05a0,2,18,6,2,2
Gemini 3.8 Flash,coordinated,67371f93d09c0e422ae3658b,2,18,6,5,0
Gemini 3.8 Flash,coordinated,673735aa61f20f11eb1097d2,2,18,6,11,0
Gemini 3.8 Flash,coordinated,67375e6f8b1cc52c211f95ce,3,18,6,10,1
Gemini 3.8 Flash,coordinated,673799cf4d349e2ed66792d2,3,18,6,9,0
Gemini 3.8 Flash,coordinated,67399d0163641fb0bc110db9,3,18,6,10,0
Gemini 3.8 Flash,coordinated,673a5fa4329d98c7d4b69d60,3,18,6,11,0
Gemini 3.8 Flash,coordinated,673a76559e89466aa6433f66,1,18,6,5,0
Gemini 3.8 Flash,coordinated,673fce92f7f86aa77259187a,1,18,6,7,3
Gemini 3.8 Flash,coordinated,6749b2994fd3108e46cd57d7,1,18,6,4,0
Gemini 3.8 Flash,coordinated,67672352c393c4ff629cb820,1,18,6,0,0
Gemini 3.8 Flash,coordinated,6770832c6b74a5103a07f031,1,18,6,4,0
Gemini 3.8 Flash,coordinated,677b26a903cb2e13f2c755ef,1,18,6,0,0
Gemini 3.8 Flash,coordinated,67a47e0425adc58b1e414011,1,18,6,7,0
Gemini 3.8 Flash,coordinated,67d09fd38fd17c121c0b49ad,3,18,6,12,0
Gemini 3.8 Flash,coordinated,66e884515ab37f0a7da089bf,1,21,9,1,1
Gemini 3.8 Flash,coordinated,66e88728ba7d8bc0d5806f3a,2,21,9,2,0
Gemini 3.8 Flash,coordinated,66e8d4736299517dd7a5da8c,3,21,9,7,7
Gemini 3.8 Flash,coordinated,66e906f860abc895aedcf467,3,21,9,6,0
Gemini 3.8 Flash,coordinated,66e962f814e5657e81349bfa,1,21,9,5,0
Gemini 3.8 Flash,coordinated,66e996260930c00374ceaa0b,3,21,9,11,0
Gemini 3.8 Flash,coordinated,66e9c038d2d1c2dec1f6978e,1,21,9,1,1
Gemini 3.8 Flash,coordinated,66e9fc11c19c8c61add294f0,1,21,9,3,0
Gemini 3.8 Flash,coordinated,66ea29ab7131229007ccbd9d,2,21,9,2,2
Gemini 3.8 Flash,coordinated,66eae4e351a34eec5d943952,3,21,9,5,0
Gemini 3.8 Flash,coordinated,66eafb96b082c5e6a76a49c0,1,21,9,1,1
Gemini 3.8 Flash,coordinated,66eb206f99363a31f68414bc,3,21,9,11,0
Gemini 3.8 Flash,coordinated,66ed28dfde312a049a78b3ba,3,21,9,5,0
Gemini 3.8 Flash,coordinated,66f000874b6bc4f9d21fc7fa,2,21,9,6,6
Gemini 3.8 Flash,coordinated,66f03563a291f119cd841967,1,21,9,1,1
Gemini 3.8 Flash,coordinated,66f2b236b1d41433f8a4edea,1,21,9,3,3
Gemini 3.8 Flash,coordinated,66f3117acff7b10052fe1e3d,2,21,9,8,0
Gemini 3.8 Flash,coordinated,66f42e3287046c01dba2115b,3,21,9,3,0
Gemini 3.8 Flash,coordinated,66f57e3ddc7259d8b5bb0b46,1,21,9,9,0
Gemini 3.8 Flash,coordinated,66f77487fb10531253ee7842,3,21,9,7,3
Gemini 3.8 Flash,coordinated,66f83aed0d92e99048a4ae9d,1,21,9,7,0
Gemini 3.8 Flash,coordinated,66fc2282b7609fc1d8099125,2,21,9,6,6
Gemini 3.8 Flash,coordinated,66fc5e611f5f3f3b48ae9566,1,21,9,5,5
Gemini 3.8 Flash,coordinated,66fc8f1b8a73f859d8fa1608,3,21,9,10,0
Gemini 3.8 Flash,coordinated,66fe596c0eeb4521791d31ef,3,21,9,3,3
Gemini 3.8 Flash,coordinated,66fe796bc12cbe6aeaa26e69,3,21,9,11,0
Gemini 3.8 Flash,coordinated,670010ff77983eff561814b2,1,21,9,2,2
Gemini 3.8 Flash,coordinated,6700a5676c339d61ecccb86d,1,21,9,0,0
Gemini 3.8 Flash,coordinated,67015a7f6a2b21f149f3aaba,2,21,9,1,0
Gemini 3.8 Flash,coordinated,6701de16d9e4cd1aa812414b,3,21,9,12,0
Gemini 3.8 Flash,coordinated,6704409592a84f23e5b73e95,2,21,9,6,0
Gemini 3.8 Flash,coordinated,670620323fd82754d2f4cc7c,3,21,9,11,0
Gemini 3.8 Flash,coordinated,67095af56022f900e8e76028,1,21,9,5,5
Gemini 3.8 Flash,coordinated,670b307567eb710437409184,1,21,9,3,3
Gemini 3.8 Flash,coordinated,670c83ba4aece479236947cb,1,21,9,7,0
Gemini 3.8 Flash,coordinated,670d933ad54037c51abbe3ca,1,21,9,3,0
Gemini 3.8 Flash,coordinated,670daa682c5d078fa33fba12,1,21,9,4,0
Gemini 3.8 Flash,coordinated,670e5c2720bb63b6da63b879,3,21,9,4,4
Gemini 3.8 Flash,coordinated,670e9b885d472377f6c572a2,2,21,9,8,5
Gemini 3.8 Flash,coordinated,6710f26eaa2039046e5aea6e,3,21,9,10,0
Gemini 3.8 Flash,coordinated,6711eb4e1c08a07a8d243847,3,21,9,12,0
Gemini 3.8 Flash,coordinated,6715a17ddf8f7209e373b9b0,2,21,9,5,5
Gemini 3.8 Flash,coordinated,671699cb0b00e84566da1812,3,21,9,8,0
Gemini 3.8 Flash,coordinated,6716e894e9b87625209506ca,3,21,9,12,0
Gemini 3.8 Flash,coordinated,671702c1e5b9112a7699686f,1,21,9,0,0
Gemini 3.8 Flash,coordinated,6718487afba38eebcbc8034b,1,21,9,6,0
Gemini 3.8 Flash,coordinated,671aa91f6a8e7c23ccbf902b,2,21,9,7,2
Gemini 3.8 Flash,coordinated,671abddb40e08981d8fd796a,1,21,9,1,1
Gemini 3.8 Flash,coordinated,671ac641136758472327f851,2,21,9,2,0
Gemini 3.8 Flash,coordinated,671ad5ceed3d54e87368bc68,1,21,9,4,0
Gemini 3.8 Flash,coordinated,671bb0b0863984716ffe8850,2,21,9,12,0
Gemini 3.8 Flash,coordinated,671d9eb3355c956ce7de5a90,3,21,9,6,0
Gemini 3.8 Flash,coordinated,671dfacd16b873a455cbd5e0,1,21,9,9,0
Gemini 3.8 Flash,coordinated,671f1f88e6600c2d52d9fbe6,1,21,9,2,2
Gemini 3.8 Flash,coordinated,671f2b0ee38f776acdad8aa1,1,21,9,2,2
Gemini 3.8 Flash,coordinated,671fc9d46c5d3903234cd391,2,21,9,9,0
Gemini 3.8 Flash,coordinated,671fee575a0f70920ad3bd80,2,21,9,3,3
Gemini 3.8 Flash,coordinated,671ffad8e46fcc9dbd54ce6e,1,21,9,3,3
Gemini 3.8 Flash,coordinated,672045da452d0bd5546e11e6,2,21,9,0,0
Gemini 3.8 Flash,coordinated,6720d5455cedc02ed70dbe42,3,21,9,9,0
Gemini 3.8 Flash,coordinated,6721fbd7b5bc9936c245bb78,1,21,9,0,0
Gemini 3.8 Flash,coordinated,67232c88e22b01bfa7b8f156,2,21,9,9,0
Gemini 3.8 Flash,coordinated,6723658569bb6b9a5a4499b0,1,21,9,2,0
Gemini 3.8 Flash,coordinated,672403fa5461772b24b2e651,2,21,9,2,2
Gemini 3.8 Flash,coordinated,67240e5586f4c71a70e0b498,2,21,9,5,5
Gemini 3.8 Flash,coordinated,67240e5786f4c71a70e0b499,3,21,9,9,0
Gemini 3.8 Flash,coordinated,67242f1f911674ab1b5d904b,3,21,9,10,0
Gemini 3.8 Flash,coordinated,672433577fb5d24be68f010d,2,21,9,5,0
Gemini 3.8 Flash,coordinated,67243887a7c5f8f463109d82,2,21,9,4,0
Gemini 3.8 Flash,coordinated,672455ce7a14971607e3d9f0,2,21,9,2,2
Gemini 3.8 Flash,coordinated,6724db7012a8d5ea6a619372,3,21,9,8,0
Gemini 3.8 Flash,coordinated,6724f8b80c7d03e5a66cce57,3,21,9,8,8
Gemini 3.8 Flash,coordinated,6724ff0dea5926938a631b9e,2,21,9,10,0
Gemini 3.8 Flash,coordinated,6724ffb21d07f0962c8993cf,1,21,9,1,1
Gemini 3.8 Flash,coordinated,672507e82cc2a1349f1ffaf1,1,21,9,1,1
Gemini 3.8 Flash,coordinated,672528b1fc012fdec7fc63c8,1,21,9,2,0
Gemini 3.8 Flash,coordinated,67253c33ad98e94b47ea3477,1,21,9,4,4
Gemini 3.8 Flash,coordinated,67254a56046774791d0f1a41,2,21,9,10,10
Gemini 3.8 Flash,coordinated,67256656d246bf5d21d1377e,3,21,9,10,0
Gemini 3.8 Flash,coordinated,672572ba1b7caf96dfa80324,3,21,9,10,0
Gemini 3.8 Flash,coordinated,6725b1b58255543498bdcbd1,3,21,9,11,0
Gemini 3.8 Flash,coordinated,67260ae24ee1765ace1c8a54,3,21,9,5,4
Gemini 3.8 Flash,coordinated,672626078a65c5d33e24d92c,2,21,9,4,0
Gemini 3.8 Flash,coordinated,6726941826b7fc6a39fbe581,3,21,9,5,5
Gemini 3.8 Flash,coordinated,672b304eddf99de9738de25d,2,21,9,9,0
Gemini 3.8 Flash,coordinated,672bb2605a3e88050ba2cef8,1,21,9,4,4
Gemini 3.8 Flash,coordinated,672bb9be168a1a30f1f92fcc,2,21,9,10,0
Gemini 3.8 Flash,coordinated,672e50c6b9281732f28aa0f3,3,21,9,8,0
Gemini 3.8 Flash,coordinated,672e6e4a85ed85778c0fb28e,1,21,9,0,0
Gemini 3.8 Flash,coordinated,672ff71e724ca22f42c0ff85,1,21,9,3,3
Gemini 3.8 Flash,coordinated,6732839d5526e01108e12127,2,21,9,7,0
Gemini 3.8 Flash,coordinated,6733fca10a354898fb579c2e,1,21,9,6,6
Gemini 3.8 Flash,coordinated,6736edefe41312420acd05a0,2,21,9,6,0
Gemini 3.8 Flash,coordinated,67371f93d09c0e422ae3658b,2,21,9,7,0
Gemini 3.8 Flash,coordinated,673735aa61f20f11eb1097d2,2,21,9,6,0
Gemini 3.8 Flash,coordinated,67375e6f8b1cc52c211f95ce,3,21,9,10,0
Gemini 3.8 Flash,coordinated,673799cf4d349e2ed66792d2,3,21,9,11,0
Gemini 3.8 Flash,coordinated,67399d0163641fb0bc110db9,3,21,9,9,0
Gemini 3.8 Flash,coordinated,673a5fa4329d98c7d4b69d60,3,21,9,12,0
Gemini 3.8 Flash,coordinated,673a76559e89466aa6433f66,1,21,9,6,6
Gemini 3.8 Flash,coordinated,673fce92f7f86aa77259187a,1,21,9,5,4
Gemini 3.8 Flash,coordinated,6749b2994fd3108e46cd57d7,1,21,9,3,0
Gemini 3.8 Flash,coordinated,67672352c393c4ff629cb820,1,21,9,3,0
Gemini 3.8 Flash,coordinated,6770832c6b74a5103a07f031,1,21,9,7,1
Gemini 3.8 Flash,coordinated,677b26a903cb2e13f2c755ef,1,21,9,2,2
Gemini 3.8 Flash,coordinated,67a47e0425adc58b1e414011,1,21,9,9,0
Gemini 3.8 Flash,coordinated,67d09fd38fd17c121c0b49ad,3,21,9,11,0
Gemini 3.8 Flash,independent,66e884515ab37f0a7da089bf,1,2,0,0,0
Gemini 3.8 Flash,independent,66e88728ba7d8bc0d5806f3a,2,2,0,2,0
Gemini 3.8 Flash,independent,66e8d4736299517dd7a5da8c,3,2,0,1,1
Gemini 3.8 Flash,independent,66e906f860abc895aedcf467,3,2,0,1,0
Gemini 3.8 Flash,independent,66e962f814e5657e81349bfa,1,2,0,0,0
Gemini 3.8 Flash,independent,66e996260930c00374ceaa0b,3,2,0,2,0
Gemini 3.8 Flash,independent,66e9c038d2d1c2dec1f6978e,1,2,0,1,0
Gemini 3.8 Flash,independent,66e9fc11c19c8c61add294f0,1,2,0,1,0
Gemini 3.8 Flash,independent,66ea29ab7131229007ccbd9d,2,2,0,0,0
Gemini 3.8 Flash,independent,66eae4e351a34eec5d943952,3,2,0,2,0
Gemini 3.8 Flash,independent,66eafb96b082c5e6a76a49c0,1,2,0,0,0
Gemini 3.8 Flash,independent,66eb206f99363a31f68414bc,3,2,0,2,0
Gemini 3.8 Flash,independent,66ed28dfde312a049a78b3ba,3,2,0,0,0
Gemini 3.8 Flash,independent,66f000874b6bc4f9d21fc7fa,2,2,0,0,0
Gemini 3.8 Flash,independent,66f03563a291f119cd841967,1,2,0,0,0
Gemini 3.8 Flash,independent,66f2b236b1d41433f8a4edea,1,2,0,0,0
Gemini 3.8 Flash,independent,66f3117acff7b10052fe1e3d,2,2,0,2,0
Gemini 3.8 Flash,independent,66f42e3287046c01dba2115b,3,2,0,1,1
Gemini 3.8 Flash,independent,66f57e3ddc7259d8b5bb0b46,1,2,0,1,0
Gemini 3.8 Flash,independent,66f77487fb10531253ee7842,3,2,0,2,0
Gemini 3.8 Flash,independent,66f83aed0d92e99048a4ae9d,1,2,0,1,0
Gemini 3.8 Flash,independent,66fc2282b7609fc1d8099125,2,2,0,1,1
Gemini 3.8 Flash,independent,66fc5e611f5f3f3b48ae9566,1,2,0,1,0
Gemini 3.8 Flash,independent,66fc8f1b8a73f859d8fa1608,3,2,0,1,0
Gemini 3.8 Flash,independent,66fe596c0eeb4521791d31ef,3,2,0,1,0
Gemini 3.8 Flash,independent,66fe796bc12cbe6aeaa26e69,3,2,0,1,0
Gemini 3.8 Flash,independent,670010ff77983eff561814b2,1,2,0,1,0
Gemini 3.8 Flash,independent,6700a5676c339d61ecccb86d,1,2,0,1,0
Gemini 3.8 Flash,independent,67015a7f6a2b21f149f3aaba,2,2,0,0,0
Gemini 3.8 Flash,independent,6701de16d9e4cd1aa812414b,3,2,0,2,0
Gemini 3.8 Flash,independent,6704409592a84f23e5b73e95,2,2,0,1,0
Gemini 3.8 Flash,independent,670620323fd82754d2f4cc7c,3,2,0,2,0
Gemini 3.8 Flash,independent,67095af56022f900e8e76028,1,2,0,1,0
Gemini 3.8 Flash,independent,670b307567eb710437409184,1,2,0,2,0
Gemini 3.8 Flash,independent,670c83ba4aece479236947cb,1,2,0,1,0
Gemini 3.8 Flash,independent,670d933ad54037c51abbe3ca,1,2,0,1,0
Gemini 3.8 Flash,independent,670daa682c5d078fa33fba12,1,2,0,1,0
Gemini 3.8 Flash,independent,670e5c2720bb63b6da63b879,3,2,0,2,0
Gemini 3.8 Flash,independent,670e9b885d472377f6c572a2,2,2,0,2,0
Gemini 3.8 Flash,independent,6710f26eaa2039046e5aea6e,3,2,0,1,0
Gemini 3.8 Flash,independent,6711eb4e1c08a07a8d243847,3,2,0,2,0
Gemini 3.8 Flash,independent,6715a17ddf8f7209e373b9b0,2,2,0,1,0
Gemini 3.8 Flash,independent,671699cb0b00e84566da1812,3,2,0,2,0
Gemini 3.8 Flash,independent,6716e894e9b87625209506ca,3,2,0,1,0
Gemini 3.8 Flash,independent,671702c1e5b9112a7699686f,1,2,0,0,0
Gemini 3.8 Flash,independent,6718487afba38eebcbc8034b,1,2,0,0,0
Gemini 3.8 Flash,independent,671aa91f6a8e7c23ccbf902b,2,2,0,1,1
Gemini 3.8 Flash,independent,671abddb40e08981d8fd796a,1,2,0,2,0
Gemini 3.8 Flash,independent,671ac641136758472327f851,2,2,0,1,1
Gemini 3.8 Flash,independent,671ad5ceed3d54e87368bc68,1,2,0,2,0
Gemini 3.8 Flash,independent,671bb0b0863984716ffe8850,2,2,0,2,0
Gemini 3.8 Flash,independent,671d9eb3355c956ce7de5a90,3,2,0,2,0
Gemini 3.8 Flash,independent,671dfacd16b873a455cbd5e0,1,2,0,1,0
Gemini 3.8 Flash,independent,671f1f88e6600c2d52d9fbe6,1,2,0,1,1
Gemini 3.8 Flash,independent,671f2b0ee38f776acdad8aa1,1,2,0,0,0
Gemini 3.8 Flash,independent,671fc9d46c5d3903234cd391,2,2,0,1,0
Gemini 3.8 Flash,independent,671fee575a0f70920ad3bd80,2,2,0,1,0
Gemini 3.8 Flash,independent,671ffad8e46fcc9dbd54ce6e,1,2,0,0,0
Gemini 3.8 Flash,independent,672045da452d0bd5546e11e6,2,2,0,0,0
Gemini 3.8 Flash,independent,6720d5455cedc02ed70dbe42,3,2,0,2,0
Gemini 3.8 Flash,independent,6721fbd7b5bc9936c245bb78,1,2,0,0,0
Gemini 3.8 Flash,independent,67232c88e22b01bfa7b8f156,2,2,0,2,0
Gemini 3.8 Flash,independent,6723658569bb6b9a5a4499b0,1,2,0,0,0
Gemini 3.8 Flash,independent,672403fa5461772b24b2e651,2,2,0,1,1
Gemini 3.8 Flash,independent,67240e5586f4c71a70e0b498,2,2,0,1,1
Gemini 3.8 Flash,independent,67240e5786f4c71a70e0b499,3,2,0,2,0
Gemini 3.8 Flash,independent,67242f1f911674ab1b5d904b,3,2,0,2,0
Gemini 3.8 Flash,independent,672433577fb5d24be68f010d,2,2,0,0,0
Gemini 3.8 Flash,independent,67243887a7c5f8f463109d82,2,2,0,1,1
Gemini 3.8 Flash,independent,672455ce7a14971607e3d9f0,2,2,0,0,0
Gemini 3.8 Flash,independent,6724db7012a8d5ea6a619372,3,2,0,1,0
Gemini 3.8 Flash,independent,6724f8b80c7d03e5a66cce57,3,2,0,2,0
Gemini 3.8 Flash,independent,6724ff0dea5926938a631b9e,2,2,0,2,0
Gemini 3.8 Flash,independent,6724ffb21d07f0962c8993cf,1,2,0,1,0
Gemini 3.8 Flash,independent,672507e82cc2a1349f1ffaf1,1,2,0,0,0
Gemini 3.8 Flash,independent,672528b1fc012fdec7fc63c8,1,2,0,0,0
Gemini 3.8 Flash,independent,67253c33ad98e94b47ea3477,1,2,0,1,1
Gemini 3.8 Flash,independent,67254a56046774791d0f1a41,2,2,0,0,0
Gemini 3.8 Flash,independent,67256656d246bf5d21d1377e,3,2,0,2,0
Gemini 3.8 Flash,independent,672572ba1b7caf96dfa80324,3,2,0,0,0
Gemini 3.8 Flash,independent,6725b1b58255543498bdcbd1,3,2,0,0,0
Gemini 3.8 Flash,independent,67260ae24ee1765ace1c8a54,3,2,0,1,1
Gemini 3.8 Flash,independent,672626078a65c5d33e24d92c,2,2,0,1,0
Gemini 3.8 Flash,independent,6726941826b7fc6a39fbe581,3,2,0,2,0
Gemini 3.8 Flash,independent,672b304eddf99de9738de25d,2,2,0,2,0
Gemini 3.8 Flash,independent,672bb2605a3e88050ba2cef8,1,2,0,0,0
Gemini 3.8 Flash,independent,672bb9be168a1a30f1f92fcc,2,2,0,2,0
Gemini 3.8 Flash,independent,672e50c6b9281732f28aa0f3,3,2,0,2,0
Gemini 3.8 Flash,independent,672e6e4a85ed85778c0fb28e,1,2,0,0,0
Gemini 3.8 Flash,independent,672ff71e724ca22f42c0ff85,1,2,0,1,1
Gemini 3.8 Flash,independent,6732839d5526e01108e12127,2,2,0,1,0
Gemini 3.8 Flash,independent,6733fca10a354898fb579c2e,1,2,0,1,0
Gemini 3.8 Flash,independent,6736edefe41312420acd05a0,2,2,0,1,1
Gemini 3.8 Flash,independent,67371f93d09c0e422ae3658b,2,2,0,0,0
Gemini 3.8 Flash,independent,673735aa61f20f11eb1097d2,2,2,0,1,0
Gemini 3.8 Flash,independent,67375e6f8b1cc52c211f95ce,3,2,0,2,0
Gemini 3.8 Flash,independent,673799cf4d349e2ed66792d2,3,2,0,0,0
Gemini 3.8 Flash,independent,67399d0163641fb0bc110db9,3,2,0,2,0
Gemini 3.8 Flash,independent,673a5fa4329d98c7d4b69d60,3,2,0,2,0
Gemini 3.8 Flash,independent,673a76559e89466aa6433f66,1,2,0,1,0
Gemini 3.8 Flash,independent,673fce92f7f86aa77259187a,1,2,0,0,0
Gemini 3.8 Flash,independent,6749b2994fd3108e46cd57d7,1,2,0,0,0
Gemini 3.8 Flash,independent,67672352c393c4ff629cb820,1,2,0,0,0
Gemini 3.8 Flash,independent,6770832c6b74a5103a07f031,1,2,0,0,0
Gemini 3.8 Flash,independent,677b26a903cb2e13f2c755ef,1,2,0,1,0
Gemini 3.8 Flash,independent,67a47e0425adc58b1e414011,1,2,0,2,0
Gemini 3.8 Flash,independent,67d09fd38fd17c121c0b49ad,3,2,0,2,0
Gemini 3.8 Flash,independent,66e884515ab37f0a7da089bf,1,4,0,1,1
Gemini 3.8 Flash,independent,66e88728ba7d8bc0d5806f3a,2,4,0,1,1
Gemini 3.8 Flash,independent,66e8d4736299517dd7a5da8c,3,4,0,2,2
Gemini 3.8 Flash,independent,66e906f860abc895aedcf467,3,4,0,2,0
Gemini 3.8 Flash,independent,66e962f814e5657e81349bfa,1,4,0,0,0
Gemini 3.8 Flash,independent,66e996260930c00374ceaa0b,3,4,0,3,0
Gemini 3.8 Flash,independent,66e9c038d2d1c2dec1f6978e,1,4,0,1,0
Gemini 3.8 Flash,independent,66e9fc11c19c8c61add294f0,1,4,0,2,0
Gemini 3.8 Flash,independent,66ea29ab7131229007ccbd9d,2,4,0,0,0
Gemini 3.8 Flash,independent,66eae4e351a34eec5d943952,3,4,0,3,0
Gemini 3.8 Flash,independent,66eafb96b082c5e6a76a49c0,1,4,0,1,1
Gemini 3.8 Flash,independent,66eb206f99363a31f68414bc,3,4,0,4,0
Gemini 3.8 Flash,independent,66ed28dfde312a049a78b3ba,3,4,0,1,1
Gemini 3.8 Flash,independent,66f000874b6bc4f9d21fc7fa,2,4,0,0,0
Gemini 3.8 Flash,independent,66f03563a291f119cd841967,1,4,0,0,0
Gemini 3.8 Flash,independent,66f2b236b1d41433f8a4edea,1,4,0,2,2
Gemini 3.8 Flash,independent,66f3117acff7b10052fe1e3d,2,4,0,4,0
Gemini 3.8 Flash,independent,66f42e3287046c01dba2115b,3,4,0,0,0
Gemini 3.8 Flash,independent,66f57e3ddc7259d8b5bb0b46,1,4,0,3,0
Gemini 3.8 Flash,independent,66f77487fb10531253ee7842,3,4,0,2,0
Gemini 3.8 Flash,independent,66f83aed0d92e99048a4ae9d,1,4,0,3,0
Gemini 3.8 Flash,independent,66fc2282b7609fc1d8099125,2,4,0,0,0
Gemini 3.8 Flash,independent,66fc5e611f5f3f3b48ae9566,1,4,0,1,1
Gemini 3.8 Flash,independent,66fc8f1b8a73f859d8fa1608,3,4,0,2,0
Gemini 3.8 Flash,independent,66fe596c0eeb4521791d31ef,3,4,0,2,0
Gemini 3.8 Flash,independent,66fe796bc12cbe6aeaa26e69,3,4,0,2,2
Gemini 3.8 Flash,independent,670010ff77983eff561814b2,1,4,0,1,1
Gemini 3.8 Flash,independent,6700a5676c339d61ecccb86d,1,4,0,1,0
Gemini 3.8 Flash,independent,67015a7f6a2b21f149f3aaba,2,4,0,0,0
Gemini 3.8 Flash,independent,6701de16d9e4cd1aa812414b,3,4,0,4,0
Gemini 3.8 Flash,independent,6704409592a84f23e5b73e95,2,4,0,0,0
Gemini 3.8 Flash,independent,670620323fd82754d2f4cc7c,3,4,0,2,0
Gemini 3.8 Flash,independent,67095af56022f900e8e76028,1,4,0,0,0
Gemini 3.8 Flash,independent,670b307567eb710437409184,1,4,0,2,2
Gemini 3.8 Flash,independent,670c83ba4aece479236947cb,1,4,0,2,0
Gemini 3.8 Flash,independent,670d933ad54037c51abbe3ca,1,4,0,1,1
Gemini 3.8 Flash,independent,670daa682c5d078fa33fba12,1,4,0,0,0
Gemini 3.8 Flash,independent,670e5c2720bb63b6da63b879,3,4,0,1,0
Gemini 3.8 Flash,independent,670e9b885d472377f6c572a2,2,4,0,2,0
Gemini 3.8 Flash,independent,6710f26eaa2039046e5aea6e,3,4,0,3,0
Gemini 3.8 Flash,independent,6711eb4e1c08a07a8d243847,3,4,0,4,0
Gemini 3.8 Flash,independent,6715a17ddf8f7209e373b9b0,2,4,0,1,1
Gemini 3.8 Flash,independent,671699cb0b00e84566da1812,3,4,0,3,0
Gemini 3.8 Flash,independent,6716e894e9b87625209506ca,3,4,0,3,0
Gemini 3.8 Flash,independent,671702c1e5b9112a7699686f,1,4,0,0,0
Gemini 3.8 Flash,independent,6718487afba38eebcbc8034b,1,4,0,0,0
Gemini 3.8 Flash,independent,671aa91f6a8e7c23ccbf902b,2,4,0,2,2
Gemini 3.8 Flash,independent,671abddb40e08981d8fd796a,1,4,0,0,0
Gemini 3.8 Flash,independent,671ac641136758472327f851,2,4,0,0,0
Gemini 3.8 Flash,independent,671ad5ceed3d54e87368bc68,1,4,0,2,0
Gemini 3.8 Flash,independent,671bb0b0863984716ffe8850,2,4,0,3,0
Gemini 3.8 Flash,independent,671d9eb3355c956ce7de5a90,3,4,0,1,0
Gemini 3.8 Flash,independent,671dfacd16b873a455cbd5e0,1,4,0,2,0
Gemini 3.8 Flash,independent,671f1f88e6600c2d52d9fbe6,1,4,0,2,0
Gemini 3.8 Flash,independent,671f2b0ee38f776acdad8aa1,1,4,0,0,0
Gemini 3.8 Flash,independent,671fc9d46c5d3903234cd391,2,4,0,4,0
Gemini 3.8 Flash,independent,671fee575a0f70920ad3bd80,2,4,0,2,0
Gemini 3.8 Flash,independent,671ffad8e46fcc9dbd54ce6e,1,4,0,2,2
Gemini 3.8 Flash,independent,672045da452d0bd5546e11e6,2,4,0,0,0
Gemini 3.8 Flash,independent,6720d5455cedc02ed70dbe42,3,4,0,2,0
Gemini 3.8 Flash,independent,6721fbd7b5bc9936c245bb78,1,4,0,0,0
Gemini 3.8 Flash,independent,67232c88e22b01bfa7b8f156,2,4,0,2,0
Gemini 3.8 Flash,independent,6723658569bb6b9a5a4499b0,1,4,0,1,0
Gemini 3.8 Flash,independent,672403fa5461772b24b2e651,2,4,0,0,0
Gemini 3.8 Flash,independent,67240e5586f4c71a70e0b498,2,4,0,1,1
Gemini 3.8 Flash,independent,67240e5786f4c71a70e0b499,3,4,0,4,0
Gemini 3.8 Flash,independent,67242f1f911674ab1b5d904b,3,4,0,3,0
Gemini 3.8 Flash,independent,672433577fb5d24be68f010d,2,4,0,3,0
Gemini 3.8 Flash,independent,67243887a7c5f8f463109d82,2,4,0,1,0
Gemini 3.8 Flash,independent,672455ce7a14971607e3d9f0,2,4,0,0,0
Gemini 3.8 Flash,independent,6724db7012a8d5ea6a619372,3,4,0,2,0
Gemini 3.8 Flash,independent,6724f8b80c7d03e5a66cce57,3,4,0,4,0
Gemini 3.8 Flash,independent,6724ff0dea5926938a631b9e,2,4,0,3,0
Gemini 3.8 Flash,independent,6724ffb21d07f0962c8993cf,1,4,0,0,0
Gemini 3.8 Flash,independent,672507e82cc2a1349f1ffaf1,1,4,0,0,0
Gemini 3.8 Flash,independent,672528b1fc012fdec7fc63c8,1,4,0,2,0
Gemini 3.8 Flash,independent,67253c33ad98e94b47ea3477,1,4,0,1,1
Gemini 3.8 Flash,independent,67254a56046774791d0f1a41,2,4,0,2,2
Gemini 3.8 Flash,independent,67256656d246bf5d21d1377e,3,4,0,4,0
Gemini 3.8 Flash,independent,672572ba1b7caf96dfa80324,3,4,0,3,0
Gemini 3.8 Flash,independent,6725b1b58255543498bdcbd1,3,4,0,2,0
Gemini 3.8 Flash,independent,67260ae24ee1765ace1c8a54,3,4,0,0,0
Gemini 3.8 Flash,independent,672626078a65c5d33e24d92c,2,4,0,0,0
Gemini 3.8 Flash,independent,6726941826b7fc6a39fbe581,3,4,0,1,0
Gemini 3.8 Flash,independent,672b304eddf99de9738de25d,2,4,0,2,0
Gemini 3.8 Flash,independent,672bb2605a3e88050ba2cef8,1,4,0,0,0
Gemini 3.8 Flash,independent,672bb9be168a1a30f1f92fcc,2,4,0,3,0
Gemini 3.8 Flash,independent,672e50c6b9281732f28aa0f3,3,4,0,2,0
Gemini 3.8 Flash,independent,672e6e4a85ed85778c0fb28e,1,4,0,0,0
Gemini 3.8 Flash,independent,672ff71e724ca22f42c0ff85,1,4,0,0,0
Gemini 3.8 Flash,independent,6732839d5526e01108e12127,2,4,0,4,0
Gemini 3.8 Flash,independent,6733fca10a354898fb579c2e,1,4,0,1,1
Gemini 3.8 Flash,independent,6736edefe41312420acd05a0,2,4,0,2,0
Gemini 3.8 Flash,independent,67371f93d09c0e422ae3658b,2,4,0,3,3
Gemini 3.8 Flash,independent,673735aa61f20f11eb1097d2,2,4,0,3,0
Gemini 3.8 Flash,independent,67375e6f8b1cc52c211f95ce,3,4,0,4,0
Gemini 3.8 Flash,independent,673799cf4d349e2ed66792d2,3,4,0,2,0
Gemini 3.8 Flash,independent,67399d0163641fb0bc110db9,3,4,0,3,0
Gemini 3.8 Flash,independent,673a5fa4329d98c7d4b69d60,3,4,0,4,0
Gemini 3.8 Flash,independent,673a76559e89466aa6433f66,1,4,0,3,0
Gemini 3.8 Flash,independent,673fce92f7f86aa77259187a,1,4,0,2,0
Gemini 3.8 Flash,independent,6749b2994fd3108e46cd57d7,1,4,0,0,0
Gemini 3.8 Flash,independent,67672352c393c4ff629cb820,1,4,0,0,0
Gemini 3.8 Flash,independent,6770832c6b74a5103a07f031,1,4,0,2,0
Gemini 3.8 Flash,independent,677b26a903cb2e13f2c755ef,1,4,0,0,0
Gemini 3.8 Flash,independent,67a47e0425adc58b1e414011,1,4,0,2,0
Gemini 3.8 Flash,independent,67d09fd38fd17c121c0b49ad,3,4,0,4,0
Gemini 3.8 Flash,independent,66e884515ab37f0a7da089bf,1,6,2,0,0
Gemini 3.8 Flash,independent,66e88728ba7d8bc0d5806f3a,2,6,2,1,0
Gemini 3.8 Flash,independent,66e8d4736299517dd7a5da8c,3,6,2,2,2
Gemini 3.8 Flash,independent,66e906f860abc895aedcf467,3,6,2,1,0
Gemini 3.8 Flash,independent,66e962f814e5657e81349bfa,1,6,2,2,0
Gemini 3.8 Flash,independent,66e996260930c00374ceaa0b,3,6,2,4,0
Gemini 3.8 Flash,independent,66e9c038d2d1c2dec1f6978e,1,6,2,1,0
Gemini 3.8 Flash,independent,66e9fc11c19c8c61add294f0,1,6,2,1,1
Gemini 3.8 Flash,independent,66ea29ab7131229007ccbd9d,2,6,2,1,1
Gemini 3.8 Flash,independent,66eae4e351a34eec5d943952,3,6,2,1,0
Gemini 3.8 Flash,independent,66eafb96b082c5e6a76a49c0,1,6,2,1,0
Gemini 3.8 Flash,independent,66eb206f99363a31f68414bc,3,6,2,3,0
Gemini 3.8 Flash,independent,66ed28dfde312a049a78b3ba,3,6,2,1,0
Gemini 3.8 Flash,independent,66f000874b6bc4f9d21fc7fa,2,6,2,3,0
Gemini 3.8 Flash,independent,66f03563a291f119cd841967,1,6,2,0,0
Gemini 3.8 Flash,independent,66f2b236b1d41433f8a4edea,1,6,2,1,1
Gemini 3.8 Flash,independent,66f3117acff7b10052fe1e3d,2,6,2,4,0
Gemini 3.8 Flash,independent,66f42e3287046c01dba2115b,3,6,2,1,1
Gemini 3.8 Flash,independent,66f57e3ddc7259d8b5bb0b46,1,6,2,1,0
Gemini 3.8 Flash,independent,66f77487fb10531253ee7842,3,6,2,1,1
Gemini 3.8 Flash,independent,66f83aed0d92e99048a4ae9d,1,6,2,3,0
Gemini 3.8 Flash,independent,66fc2282b7609fc1d8099125,2,6,2,1,1
Gemini 3.8 Flash,independent,66fc5e611f5f3f3b48ae9566,1,6,2,3,0
Gemini 3.8 Flash,independent,66fc8f1b8a73f859d8fa1608,3,6,2,3,3
Gemini 3.8 Flash,independent,66fe596c0eeb4521791d31ef,3,6,2,2,2
Gemini 3.8 Flash,independent,66fe796bc12cbe6aeaa26e69,3,6,2,1,1
Gemini 3.8 Flash,independent,670010ff77983eff561814b2,1,6,2,1,1
Gemini 3.8 Flash,independent,6700a5676c339d61ecccb86d,1,6,2,0,0
Gemini 3.8 Flash,independent,67015a7f6a2b21f149f3aaba,2,6,2,1,1
Gemini 3.8 Flash,independent,6701de16d9e4cd1aa812414b,3,6,2,3,0
Gemini 3.8 Flash,independent,6704409592a84f23e5b73e95,2,6,2,4,0
Gemini 3.8 Flash,independent,670620323fd82754d2f4cc7c,3,6,2,2,0
Gemini 3.8 Flash,independent,67095af56022f900e8e76028,1,6,2,2,2
Gemini 3.8 Flash,independent,670b307567eb710437409184,1,6,2,2,2
Gemini 3.8 Flash,independent,670c83ba4aece479236947cb,1,6,2,3,0
Gemini 3.8 Flash,independent,670d933ad54037c51abbe3ca,1,6,2,4,2
Gemini 3.8 Flash,independent,670daa682c5d078fa33fba12,1,6,2,0,0
Gemini 3.8 Flash,independent,670e5c2720bb63b6da63b879,3,6,2,4,0
Gemini 3.8 Flash,independent,670e9b885d472377f6c572a2,2,6,2,4,3
Gemini 3.8 Flash,independent,6710f26eaa2039046e5aea6e,3,6,2,4,0
Gemini 3.8 Flash,independent,6711eb4e1c08a07a8d243847,3,6,2,4,0
Gemini 3.8 Flash,independent,6715a17ddf8f7209e373b9b0,2,6,2,0,0
Gemini 3.8 Flash,independent,671699cb0b00e84566da1812,3,6,2,4,0
Gemini 3.8 Flash,independent,6716e894e9b87625209506ca,3,6,2,3,0
Gemini 3.8 Flash,independent,671702c1e5b9112a7699686f,1,6,2,0,0
Gemini 3.8 Flash,independent,6718487afba38eebcbc8034b,1,6,2,0,0
Gemini 3.8 Flash,independent,671aa91f6a8e7c23ccbf902b,2,6,2,3,3
Gemini 3.8 Flash,independent,671abddb40e08981d8fd796a,1,6,2,1,1
Gemini 3.8 Flash,independent,671ac641136758472327f851,2,6,2,1,1
Gemini 3.8 Flash,independent,671ad5ceed3d54e87368bc68,1,6,2,2,0
Gemini 3.8 Flash,independent,671bb0b0863984716ffe8850,2,6,2,4,0
Gemini 3.8 Flash,independent,671d9eb3355c956ce7de5a90,3,6,2,1,1
Gemini 3.8 Flash,independent,671dfacd16b873a455cbd5e0,1,6,2,2,0
Gemini 3.8 Flash,independent,671f1f88e6600c2d52d9fbe6,1,6,2,3,0
Gemini 3.8 Flash,independent,671f2b0ee38f776acdad8aa1,1,6,2,0,0
Gemini 3.8 Flash,independent,671fc9d46c5d3903234cd391,2,6,2,3,0
Gemini 3.8 Flash,independent,671fee575a0f70920ad3bd80,2,6,2,2,2
Gemini 3.8 Flash,independent,671ffad8e46fcc9dbd54ce6e,1,6,2,1,1
Gemini 3.8 Flash,independent,672045da452d0bd5546e11e6,2,6,2,0,0
Gemini 3.8 Flash,independent,6720d5455cedc02ed70dbe42,3,6,2,3,0
Gemini 3.8 Flash,independent,6721fbd7b5bc9936c245bb78,1,6,2,1,1
Gemini 3.8 Flash,independent,67232c88e22b01bfa7b8f156,2,6,2,4,0
Gemini 3.8 Flash,independent,6723658569bb6b9a5a4499b0,1,6,2,1,0
Gemini 3.8 Flash,independent,672403fa5461772b24b2e651,2,6,2,0,0
Gemini 3.8 Flash,independent,67240e5586f4c71a70e0b498,2,6,2,3,3
Gemini 3.8 Flash,independent,67240e5786f4c71a70e0b499,3,6,2,4,0
Gemini 3.8 Flash,independent,67242f1f911674ab1b5d904b,3,6,2,4,0
Gemini 3.8 Flash,independent,672433577fb5d24be68f010d,2,6,2,1,1
Gemini 3.8 Flash,independent,67243887a7c5f8f463109d82,2,6,2,3,3
Gemini 3.8 Flash,independent,672455ce7a14971607e3d9f0,2,6,2,1,1
Gemini 3.8 Flash,independent,6724db7012a8d5ea6a619372,3,6,2,2,2
Gemini 3.8 Flash,independent,6724f8b80c7d03e5a66cce57,3,6,2,3,0
Gemini 3.8 Flash,independent,6724ff0dea5926938a631b9e,2,6,2,4,0
Gemini 3.8 Flash,independent,6724ffb21d07f0962c8993cf,1,6,2,1,1
Gemini 3.8 Flash,independent,672507e82cc2a1349f1ffaf1,1,6,2,0,0
Gemini 3.8 Flash,independent,672528b1fc012fdec7fc63c8,1,6,2,0,0
Gemini 3.8 Flash,independent,67253c33ad98e94b47ea3477,1,6,2,1,1
Gemini 3.8 Flash,independent,67254a56046774791d0f1a41,2,6,2,4,4
Gemini 3.8 Flash,independent,67256656d246bf5d21d1377e,3,6,2,4,0
Gemini 3.8 Flash,independent,672572ba1b7caf96dfa80324,3,6,2,2,2
Gemini 3.8 Flash,independent,6725b1b58255543498bdcbd1,3,6,2,3,0
Gemini 3.8 Flash,independent,67260ae24ee1765ace1c8a54,3,6,2,0,0
Gemini 3.8 Flash,independent,672626078a65c5d33e24d92c,2,6,2,2,0
Gemini 3.8 Flash,independent,6726941826b7fc6a39fbe581,3,6,2,2,0
Gemini 3.8 Flash,independent,672b304eddf99de9738de25d,2,6,2,3,0
Gemini 3.8 Flash,independent,672bb2605a3e88050ba2cef8,1,6,2,1,1
Gemini 3.8 Flash,independent,672bb9be168a1a30f1f92fcc,2,6,2,2,0
Gemini 3.8 Flash,independent,672e50c6b9281732f28aa0f3,3,6,2,3,0
Gemini 3.8 Flash,independent,672e6e4a85ed85778c0fb28e,1,6,2,1,1
Gemini 3.8 Flash,independent,672ff71e724ca22f42c0ff85,1,6,2,0,0
Gemini 3.8 Flash,independent,6732839d5526e01108e12127,2,6,2,2,2
Gemini 3.8 Flash,independent,6733fca10a354898fb579c2e,1,6,2,2,0
Gemini 3.8 Flash,independent,6736edefe41312420acd05a0,2,6,2,3,0
Gemini 3.8 Flash,independent,67371f93d09c0e422ae3658b,2,6,2,3,0
Gemini 3.8 Flash,independent,673735aa61f20f11eb1097d2,2,6,2,4,0
Gemini 3.8 Flash,independent,67375e6f8b1cc52c211f95ce,3,6,2,4,0
Gemini 3.8 Flash,independent,673799cf4d349e2ed66792d2,3,6,2,4,1
Gemini 3.8 Flash,independent,67399d0163641fb0bc110db9,3,6,2,3,0
Gemini 3.8 Flash,independent,673a5fa4329d98c7d4b69d60,3,6,2,2,0
Gemini 3.8 Flash,independent,673a76559e89466aa6433f66,1,6,2,0,0
Gemini 3.8 Flash,independent,673fce92f7f86aa77259187a,1,6,2,1,1
Gemini 3.8 Flash,independent,6749b2994fd3108e46cd57d7,1,6,2,2,0
Gemini 3.8 Flash,independent,67672352c393c4ff629cb820,1,6,2,1,0
Gemini 3.8 Flash,independent,6770832c6b74a5103a07f031,1,6,2,1,0
Gemini 3.8 Flash,independent,677b26a903cb2e13f2c755ef,1,6,2,0,0
Gemini 3.8 Flash,independent,67a47e0425adc58b1e414011,1,6,2,3,0
Gemini 3.8 Flash,independent,67d09fd38fd17c121c0b49ad,3,6,2,4,0
Gemini 3.8 Flash,independent,66e884515ab37f0a7da089bf,1,7,3,1,1
Gemini 3.8 Flash,independent,66e88728ba7d8bc0d5806f3a,2,7,3,1,0
Gemini 3.8 Flash,independent,66e8d4736299517dd7a5da8c,3,7,3,3,3
Gemini 3.8 Flash,independent,66e906f860abc895aedcf467,3,7,3,1,0
Gemini 3.8 Flash,independent,66e962f814e5657e81349bfa,1,7,3,0,0
Gemini 3.8 Flash,independent,66e996260930c00374ceaa0b,3,7,3,4,0
Gemini 3.8 Flash,independent,66e9c038d2d1c2dec1f6978e,1,7,3,0,0
Gemini 3.8 Flash,independent,66e9fc11c19c8c61add294f0,1,7,3,2,2
Gemini 3.8 Flash,independent,66ea29ab7131229007ccbd9d,2,7,3,2,2
Gemini 3.8 Flash,independent,66eae4e351a34eec5d943952,3,7,3,3,0
Gemini 3.8 Flash,independent,66eafb96b082c5e6a76a49c0,1,7,3,0,0
Gemini 3.8 Flash,independent,66eb206f99363a31f68414bc,3,7,3,4,0
Gemini 3.8 Flash,independent,66ed28dfde312a049a78b3ba,3,7,3,0,0
Gemini 3.8 Flash,independent,66f000874b6bc4f9d21fc7fa,2,7,3,3,0
Gemini 3.8 Flash,independent,66f03563a291f119cd841967,1,7,3,0,0
Gemini 3.8 Flash,independent,66f2b236b1d41433f8a4edea,1,7,3,1,1
Gemini 3.8 Flash,independent,66f3117acff7b10052fe1e3d,2,7,3,4,0
Gemini 3.8 Flash,independent,66f42e3287046c01dba2115b,3,7,3,1,0
Gemini 3.8 Flash,independent,66f57e3ddc7259d8b5bb0b46,1,7,3,3,0
Gemini 3.8 Flash,independent,66f77487fb10531253ee7842,3,7,3,3,3
Gemini 3.8 Flash,independent,66f83aed0d92e99048a4ae9d,1,7,3,2,0
Gemini 3.8 Flash,independent,66fc2282b7609fc1d8099125,2,7,3,1,1
Gemini 3.8 Flash,independent,66fc5e611f5f3f3b48ae9566,1,7,3,2,2
Gemini 3.8 Flash,independent,66fc8f1b8a73f859d8fa1608,3,7,3,3,3
Gemini 3.8 Flash,independent,66fe596c0eeb4521791d31ef,3,7,3,0,0
Gemini 3.8 Flash,independent,66fe796bc12cbe6aeaa26e69,3,7,3,2,2
Gemini 3.8 Flash,independent,670010ff77983eff561814b2,1,7,3,1,1
Gemini 3.8 Flash,independent,6700a5676c339d61ecccb86d,1,7,3,0,0
Gemini 3.8 Flash,independent,67015a7f6a2b21f149f3aaba,2,7,3,1,1
Gemini 3.8 Flash,independent,6701de16d9e4cd1aa812414b,3,7,3,4,0
Gemini 3.8 Flash,independent,6704409592a84f23e5b73e95,2,7,3,2,0
Gemini 3.8 Flash,independent,670620323fd82754d2f4cc7c,3,7,3,4,0
Gemini 3.8 Flash,independent,67095af56022f900e8e76028,1,7,3,1,1
Gemini 3.8 Flash,independent,670b307567eb710437409184,1,7,3,2,2
Gemini 3.8 Flash,independent,670c83ba4aece479236947cb,1,7,3,2,0
Gemini 3.8 Flash,independent,670d933ad54037c51abbe3ca,1,7,3,1,0
Gemini 3.8 Flash,independent,670daa682c5d078fa33fba12,1,7,3,1,0
Gemini 3.8 Flash,independent,670e5c2720bb63b6da63b879,3,7,3,3,3
Gemini 3.8 Flash,independent,670e9b885d472377f6c572a2,2,7,3,2,2
Gemini 3.8 Flash,independent,6710f26eaa2039046e5aea6e,3,7,3,4,0
Gemini 3.8 Flash,independent,6711eb4e1c08a07a8d243847,3,7,3,4,0
Gemini 3.8 Flash,independent,6715a17ddf8f7209e373b9b0,2,7,3,1,1
Gemini 3.8 Flash,independent,671699cb0b00e84566da1812,3,7,3,4,0
Gemini 3.8 Flash,independent,6716e894e9b87625209506ca,3,7,3,4,0
Gemini 3.8 Flash,independent,671702c1e5b9112a7699686f,1,7,3,0,0
Gemini 3.8 Flash,independent,6718487afba38eebcbc8034b,1,7,3,0,0
Gemini 3.8 Flash,independent,671aa91f6a8e7c23ccbf902b,2,7,3,2,2
Gemini 3.8 Flash,independent,671abddb40e08981d8fd796a,1,7,3,1,1
Gemini 3.8 Flash,independent,671ac641136758472327f851,2,7,3,0,0
Gemini 3.8 Flash,independent,671ad5ceed3d54e87368bc68,1,7,3,2,0
Gemini 3.8 Flash,independent,671bb0b0863984716ffe8850,2,7,3,4,4
Gemini 3.8 Flash,independent,671d9eb3355c956ce7de5a90,3,7,3,2,2
Gemini 3.8 Flash,independent,671dfacd16b873a455cbd5e0,1,7,3,1,0
Gemini 3.8 Flash,independent,671f1f88e6600c2d52d9fbe6,1,7,3,0,0
Gemini 3.8 Flash,independent,671f2b0ee38f776acdad8aa1,1,7,3,0,0
Gemini 3.8 Flash,independent,671fc9d46c5d3903234cd391,2,7,3,3,0
Gemini 3.8 Flash,independent,671fee575a0f70920ad3bd80,2,7,3,2,2
Gemini 3.8 Flash,independent,671ffad8e46fcc9dbd54ce6e,1,7,3,1,1
Gemini 3.8 Flash,independent,672045da452d0bd5546e11e6,2,7,3,1,0
Gemini 3.8 Flash,independent,6720d5455cedc02ed70dbe42,3,7,3,4,0
Gemini 3.8 Flash,independent,6721fbd7b5bc9936c245bb78,1,7,3,0,0
Gemini 3.8 Flash,independent,67232c88e22b01bfa7b8f156,2,7,3,3,0
Gemini 3.8 Flash,independent,6723658569bb6b9a5a4499b0,1,7,3,0,0
Gemini 3.8 Flash,independent,672403fa5461772b24b2e651,2,7,3,1,1
Gemini 3.8 Flash,independent,67240e5586f4c71a70e0b498,2,7,3,3,3
Gemini 3.8 Flash,independent,67240e5786f4c71a70e0b499,3,7,3,4,4
Gemini 3.8 Flash,independent,67242f1f911674ab1b5d904b,3,7,3,4,0
Gemini 3.8 Flash,independent,672433577fb5d24be68f010d,2,7,3,2,2
Gemini 3.8 Flash,independent,67243887a7c5f8f463109d82,2,7,3,2,0
Gemini 3.8 Flash,independent,672455ce7a14971607e3d9f0,2,7,3,2,2
Gemini 3.8 Flash,independent,6724db7012a8d5ea6a619372,3,7,3,3,3
Gemini 3.8 Flash,independent,6724f8b80c7d03e5a66cce57,3,7,3,1,1
Gemini 3.8 Flash,independent,6724ff0dea5926938a631b9e,2,7,3,4,0
Gemini 3.8 Flash,independent,6724ffb21d07f0962c8993cf,1,7,3,0,0
Gemini 3.8 Flash,independent,672507e82cc2a1349f1ffaf1,1,7,3,1,1
Gemini 3.8 Flash,independent,672528b1fc012fdec7fc63c8,1,7,3,1,0
Gemini 3.8 Flash,independent,67253c33ad98e94b47ea3477,1,7,3,3,3
Gemini 3.8 Flash,independent,67254a56046774791d0f1a41,2,7,3,2,2
Gemini 3.8 Flash,independent,67256656d246bf5d21d1377e,3,7,3,2,0
Gemini 3.8 Flash,independent,672572ba1b7caf96dfa80324,3,7,3,4,0
Gemini 3.8 Flash,independent,6725b1b58255543498bdcbd1,3,7,3,2,0
Gemini 3.8 Flash,independent,67260ae24ee1765ace1c8a54,3,7,3,0,0
Gemini 3.8 Flash,independent,672626078a65c5d33e24d92c,2,7,3,3,0
Gemini 3.8 Flash,independent,6726941826b7fc6a39fbe581,3,7,3,3,0
Gemini 3.8 Flash,independent,672b304eddf99de9738de25d,2,7,3,2,0
Gemini 3.8 Flash,independent,672bb2605a3e88050ba2cef8,1,7,3,0,0
Gemini 3.8 Flash,independent,672bb9be168a1a30f1f92fcc,2,7,3,3,0
Gemini 3.8 Flash,independent,672e50c6b9281732f28aa0f3,3,7,3,4,4
Gemini 3.8 Flash,independent,672e6e4a85ed85778c0fb28e,1,7,3,0,0
Gemini 3.8 Flash,independent,672ff71e724ca22f42c0ff85,1,7,3,1,1
Gemini 3.8 Flash,independent,6732839d5526e01108e12127,2,7,3,2,2
Gemini 3.8 Flash,independent,6733fca10a354898fb579c2e,1,7,3,1,1
Gemini 3.8 Flash,independent,6736edefe41312420acd05a0,2,7,3,0,0
Gemini 3.8 Flash,independent,67371f93d09c0e422ae3658b,2,7,3,4,0
Gemini 3.8 Flash,independent,673735aa61f20f11eb1097d2,2,7,3,4,0
Gemini 3.8 Flash,independent,67375e6f8b1cc52c211f95ce,3,7,3,4,1
Gemini 3.8 Flash,independent,673799cf4d349e2ed66792d2,3,7,3,4,0
Gemini 3.8 Flash,independent,67399d0163641fb0bc110db9,3,7,3,4,0
Gemini 3.8 Flash,independent,673a5fa4329d98c7d4b69d60,3,7,3,4,0
Gemini 3.8 Flash,independent,673a76559e89466aa6433f66,1,7,3,1,1
Gemini 3.8 Flash,independent,673fce92f7f86aa77259187a,1,7,3,3,3
Gemini 3.8 Flash,independent,6749b2994fd3108e46cd57d7,1,7,3,0,0
Gemini 3.8 Flash,independent,67672352c393c4ff629cb820,1,7,3,1,0
Gemini 3.8 Flash,independent,6770832c6b74a5103a07f031,1,7,3,1,0
Gemini 3.8 Flash,independent,677b26a903cb2e13f2c755ef,1,7,3,1,1
Gemini 3.8 Flash,independent,67a47e0425adc58b1e414011,1,7,3,3,0
Gemini 3.8 Flash,independent,67d09fd38fd17c121c0b49ad,3,7,3,4,0
Gemini 3.8 Flash,independent,66e884515ab37f0a7da089bf,1,8,0,0,0
Gemini 3.8 Flash,independent,66e88728ba7d8bc0d5806f3a,2,8,0,2,0
Gemini 3.8 Flash,independent,66e8d4736299517dd7a5da8c,3,8,0,7,5
Gemini 3.8 Flash,independent,66e906f860abc895aedcf467,3,8,0,5,0
Gemini 3.8 Flash,independent,66e962f814e5657e81349bfa,1,8,0,3,0
Gemini 3.8 Flash,independent,66e996260930c00374ceaa0b,3,8,0,8,0
Gemini 3.8 Flash,independent,66e9c038d2d1c2dec1f6978e,1,8,0,3,0
Gemini 3.8 Flash,independent,66e9fc11c19c8c61add294f0,1,8,0,3,0
Gemini 3.8 Flash,independent,66ea29ab7131229007ccbd9d,2,8,0,2,0
Gemini 3.8 Flash,independent,66eae4e351a34eec5d943952,3,8,0,4,0
Gemini 3.8 Flash,independent,66eafb96b082c5e6a76a49c0,1,8,0,1,0
Gemini 3.8 Flash,independent,66eb206f99363a31f68414bc,3,8,0,6,0
Gemini 3.8 Flash,independent,66ed28dfde312a049a78b3ba,3,8,0,2,2
Gemini 3.8 Flash,independent,66f000874b6bc4f9d21fc7fa,2,8,0,5,0
Gemini 3.8 Flash,independent,66f03563a291f119cd841967,1,8,0,2,2
Gemini 3.8 Flash,independent,66f2b236b1d41433f8a4edea,1,8,0,3,3
Gemini 3.8 Flash,independent,66f3117acff7b10052fe1e3d,2,8,0,7,0
Gemini 3.8 Flash,independent,66f42e3287046c01dba2115b,3,8,0,1,1
Gemini 3.8 Flash,independent,66f57e3ddc7259d8b5bb0b46,1,8,0,6,0
Gemini 3.8 Flash,independent,66f77487fb10531253ee7842,3,8,0,6,0
Gemini 3.8 Flash,independent,66f83aed0d92e99048a4ae9d,1,8,0,5,0
Gemini 3.8 Flash,independent,66fc2282b7609fc1d8099125,2,8,0,3,3
Gemini 3.8 Flash,independent,66fc5e611f5f3f3b48ae9566,1,8,0,5,0
Gemini 3.8 Flash,independent,66fc8f1b8a73f859d8fa1608,3,8,0,6,0
Gemini 3.8 Flash,independent,66fe596c0eeb4521791d31ef,3,8,0,6,0
Gemini 3.8 Flash,independent,66fe796bc12cbe6aeaa26e69,3,8,0,5,0
Gemini 3.8 Flash,independent,670010ff77983eff561814b2,1,8,0,2,2
Gemini 3.8 Flash,independent,6700a5676c339d61ecccb86d,1,8,0,3,0
Gemini 3.8 Flash,independent,67015a7f6a2b21f149f3aaba,2,8,0,1,1
Gemini 3.8 Flash,independent,6701de16d9e4cd1aa812414b,3,8,0,7,0
Gemini 3.8 Flash,independent,6704409592a84f23e5b73e95,2,8,0,5,0
Gemini 3.8 Flash,independent,670620323fd82754d2f4cc7c,3,8,0,7,0
Gemini 3.8 Flash,independent,67095af56022f900e8e76028,1,8,0,5,0
Gemini 3.8 Flash,independent,670b307567eb710437409184,1,8,0,3,3
Gemini 3.8 Flash,independent,670c83ba4aece479236947cb,1,8,0,6,0
Gemini 3.8 Flash,independent,670d933ad54037c51abbe3ca,1,8,0,2,0
Gemini 3.8 Flash,independent,670daa682c5d078fa33fba12,1,8,0,1,0
Gemini 3.8 Flash,independent,670e5c2720bb63b6da63b879,3,8,0,5,0
Gemini 3.8 Flash,independent,670e9b885d472377f6c572a2,2,8,0,7,1
Gemini 3.8 Flash,independent,6710f26eaa2039046e5aea6e,3,8,0,5,0
Gemini 3.8 Flash,independent,6711eb4e1c08a07a8d243847,3,8,0,8,0
Gemini 3.8 Flash,independent,6715a17ddf8f7209e373b9b0,2,8,0,2,0
Gemini 3.8 Flash,independent,671699cb0b00e84566da1812,3,8,0,6,0
Gemini 3.8 Flash,independent,6716e894e9b87625209506ca,3,8,0,7,0
Gemini 3.8 Flash,independent,671702c1e5b9112a7699686f,1,8,0,1,1
Gemini 3.8 Flash,independent,6718487afba38eebcbc8034b,1,8,0,2,0
Gemini 3.8 Flash,independent,671aa91f6a8e7c23ccbf902b,2,8,0,4,4
Gemini 3.8 Flash,independent,671abddb40e08981d8fd796a,1,8,0,1,1
Gemini 3.8 Flash,independent,671ac641136758472327f851,2,8,0,1,1
Gemini 3.8 Flash,independent,671ad5ceed3d54e87368bc68,1,8,0,6,0
Gemini 3.8 Flash,independent,671bb0b0863984716ffe8850,2,8,0,7,0
Gemini 3.8 Flash,independent,671d9eb3355c956ce7de5a90,3,8,0,3,0
Gemini 3.8 Flash,independent,671dfacd16b873a455cbd5e0,1,8,0,7,0
Gemini 3.8 Flash,independent,671f1f88e6600c2d52d9fbe6,1,8,0,2,2
Gemini 3.8 Flash,independent,671f2b0ee38f776acdad8aa1,1,8,0,0,0
Gemini 3.8 Flash,independent,671fc9d46c5d3903234cd391,2,8,0,8,0
Gemini 3.8 Flash,independent,671fee575a0f70920ad3bd80,2,8,0,3,0
Gemini 3.8 Flash,independent,671ffad8e46fcc9dbd54ce6e,1,8,0,2,2
Gemini 3.8 Flash,independent,672045da452d0bd5546e11e6,2,8,0,2,0
Gemini 3.8 Flash,independent,6720d5455cedc02ed70dbe42,3,8,0,6,0
Gemini 3.8 Flash,independent,6721fbd7b5bc9936c245bb78,1,8,0,0,0
Gemini 3.8 Flash,independent,67232c88e22b01bfa7b8f156,2,8,0,3,0
Gemini 3.8 Flash,independent,6723658569bb6b9a5a4499b0,1,8,0,0,0
Gemini 3.8 Flash,independent,672403fa5461772b24b2e651,2,8,0,1,1
Gemini 3.8 Flash,independent,67240e5586f4c71a70e0b498,2,8,0,5,0
Gemini 3.8 Flash,independent,67240e5786f4c71a70e0b499,3,8,0,7,0
Gemini 3.8 Flash,independent,67242f1f911674ab1b5d904b,3,8,0,7,0
Gemini 3.8 Flash,independent,672433577fb5d24be68f010d,2,8,0,2,2
Gemini 3.8 Flash,independent,67243887a7c5f8f463109d82,2,8,0,6,0
Gemini 3.8 Flash,independent,672455ce7a14971607e3d9f0,2,8,0,3,0
Gemini 3.8 Flash,independent,6724db7012a8d5ea6a619372,3,8,0,4,4
Gemini 3.8 Flash,independent,6724f8b80c7d03e5a66cce57,3,8,0,8,0
Gemini 3.8 Flash,independent,6724ff0dea5926938a631b9e,2,8,0,6,0
Gemini 3.8 Flash,independent,6724ffb21d07f0962c8993cf,1,8,0,2,2
Gemini 3.8 Flash,independent,672507e82cc2a1349f1ffaf1,1,8,0,2,2
Gemini 3.8 Flash,independent,672528b1fc012fdec7fc63c8,1,8,0,2,0
Gemini 3.8 Flash,independent,67253c33ad98e94b47ea3477,1,8,0,4,0
Gemini 3.8 Flash,independent,67254a56046774791d0f1a41,2,8,0,5,5
Gemini 3.8 Flash,independent,67256656d246bf5d21d1377e,3,8,0,8,0
Gemini 3.8 Flash,independent,672572ba1b7caf96dfa80324,3,8,0,6,0
Gemini 3.8 Flash,independent,6725b1b58255543498bdcbd1,3,8,0,3,0
Gemini 3.8 Flash,independent,67260ae24ee1765ace1c8a54,3,8,0,1,1
Gemini 3.8 Flash,independent,672626078a65c5d33e24d92c,2,8,0,2,0
Gemini 3.8 Flash,independent,6726941826b7fc6a39fbe581,3,8,0,7,0
Gemini 3.8 Flash,independent,672b304eddf99de9738de25d,2,8,0,7,0
Gemini 3.8 Flash,independent,672bb2605a3e88050ba2cef8,1,8,0,6,0
Gemini 3.8 Flash,independent,672bb9be168a1a30f1f92fcc,2,8,0,5,0
Gemini 3.8 Flash,independent,672e50c6b9281732f28aa0f3,3,8,0,1,1
Gemini 3.8 Flash,independent,672e6e4a85ed85778c0fb28e,1,8,0,1,1
Gemini 3.8 Flash,independent,672ff71e724ca22f42c0ff85,1,8,0,1,1
Gemini 3.8 Flash,independent,6732839d5526e01108e12127,2,8,0,7,0
Gemini 3.8 Flash,independent,6733fca10a354898fb579c2e,1,8,0,4,0
Gemini 3.8 Flash,independent,6736edefe41312420acd05a0,2,8,0,7,0
Gemini 3.8 Flash,independent,67371f93d09c0e422ae3658b,2,8,0,6,0
Gemini 3.8 Flash,independent,673735aa61f20f11eb1097d2,2,8,0,6,0
Gemini 3.8 Flash,independent,67375e6f8b1cc52c211f95ce,3,8,0,6,1
Gemini 3.8 Flash,independent,673799cf4d349e2ed66792d2,3,8,0,4,0
Gemini 3.8 Flash,independent,67399d0163641fb0bc110db9,3,8,0,6,0
Gemini 3.8 Flash,independent,673a5fa4329d98c7d4b69d60,3,8,0,6,0
Gemini 3.8 Flash,independent,673a76559e89466aa6433f66,1,8,0,8,0
Gemini 3.8 Flash,independent,673fce92f7f86aa77259187a,1,8,0,4,1
Gemini 3.8 Flash,independent,6749b2994fd3108e46cd57d7,1,8,0,1,0
Gemini 3.8 Flash,independent,67672352c393c4ff629cb820,1,8,0,1,0
Gemini 3.8 Flash,independent,6770832c6b74a5103a07f031,1,8,0,4,0
Gemini 3.8 Flash,independent,677b26a903cb2e13f2c755ef,1,8,0,0,0
Gemini 3.8 Flash,independent,67a47e0425adc58b1e414011,1,8,0,7,0
Gemini 3.8 Flash,independent,67d09fd38fd17c121c0b49ad,3,8,0,8,0
Gemini 3.8 Flash,independent,66e884515ab37f0a7da089bf,1,10,2,2,2
Gemini 3.8 Flash,independent,66e88728ba7d8bc0d5806f3a,2,10,2,3,0
Gemini 3.8 Flash,independent,66e8d4736299517dd7a5da8c,3,10,2,7,7
Gemini 3.8 Flash,independent,66e906f860abc895aedcf467,3,10,2,3,0
Gemini 3.8 Flash,independent,66e962f814e5657e81349bfa,1,10,2,1,0
Gemini 3.8 Flash,independent,66e996260930c00374ceaa0b,3,10,2,8,0
Gemini 3.8 Flash,independent,66e9c038d2d1c2dec1f6978e,1,10,2,3,0
Gemini 3.8 Flash,independent,66e9fc11c19c8c61add294f0,1,10,2,2,2
Gemini 3.8 Flash,independent,66ea29ab7131229007ccbd9d,2,10,2,3,0
Gemini 3.8 Flash,independent,66eae4e351a34eec5d943952,3,10,2,7,0
Gemini 3.8 Flash,independent,66eafb96b082c5e6a76a49c0,1,10,2,1,0
Gemini 3.8 Flash,independent,66eb206f99363a31f68414bc,3,10,2,7,0
Gemini 3.8 Flash,independent,66ed28dfde312a049a78b3ba,3,10,2,4,0
Gemini 3.8 Flash,independent,66f000874b6bc4f9d21fc7fa,2,10,2,3,3
Gemini 3.8 Flash,independent,66f03563a291f119cd841967,1,10,2,1,1
Gemini 3.8 Flash,independent,66f2b236b1d41433f8a4edea,1,10,2,1,1
Gemini 3.8 Flash,independent,66f3117acff7b10052fe1e3d,2,10,2,6,0
Gemini 3.8 Flash,independent,66f42e3287046c01dba2115b,3,10,2,1,1
Gemini 3.8 Flash,independent,66f57e3ddc7259d8b5bb0b46,1,10,2,7,0
Gemini 3.8 Flash,independent,66f77487fb10531253ee7842,3,10,2,3,3
Gemini 3.8 Flash,independent,66f83aed0d92e99048a4ae9d,1,10,2,8,0
Gemini 3.8 Flash,independent,66fc2282b7609fc1d8099125,2,10,2,5,5
Gemini 3.8 Flash,independent,66fc5e611f5f3f3b48ae9566,1,10,2,4,0
Gemini 3.8 Flash,independent,66fc8f1b8a73f859d8fa1608,3,10,2,5,0
Gemini 3.8 Flash,independent,66fe596c0eeb4521791d31ef,3,10,2,4,0
Gemini 3.8 Flash,independent,66fe796bc12cbe6aeaa26e69,3,10,2,6,3
Gemini 3.8 Flash,independent,670010ff77983eff561814b2,1,10,2,2,2
Gemini 3.8 Flash,independent,6700a5676c339d61ecccb86d,1,10,2,3,0
Gemini 3.8 Flash,independent,67015a7f6a2b21f149f3aaba,2,10,2,0,0
Gemini 3.8 Flash,independent,6701de16d9e4cd1aa812414b,3,10,2,8,0
Gemini 3.8 Flash,independent,6704409592a84f23e5b73e95,2,10,2,4,0
Gemini 3.8 Flash,independent,670620323fd82754d2f4cc7c,3,10,2,7,0
Gemini 3.8 Flash,independent,67095af56022f900e8e76028,1,10,2,2,2
Gemini 3.8 Flash,independent,670b307567eb710437409184,1,10,2,4,4
Gemini 3.8 Flash,independent,670c83ba4aece479236947cb,1,10,2,4,0
Gemini 3.8 Flash,independent,670d933ad54037c51abbe3ca,1,10,2,2,0
Gemini 3.8 Flash,independent,670daa682c5d078fa33fba12,1,10,2,2,0
Gemini 3.8 Flash,independent,670e5c2720bb63b6da63b879,3,10,2,6,0
Gemini 3.8 Flash,independent,670e9b885d472377f6c572a2,2,10,2,7,2
Gemini 3.8 Flash,independent,6710f26eaa2039046e5aea6e,3,10,2,8,0
Gemini 3.8 Flash,independent,6711eb4e1c08a07a8d243847,3,10,2,8,0
Gemini 3.8 Flash,independent,6715a17ddf8f7209e373b9b0,2,10,2,3,0
Gemini 3.8 Flash,independent,671699cb0b00e84566da1812,3,10,2,8,0
Gemini 3.8 Flash,independent,6716e894e9b87625209506ca,3,10,2,6,0
Gemini 3.8 Flash,independent,671702c1e5b9112a7699686f,1,10,2,0,0
Gemini 3.8 Flash,independent,6718487afba38eebcbc8034b,1,10,2,3,0
Gemini 3.8 Flash,independent,671aa91f6a8e7c23ccbf902b,2,10,2,5,5
Gemini 3.8 Flash,independent,671abddb40e08981d8fd796a,1,10,2,1,1
Gemini 3.8 Flash,independent,671ac641136758472327f851,2,10,2,1,1
Gemini 3.8 Flash,independent,671ad5ceed3d54e87368bc68,1,10,2,5,0
Gemini 3.8 Flash,independent,671bb0b0863984716ffe8850,2,10,2,8,0
Gemini 3.8 Flash,independent,671d9eb3355c956ce7de5a90,3,10,2,7,0
Gemini 3.8 Flash,independent,671dfacd16b873a455cbd5e0,1,10,2,6,0
Gemini 3.8 Flash,independent,671f1f88e6600c2d52d9fbe6,1,10,2,2,0
Gemini 3.8 Flash,independent,671f2b0ee38f776acdad8aa1,1,10,2,1,1
Gemini 3.8 Flash,independent,671fc9d46c5d3903234cd391,2,10,2,7,0
Gemini 3.8 Flash,independent,671fee575a0f70920ad3bd80,2,10,2,4,4
Gemini 3.8 Flash,independent,671ffad8e46fcc9dbd54ce6e,1,10,2,4,4
Gemini 3.8 Flash,independent,672045da452d0bd5546e11e6,2,10,2,0,0
Gemini 3.8 Flash,independent,6720d5455cedc02ed70dbe42,3,10,2,7,0
Gemini 3.8 Flash,independent,6721fbd7b5bc9936c245bb78,1,10,2,0,0
Gemini 3.8 Flash,independent,67232c88e22b01bfa7b8f156,2,10,2,6,0
Gemini 3.8 Flash,independent,6723658569bb6b9a5a4499b0,1,10,2,1,0
Gemini 3.8 Flash,independent,672403fa5461772b24b2e651,2,10,2,1,1
Gemini 3.8 Flash,independent,67240e5586f4c71a70e0b498,2,10,2,3,3
Gemini 3.8 Flash,independent,67240e5786f4c71a70e0b499,3,10,2,8,0
Gemini 3.8 Flash,independent,67242f1f911674ab1b5d904b,3,10,2,7,0
Gemini 3.8 Flash,independent,672433577fb5d24be68f010d,2,10,2,4,0
Gemini 3.8 Flash,independent,67243887a7c5f8f463109d82,2,10,2,3,0
Gemini 3.8 Flash,independent,672455ce7a14971607e3d9f0,2,10,2,2,2
Gemini 3.8 Flash,independent,6724db7012a8d5ea6a619372,3,10,2,6,0
Gemini 3.8 Flash,independent,6724f8b80c7d03e5a66cce57,3,10,2,6,0
Gemini 3.8 Flash,independent,6724ff0dea5926938a631b9e,2,10,2,6,0
Gemini 3.8 Flash,independent,6724ffb21d07f0962c8993cf,1,10,2,0,0
Gemini 3.8 Flash,independent,672507e82cc2a1349f1ffaf1,1,10,2,2,2
Gemini 3.8 Flash,independent,672528b1fc012fdec7fc63c8,1,10,2,1,1
Gemini 3.8 Flash,independent,67253c33ad98e94b47ea3477,1,10,2,4,4
Gemini 3.8 Flash,independent,67254a56046774791d0f1a41,2,10,2,8,0
Gemini 3.8 Flash,independent,67256656d246bf5d21d1377e,3,10,2,7,0
Gemini 3.8 Flash,independent,672572ba1b7caf96dfa80324,3,10,2,6,0
Gemini 3.8 Flash,independent,6725b1b58255543498bdcbd1,3,10,2,6,0
Gemini 3.8 Flash,independent,67260ae24ee1765ace1c8a54,3,10,2,2,1
Gemini 3.8 Flash,independent,672626078a65c5d33e24d92c,2,10,2,1,1
Gemini 3.8 Flash,independent,6726941826b7fc6a39fbe581,3,10,2,3,3
Gemini 3.8 Flash,independent,672b304eddf99de9738de25d,2,10,2,6,0
Gemini 3.8 Flash,independent,672bb2605a3e88050ba2cef8,1,10,2,0,0
Gemini 3.8 Flash,independent,672bb9be168a1a30f1f92fcc,2,10,2,5,0
Gemini 3.8 Flash,independent,672e50c6b9281732f28aa0f3,3,10,2,6,0
Gemini 3.8 Flash,independent,672e6e4a85ed85778c0fb28e,1,10,2,2,2
Gemini 3.8 Flash,independent,672ff71e724ca22f42c0ff85,1,10,2,1,1
Gemini 3.8 Flash,independent,6732839d5526e01108e12127,2,10,2,4,4
Gemini 3.8 Flash,independent,6733fca10a354898fb579c2e,1,10,2,3,3
Gemini 3.8 Flash,independent,6736edefe41312420acd05a0,2,10,2,4,0
Gemini 3.8 Flash,independent,67371f93d09c0e422ae3658b,2,10,2,6,0
Gemini 3.8 Flash,independent,673735aa61f20f11eb1097d2,2,10,2,7,0
Gemini 3.8 Flash,independent,67375e6f8b1cc52c211f95ce,3,10,2,7,0
Gemini 3.8 Flash,independent,673799cf4d349e2ed66792d2,3,10,2,7,0
Gemini 3.8 Flash,independent,67399d0163641fb0bc110db9,3,10,2,6,0
Gemini 3.8 Flash,independent,673a5fa4329d98c7d4b69d60,3,10,2,8,0
Gemini 3.8 Flash,independent,673a76559e89466aa6433f66,1,10,2,4,0
Gemini 3.8 Flash,independent,673fce92f7f86aa77259187a,1,10,2,4,4
Gemini 3.8 Flash,independent,6749b2994fd3108e46cd57d7,1,10,2,2,0
Gemini 3.8 Flash,independent,67672352c393c4ff629cb820,1,10,2,0,0
Gemini 3.8 Flash,independent,6770832c6b74a5103a07f031,1,10,2,0,0
Gemini 3.8 Flash,independent,677b26a903cb2e13f2c755ef,1,10,2,1,1
Gemini 3.8 Flash,independent,67a47e0425adc58b1e414011,1,10,2,4,0
Gemini 3.8 Flash,independent,67d09fd38fd17c121c0b49ad,3,10,2,8,0
Gemini 3.8 Flash,independent,66e884515ab37f0a7da089bf,1,12,4,0,0
Gemini 3.8 Flash,independent,66e88728ba7d8bc0d5806f3a,2,12,4,2,0
Gemini 3.8 Flash,independent,66e8d4736299517dd7a5da8c,3,12,4,7,7
Gemini 3.8 Flash,independent,66e906f860abc895aedcf467,3,12,4,5,0
Gemini 3.8 Flash,independent,66e962f814e5657e81349bfa,1,12,4,3,0
Gemini 3.8 Flash,independent,66e996260930c00374ceaa0b,3,12,4,8,0
Gemini 3.8 Flash,independent,66e9c038d2d1c2dec1f6978e,1,12,4,2,2
Gemini 3.8 Flash,independent,66e9fc11c19c8c61add294f0,1,12,4,3,3
Gemini 3.8 Flash,independent,66ea29ab7131229007ccbd9d,2,12,4,2,0
Gemini 3.8 Flash,independent,66eae4e351a34eec5d943952,3,12,4,4,0
Gemini 3.8 Flash,independent,66eafb96b082c5e6a76a49c0,1,12,4,1,0
Gemini 3.8 Flash,independent,66eb206f99363a31f68414bc,3,12,4,7,0
Gemini 3.8 Flash,independent,66ed28dfde312a049a78b3ba,3,12,4,1,1
Gemini 3.8 Flash,independent,66f000874b6bc4f9d21fc7fa,2,12,4,4,0
Gemini 3.8 Flash,independent,66f03563a291f119cd841967,1,12,4,1,1
Gemini 3.8 Flash,independent,66f2b236b1d41433f8a4edea,1,12,4,5,0
Gemini 3.8 Flash,independent,66f3117acff7b10052fe1e3d,2,12,4,6,0
Gemini 3.8 Flash,independent,66f42e3287046c01dba2115b,3,12,4,1,0
Gemini 3.8 Flash,independent,66f57e3ddc7259d8b5bb0b46,1,12,4,5,0
Gemini 3.8 Flash,independent,66f77487fb10531253ee7842,3,12,4,7,7
Gemini 3.8 Flash,independent,66f83aed0d92e99048a4ae9d,1,12,4,3,0
Gemini 3.8 Flash,independent,66fc2282b7609fc1d8099125,2,12,4,4,4
Gemini 3.8 Flash,independent,66fc5e611f5f3f3b48ae9566,1,12,4,2,2
Gemini 3.8 Flash,independent,66fc8f1b8a73f859d8fa1608,3,12,4,5,5
Gemini 3.8 Flash,independent,66fe596c0eeb4521791d31ef,3,12,4,3,0
Gemini 3.8 Flash,independent,66fe796bc12cbe6aeaa26e69,3,12,4,5,5
Gemini 3.8 Flash,independent,670010ff77983eff561814b2,1,12,4,4,4
Gemini 3.8 Flash,independent,6700a5676c339d61ecccb86d,1,12,4,5,0
Gemini 3.8 Flash,independent,67015a7f6a2b21f149f3aaba,2,12,4,1,1
Gemini 3.8 Flash,independent,6701de16d9e4cd1aa812414b,3,12,4,8,0
Gemini 3.8 Flash,independent,6704409592a84f23e5b73e95,2,12,4,7,0
Gemini 3.8 Flash,independent,670620323fd82754d2f4cc7c,3,12,4,6,0
Gemini 3.8 Flash,independent,67095af56022f900e8e76028,1,12,4,2,2
Gemini 3.8 Flash,independent,670b307567eb710437409184,1,12,4,2,2
Gemini 3.8 Flash,independent,670c83ba4aece479236947cb,1,12,4,5,0
Gemini 3.8 Flash,independent,670d933ad54037c51abbe3ca,1,12,4,3,3
Gemini 3.8 Flash,independent,670daa682c5d078fa33fba12,1,12,4,1,1
Gemini 3.8 Flash,independent,670e5c2720bb63b6da63b879,3,12,4,5,0
Gemini 3.8 Flash,independent,670e9b885d472377f6c572a2,2,12,4,6,1
Gemini 3.8 Flash,independent,6710f26eaa2039046e5aea6e,3,12,4,8,0
Gemini 3.8 Flash,independent,6711eb4e1c08a07a8d243847,3,12,4,8,0
Gemini 3.8 Flash,independent,6715a17ddf8f7209e373b9b0,2,12,4,1,1
Gemini 3.8 Flash,independent,671699cb0b00e84566da1812,3,12,4,7,0
Gemini 3.8 Flash,independent,6716e894e9b87625209506ca,3,12,4,7,0
Gemini 3.8 Flash,independent,671702c1e5b9112a7699686f,1,12,4,0,0
Gemini 3.8 Flash,independent,6718487afba38eebcbc8034b,1,12,4,5,0
Gemini 3.8 Flash,independent,671aa91f6a8e7c23ccbf902b,2,12,4,5,5
Gemini 3.8 Flash,independent,671abddb40e08981d8fd796a,1,12,4,2,2
Gemini 3.8 Flash,independent,671ac641136758472327f851,2,12,4,0,0
Gemini 3.8 Flash,independent,671ad5ceed3d54e87368bc68,1,12,4,3,0
Gemini 3.8 Flash,independent,671bb0b0863984716ffe8850,2,12,4,8,0
Gemini 3.8 Flash,independent,671d9eb3355c956ce7de5a90,3,12,4,3,0
Gemini 3.8 Flash,independent,671dfacd16b873a455cbd5e0,1,12,4,5,0
Gemini 3.8 Flash,independent,671f1f88e6600c2d52d9fbe6,1,12,4,3,0
Gemini 3.8 Flash,independent,671f2b0ee38f776acdad8aa1,1,12,4,0,0
Gemini 3.8 Flash,independent,671fc9d46c5d3903234cd391,2,12,4,8,0
Gemini 3.8 Flash,independent,671fee575a0f70920ad3bd80,2,12,4,3,3
Gemini 3.8 Flash,independent,671ffad8e46fcc9dbd54ce6e,1,12,4,2,2
Gemini 3.8 Flash,independent,672045da452d0bd5546e11e6,2,12,4,0,0
Gemini 3.8 Flash,independent,6720d5455cedc02ed70dbe42,3,12,4,4,0
Gemini 3.8 Flash,independent,6721fbd7b5bc9936c245bb78,1,12,4,1,1
Gemini 3.8 Flash,independent,67232c88e22b01bfa7b8f156,2,12,4,3,0
Gemini 3.8 Flash,independent,6723658569bb6b9a5a4499b0,1,12,4,0,0
Gemini 3.8 Flash,independent,672403fa5461772b24b2e651,2,12,4,0,0
Gemini 3.8 Flash,independent,67240e5586f4c71a70e0b498,2,12,4,5,5
Gemini 3.8 Flash,independent,67240e5786f4c71a70e0b499,3,12,4,7,0
Gemini 3.8 Flash,independent,67242f1f911674ab1b5d904b,3,12,4,8,0
Gemini 3.8 Flash,independent,672433577fb5d24be68f010d,2,12,4,5,5
Gemini 3.8 Flash,independent,67243887a7c5f8f463109d82,2,12,4,4,4
Gemini 3.8 Flash,independent,672455ce7a14971607e3d9f0,2,12,4,4,4
Gemini 3.8 Flash,independent,6724db7012a8d5ea6a619372,3,12,4,7,7
Gemini 3.8 Flash,independent,6724f8b80c7d03e5a66cce57,3,12,4,4,4
Gemini 3.8 Flash,independent,6724ff0dea5926938a631b9e,2,12,4,7,0
Gemini 3.8 Flash,independent,6724ffb21d07f0962c8993cf,1,12,4,2,2
Gemini 3.8 Flash,independent,672507e82cc2a1349f1ffaf1,1,12,4,1,1
Gemini 3.8 Flash,independent,672528b1fc012fdec7fc63c8,1,12,4,0,0
Gemini 3.8 Flash,independent,67253c33ad98e94b47ea3477,1,12,4,2,2
Gemini 3.8 Flash,independent,67254a56046774791d0f1a41,2,12,4,5,5
Gemini 3.8 Flash,independent,67256656d246bf5d21d1377e,3,12,4,8,0
Gemini 3.8 Flash,independent,672572ba1b7caf96dfa80324,3,12,4,7,0
Gemini 3.8 Flash,independent,6725b1b58255543498bdcbd1,3,12,4,4,0
Gemini 3.8 Flash,independent,67260ae24ee1765ace1c8a54,3,12,4,3,0
Gemini 3.8 Flash,independent,672626078a65c5d33e24d92c,2,12,4,2,0
Gemini 3.8 Flash,independent,6726941826b7fc6a39fbe581,3,12,4,4,4
Gemini 3.8 Flash,independent,672b304eddf99de9738de25d,2,12,4,6,0
Gemini 3.8 Flash,independent,672bb2605a3e88050ba2cef8,1,12,4,2,2
Gemini 3.8 Flash,independent,672bb9be168a1a30f1f92fcc,2,12,4,7,0
Gemini 3.8 Flash,independent,672e50c6b9281732f28aa0f3,3,12,4,5,5
Gemini 3.8 Flash,independent,672e6e4a85ed85778c0fb28e,1,12,4,1,1
Gemini 3.8 Flash,independent,672ff71e724ca22f42c0ff85,1,12,4,2,2
Gemini 3.8 Flash,independent,6732839d5526e01108e12127,2,12,4,6,0
Gemini 3.8 Flash,independent,6733fca10a354898fb579c2e,1,12,4,4,4
Gemini 3.8 Flash,independent,6736edefe41312420acd05a0,2,12,4,3,0
Gemini 3.8 Flash,independent,67371f93d09c0e422ae3658b,2,12,4,4,1
Gemini 3.8 Flash,independent,673735aa61f20f11eb1097d2,2,12,4,5,0
Gemini 3.8 Flash,independent,67375e6f8b1cc52c211f95ce,3,12,4,8,1
Gemini 3.8 Flash,independent,673799cf4d349e2ed66792d2,3,12,4,5,0
Gemini 3.8 Flash,independent,67399d0163641fb0bc110db9,3,12,4,8,0
Gemini 3.8 Flash,independent,673a5fa4329d98c7d4b69d60,3,12,4,7,0
Gemini 3.8 Flash,independent,673a76559e89466aa6433f66,1,12,4,3,0
Gemini 3.8 Flash,independent,673fce92f7f86aa77259187a,1,12,4,4,3
Gemini 3.8 Flash,independent,6749b2994fd3108e46cd57d7,1,12,4,1,0
Gemini 3.8 Flash,independent,67672352c393c4ff629cb820,1,12,4,1,1
Gemini 3.8 Flash,independent,6770832c6b74a5103a07f031,1,12,4,1,0
Gemini 3.8 Flash,independent,677b26a903cb2e13f2c755ef,1,12,4,4,4
Gemini 3.8 Flash,independent,67a47e0425adc58b1e414011,1,12,4,7,0
Gemini 3.8 Flash,independent,67d09fd38fd17c121c0b49ad,3,12,4,8,0
Gemini 3.8 Flash,independent,66e884515ab37f0a7da089bf,1,14,6,0,0
Gemini 3.8 Flash,independent,66e88728ba7d8bc0d5806f3a,2,14,6,2,2
Gemini 3.8 Flash,independent,66e8d4736299517dd7a5da8c,3,14,6,7,7
Gemini 3.8 Flash,independent,66e906f860abc895aedcf467,3,14,6,4,0
Gemini 3.8 Flash,independent,66e962f814e5657e81349bfa,1,14,6,1,0
Gemini 3.8 Flash,independent,66e996260930c00374ceaa0b,3,14,6,8,0
Gemini 3.8 Flash,independent,66e9c038d2d1c2dec1f6978e,1,14,6,2,0
Gemini 3.8 Flash,independent,66e9fc11c19c8c61add294f0,1,14,6,2,2
Gemini 3.8 Flash,independent,66ea29ab7131229007ccbd9d,2,14,6,3,3
Gemini 3.8 Flash,independent,66eae4e351a34eec5d943952,3,14,6,5,0
Gemini 3.8 Flash,independent,66eafb96b082c5e6a76a49c0,1,14,6,0,0
Gemini 3.8 Flash,independent,66eb206f99363a31f68414bc,3,14,6,7,0
Gemini 3.8 Flash,independent,66ed28dfde312a049a78b3ba,3,14,6,4,0
Gemini 3.8 Flash,independent,66f000874b6bc4f9d21fc7fa,2,14,6,5,5
Gemini 3.8 Flash,independent,66f03563a291f119cd841967,1,14,6,3,3
Gemini 3.8 Flash,independent,66f2b236b1d41433f8a4edea,1,14,6,2,2
Gemini 3.8 Flash,independent,66f3117acff7b10052fe1e3d,2,14,6,7,0
Gemini 3.8 Flash,independent,66f42e3287046c01dba2115b,3,14,6,4,0
Gemini 3.8 Flash,independent,66f57e3ddc7259d8b5bb0b46,1,14,6,6,0
Gemini 3.8 Flash,independent,66f77487fb10531253ee7842,3,14,6,5,5
Gemini 3.8 Flash,independent,66f83aed0d92e99048a4ae9d,1,14,6,7,0
Gemini 3.8 Flash,independent,66fc2282b7609fc1d8099125,2,14,6,4,0
Gemini 3.8 Flash,independent,66fc5e611f5f3f3b48ae9566,1,14,6,3,0
Gemini 3.8 Flash,independent,66fc8f1b8a73f859d8fa1608,3,14,6,8,8
Gemini 3.8 Flash,independent,66fe596c0eeb4521791d31ef,3,14,6,1,1
Gemini 3.8 Flash,independent,66fe796bc12cbe6aeaa26e69,3,14,6,5,5
Gemini 3.8 Flash,independent,670010ff77983eff561814b2,1,14,6,1,1
Gemini 3.8 Flash,independent,6700a5676c339d61ecccb86d,1,14,6,1,1
Gemini 3.8 Flash,independent,67015a7f6a2b21f149f3aaba,2,14,6,2,2
Gemini 3.8 Flash,independent,6701de16d9e4cd1aa812414b,3,14,6,6,0
Gemini 3.8 Flash,independent,6704409592a84f23e5b73e95,2,14,6,6,0
Gemini 3.8 Flash,independent,670620323fd82754d2f4cc7c,3,14,6,8,0
Gemini 3.8 Flash,independent,67095af56022f900e8e76028,1,14,6,4,4
Gemini 3.8 Flash,independent,670b307567eb710437409184,1,14,6,3,3
Gemini 3.8 Flash,independent,670c83ba4aece479236947cb,1,14,6,6,0
Gemini 3.8 Flash,independent,670d933ad54037c51abbe3ca,1,14,6,3,0
Gemini 3.8 Flash,independent,670daa682c5d078fa33fba12,1,14,6,3,0
Gemini 3.8 Flash,independent,670e5c2720bb63b6da63b879,3,14,6,6,6
Gemini 3.8 Flash,independent,670e9b885d472377f6c572a2,2,14,6,5,5
Gemini 3.8 Flash,independent,6710f26eaa2039046e5aea6e,3,14,6,5,0
Gemini 3.8 Flash,independent,6711eb4e1c08a07a8d243847,3,14,6,8,0
Gemini 3.8 Flash,independent,6715a17ddf8f7209e373b9b0,2,14,6,2,2
Gemini 3.8 Flash,independent,671699cb0b00e84566da1812,3,14,6,6,0
Gemini 3.8 Flash,independent,6716e894e9b87625209506ca,3,14,6,7,0
Gemini 3.8 Flash,independent,671702c1e5b9112a7699686f,1,14,6,0,0
Gemini 3.8 Flash,independent,6718487afba38eebcbc8034b,1,14,6,0,0
Gemini 3.8 Flash,independent,671aa91f6a8e7c23ccbf902b,2,14,6,5,5
Gemini 3.8 Flash,independent,671abddb40e08981d8fd796a,1,14,6,0,0
Gemini 3.8 Flash,independent,671ac641136758472327f851,2,14,6,1,0
Gemini 3.8 Flash,independent,671ad5ceed3d54e87368bc68,1,14,6,4,0
Gemini 3.8 Flash,independent,671bb0b0863984716ffe8850,2,14,6,7,0
Gemini 3.8 Flash,independent,671d9eb3355c956ce7de5a90,3,14,6,2,0
Gemini 3.8 Flash,independent,671dfacd16b873a455cbd5e0,1,14,6,5,0
Gemini 3.8 Flash,independent,671f1f88e6600c2d52d9fbe6,1,14,6,1,1
Gemini 3.8 Flash,independent,671f2b0ee38f776acdad8aa1,1,14,6,1,1
Gemini 3.8 Flash,independent,671fc9d46c5d3903234cd391,2,14,6,8,0
Gemini 3.8 Flash,independent,671fee575a0f70920ad3bd80,2,14,6,4,4
Gemini 3.8 Flash,independent,671ffad8e46fcc9dbd54ce6e,1,14,6,2,2
Gemini 3.8 Flash,independent,672045da452d0bd5546e11e6,2,14,6,0,0
Gemini 3.8 Flash,independent,6720d5455cedc02ed70dbe42,3,14,6,5,0
Gemini 3.8 Flash,independent,6721fbd7b5bc9936c245bb78,1,14,6,0,0
Gemini 3.8 Flash,independent,67232c88e22b01bfa7b8f156,2,14,6,4,0
Gemini 3.8 Flash,independent,6723658569bb6b9a5a4499b0,1,14,6,0,0
Gemini 3.8 Flash,independent,672403fa5461772b24b2e651,2,14,6,1,1
Gemini 3.8 Flash,independent,67240e5586f4c71a70e0b498,2,14,6,5,5
Gemini 3.8 Flash,independent,67240e5786f4c71a70e0b499,3,14,6,7,0
Gemini 3.8 Flash,independent,67242f1f911674ab1b5d904b,3,14,6,8,8
Gemini 3.8 Flash,independent,672433577fb5d24be68f010d,2,14,6,5,5
Gemini 3.8 Flash,independent,67243887a7c5f8f463109d82,2,14,6,4,0
Gemini 3.8 Flash,independent,672455ce7a14971607e3d9f0,2,14,6,4,4
Gemini 3.8 Flash,independent,6724db7012a8d5ea6a619372,3,14,6,3,3
Gemini 3.8 Flash,independent,6724f8b80c7d03e5a66cce57,3,14,6,5,5
Gemini 3.8 Flash,independent,6724ff0dea5926938a631b9e,2,14,6,8,0
Gemini 3.8 Flash,independent,6724ffb21d07f0962c8993cf,1,14,6,1,1
Gemini 3.8 Flash,independent,672507e82cc2a1349f1ffaf1,1,14,6,0,0
Gemini 3.8 Flash,independent,672528b1fc012fdec7fc63c8,1,14,6,3,3
Gemini 3.8 Flash,independent,67253c33ad98e94b47ea3477,1,14,6,2,2
Gemini 3.8 Flash,independent,67254a56046774791d0f1a41,2,14,6,3,3
Gemini 3.8 Flash,independent,67256656d246bf5d21d1377e,3,14,6,7,0
Gemini 3.8 Flash,independent,672572ba1b7caf96dfa80324,3,14,6,6,6
Gemini 3.8 Flash,independent,6725b1b58255543498bdcbd1,3,14,6,4,0
Gemini 3.8 Flash,independent,67260ae24ee1765ace1c8a54,3,14,6,1,0
Gemini 3.8 Flash,independent,672626078a65c5d33e24d92c,2,14,6,4,0
Gemini 3.8 Flash,independent,6726941826b7fc6a39fbe581,3,14,6,3,2
Gemini 3.8 Flash,independent,672b304eddf99de9738de25d,2,14,6,5,0
Gemini 3.8 Flash,independent,672bb2605a3e88050ba2cef8,1,14,6,3,3
Gemini 3.8 Flash,independent,672bb9be168a1a30f1f92fcc,2,14,6,5,5
Gemini 3.8 Flash,independent,672e50c6b9281732f28aa0f3,3,14,6,5,5
Gemini 3.8 Flash,independent,672e6e4a85ed85778c0fb28e,1,14,6,0,0
Gemini 3.8 Flash,independent,672ff71e724ca22f42c0ff85,1,14,6,1,1
Gemini 3.8 Flash,independent,6732839d5526e01108e12127,2,14,6,7,1
Gemini 3.8 Flash,independent,6733fca10a354898fb579c2e,1,14,6,4,4
Gemini 3.8 Flash,independent,6736edefe41312420acd05a0,2,14,6,4,0
Gemini 3.8 Flash,independent,67371f93d09c0e422ae3658b,2,14,6,4,0
Gemini 3.8 Flash,independent,673735aa61f20f11eb1097d2,2,14,6,7,0
Gemini 3.8 Flash,independent,67375e6f8b1cc52c211f95ce,3,14,6,7,0
Gemini 3.8 Flash,independent,673799cf4d349e2ed66792d2,3,14,6,8,0
Gemini 3.8 Flash,independent,67399d0163641fb0bc110db9,3,14,6,7,0
Gemini 3.8 Flash,independent,673a5fa4329d98c7d4b69d60,3,14,6,6,0
Gemini 3.8 Flash,independent,673a76559e89466aa6433f66,1,14,6,1,1
Gemini 3.8 Flash,independent,673fce92f7f86aa77259187a,1,14,6,3,3
Gemini 3.8 Flash,independent,6749b2994fd3108e46cd57d7,1,14,6,0,0
Gemini 3.8 Flash,independent,67672352c393c4ff629cb820,1,14,6,1,1
Gemini 3.8 Flash,independent,6770832c6b74a5103a07f031,1,14,6,4,0
Gemini 3.8 Flash,independent,677b26a903cb2e13f2c755ef,1,14,6,2,2
Gemini 3.8 Flash,independent,67a47e0425adc58b1e414011,1,14,6,6,0
Gemini 3.8 Flash,independent,67d09fd38fd17c121c0b49ad,3,14,6,8,0
Gemini 3.8 Flash,independent,66e884515ab37f0a7da089bf,1,15,3,1,1
Gemini 3.8 Flash,independent,66e88728ba7d8bc0d5806f3a,2,15,3,1,0
Gemini 3.8 Flash,independent,66e8d4736299517dd7a5da8c,3,15,3,9,9
Gemini 3.8 Flash,independent,66e906f860abc895aedcf467,3,15,3,7,0
Gemini 3.8 Flash,independent,66e962f814e5657e81349bfa,1,15,3,4,0
Gemini 3.8 Flash,independent,66e996260930c00374ceaa0b,3,15,3,12,0
Gemini 3.8 Flash,independent,66e9c038d2d1c2dec1f6978e,1,15,3,6,0
Gemini 3.8 Flash,independent,66e9fc11c19c8c61add294f0,1,15,3,5,0
Gemini 3.8 Flash,independent,66ea29ab7131229007ccbd9d,2,15,3,6,0
Gemini 3.8 Flash,independent,66eae4e351a34eec5d943952,3,15,3,7,0
Gemini 3.8 Flash,independent,66eafb96b082c5e6a76a49c0,1,15,3,1,1
Gemini 3.8 Flash,independent,66eb206f99363a31f68414bc,3,15,3,10,0
Gemini 3.8 Flash,independent,66ed28dfde312a049a78b3ba,3,15,3,5,0
Gemini 3.8 Flash,independent,66f000874b6bc4f9d21fc7fa,2,15,3,8,0
Gemini 3.8 Flash,independent,66f03563a291f119cd841967,1,15,3,0,0
Gemini 3.8 Flash,independent,66f2b236b1d41433f8a4edea,1,15,3,3,3
Gemini 3.8 Flash,independent,66f3117acff7b10052fe1e3d,2,15,3,12,0
Gemini 3.8 Flash,independent,66f42e3287046c01dba2115b,3,15,3,2,2
Gemini 3.8 Flash,independent,66f57e3ddc7259d8b5bb0b46,1,15,3,7,0
Gemini 3.8 Flash,independent,66f77487fb10531253ee7842,3,15,3,10,0
Gemini 3.8 Flash,independent,66f83aed0d92e99048a4ae9d,1,15,3,9,0
Gemini 3.8 Flash,independent,66fc2282b7609fc1d8099125,2,15,3,7,7
Gemini 3.8 Flash,independent,66fc5e611f5f3f3b48ae9566,1,15,3,4,4
Gemini 3.8 Flash,independent,66fc8f1b8a73f859d8fa1608,3,15,3,7,7
Gemini 3.8 Flash,independent,66fe596c0eeb4521791d31ef,3,15,3,3,3
Gemini 3.8 Flash,independent,66fe796bc12cbe6aeaa26e69,3,15,3,9,0
Gemini 3.8 Flash,independent,670010ff77983eff561814b2,1,15,3,4,4
Gemini 3.8 Flash,independent,6700a5676c339d61ecccb86d,1,15,3,3,0
Gemini 3.8 Flash,independent,67015a7f6a2b21f149f3aaba,2,15,3,6,6
Gemini 3.8 Flash,independent,6701de16d9e4cd1aa812414b,3,15,3,11,0
Gemini 3.8 Flash,independent,6704409592a84f23e5b73e95,2,15,3,5,0
Gemini 3.8 Flash,independent,670620323fd82754d2f4cc7c,3,15,3,10,0
Gemini 3.8 Flash,independent,67095af56022f900e8e76028,1,15,3,6,6
Gemini 3.8 Flash,independent,670b307567eb710437409184,1,15,3,4,4
Gemini 3.8 Flash,independent,670c83ba4aece479236947cb,1,15,3,9,0
Gemini 3.8 Flash,independent,670d933ad54037c51abbe3ca,1,15,3,7,0
Gemini 3.8 Flash,independent,670daa682c5d078fa33fba12,1,15,3,3,0
Gemini 3.8 Flash,independent,670e5c2720bb63b6da63b879,3,15,3,10,0
Gemini 3.8 Flash,independent,670e9b885d472377f6c572a2,2,15,3,8,5
Gemini 3.8 Flash,independent,6710f26eaa2039046e5aea6e,3,15,3,10,0
Gemini 3.8 Flash,independent,6711eb4e1c08a07a8d243847,3,15,3,12,0
Gemini 3.8 Flash,independent,6715a17ddf8f7209e373b9b0,2,15,3,4,0
Gemini 3.8 Flash,independent,671699cb0b00e84566da1812,3,15,3,10,0
Gemini 3.8 Flash,independent,6716e894e9b87625209506ca,3,15,3,8,0
Gemini 3.8 Flash,independent,671702c1e5b9112a7699686f,1,15,3,0,0
Gemini 3.8 Flash,independent,6718487afba38eebcbc8034b,1,15,3,4,0
Gemini 3.8 Flash,independent,671aa91f6a8e7c23ccbf902b,2,15,3,5,5
Gemini 3.8 Flash,independent,671abddb40e08981d8fd796a,1,15,3,1,1
Gemini 3.8 Flash,independent,671ac641136758472327f851,2,15,3,1,1
Gemini 3.8 Flash,independent,671ad5ceed3d54e87368bc68,1,15,3,7,0
Gemini 3.8 Flash,independent,671bb0b0863984716ffe8850,2,15,3,11,0
Gemini 3.8 Flash,independent,671d9eb3355c956ce7de5a90,3,15,3,8,0
Gemini 3.8 Flash,independent,671dfacd16b873a455cbd5e0,1,15,3,8,0
Gemini 3.8 Flash,independent,671f1f88e6600c2d52d9fbe6,1,15,3,3,0
Gemini 3.8 Flash,independent,671f2b0ee38f776acdad8aa1,1,15,3,0,0
Gemini 3.8 Flash,independent,671fc9d46c5d3903234cd391,2,15,3,10,0
Gemini 3.8 Flash,independent,671fee575a0f70920ad3bd80,2,15,3,4,4
Gemini 3.8 Flash,independent,671ffad8e46fcc9dbd54ce6e,1,15,3,4,4
Gemini 3.8 Flash,independent,672045da452d0bd5546e11e6,2,15,3,4,0
Gemini 3.8 Flash,independent,6720d5455cedc02ed70dbe42,3,15,3,9,0
Gemini 3.8 Flash,independent,6721fbd7b5bc9936c245bb78,1,15,3,3,0
Gemini 3.8 Flash,independent,67232c88e22b01bfa7b8f156,2,15,3,8,0
Gemini 3.8 Flash,independent,6723658569bb6b9a5a4499b0,1,15,3,1,0
Gemini 3.8 Flash,independent,672403fa5461772b24b2e651,2,15,3,2,2
Gemini 3.8 Flash,independent,67240e5586f4c71a70e0b498,2,15,3,7,7
Gemini 3.8 Flash,independent,67240e5786f4c71a70e0b499,3,15,3,7,0
Gemini 3.8 Flash,independent,67242f1f911674ab1b5d904b,3,15,3,11,0
Gemini 3.8 Flash,independent,672433577fb5d24be68f010d,2,15,3,4,0
Gemini 3.8 Flash,independent,67243887a7c5f8f463109d82,2,15,3,4,0
Gemini 3.8 Flash,independent,672455ce7a14971607e3d9f0,2,15,3,5,5
Gemini 3.8 Flash,independent,6724db7012a8d5ea6a619372,3,15,3,10,0
Gemini 3.8 Flash,independent,6724f8b80c7d03e5a66cce57,3,15,3,10,10
Gemini 3.8 Flash,independent,6724ff0dea5926938a631b9e,2,15,3,10,0
Gemini 3.8 Flash,independent,6724ffb21d07f0962c8993cf,1,15,3,1,1
Gemini 3.8 Flash,independent,672507e82cc2a1349f1ffaf1,1,15,3,0,0
Gemini 3.8 Flash,independent,672528b1fc012fdec7fc63c8,1,15,3,3,0
Gemini 3.8 Flash,independent,67253c33ad98e94b47ea3477,1,15,3,4,4
Gemini 3.8 Flash,independent,67254a56046774791d0f1a41,2,15,3,9,9
Gemini 3.8 Flash,independent,67256656d246bf5d21d1377e,3,15,3,12,0
Gemini 3.8 Flash,independent,672572ba1b7caf96dfa80324,3,15,3,10,0
Gemini 3.8 Flash,independent,6725b1b58255543498bdcbd1,3,15,3,6,0
Gemini 3.8 Flash,independent,67260ae24ee1765ace1c8a54,3,15,3,4,3
Gemini 3.8 Flash,independent,672626078a65c5d33e24d92c,2,15,3,4,0
Gemini 3.8 Flash,independent,6726941826b7fc6a39fbe581,3,15,3,4,4
Gemini 3.8 Flash,independent,672b304eddf99de9738de25d,2,15,3,9,0
Gemini 3.8 Flash,independent,672bb2605a3e88050ba2cef8,1,15,3,3,3
Gemini 3.8 Flash,independent,672bb9be168a1a30f1f92fcc,2,15,3,9,0
Gemini 3.8 Flash,independent,672e50c6b9281732f28aa0f3,3,15,3,7,0
Gemini 3.8 Flash,independent,672e6e4a85ed85778c0fb28e,1,15,3,2,2
Gemini 3.8 Flash,independent,672ff71e724ca22f42c0ff85,1,15,3,2,2
Gemini 3.8 Flash,independent,6732839d5526e01108e12127,2,15,3,11,0
Gemini 3.8 Flash,independent,6733fca10a354898fb579c2e,1,15,3,2,2
Gemini 3.8 Flash,independent,6736edefe41312420acd05a0,2,15,3,2,2
Gemini 3.8 Flash,independent,67371f93d09c0e422ae3658b,2,15,3,6,4
Gemini 3.8 Flash,independent,673735aa61f20f11eb1097d2,2,15,3,11,0
Gemini 3.8 Flash,independent,67375e6f8b1cc52c211f95ce,3,15,3,11,1
Gemini 3.8 Flash,independent,673799cf4d349e2ed66792d2,3,15,3,9,0
Gemini 3.8 Flash,independent,67399d0163641fb0bc110db9,3,15,3,10,0
Gemini 3.8 Flash,independent,673a5fa4329d98c7d4b69d60,3,15,3,10,0
Gemini 3.8 Flash,independent,673a76559e89466aa6433f66,1,15,3,6,0
Gemini 3.8 Flash,independent,673fce92f7f86aa77259187a,1,15,3,4,3
Gemini 3.8 Flash,independent,6749b2994fd3108e46cd57d7,1,15,3,2,0
Gemini 3.8 Flash,independent,67672352c393c4ff629cb820,1,15,3,2,0
Gemini 3.8 Flash,independent,6770832c6b74a5103a07f031,1,15,3,1,0
Gemini 3.8 Flash,independent,677b26a903cb2e13f2c755ef,1,15,3,3,3
Gemini 3.8 Flash,independent,67a47e0425adc58b1e414011,1,15,3,8,0
Gemini 3.8 Flash,independent,67d09fd38fd17c121c0b49ad,3,15,3,12,0
Gemini 3.8 Flash,independent,66e884515ab37f0a7da089bf,1,18,6,0,0
Gemini 3.8 Flash,independent,66e88728ba7d8bc0d5806f3a,2,18,6,3,0
Gemini 3.8 Flash,independent,66e8d4736299517dd7a5da8c,3,18,6,9,9
Gemini 3.8 Flash,independent,66e906f860abc895aedcf467,3,18,6,10,0
Gemini 3.8 Flash,independent,66e962f814e5657e81349bfa,1,18,6,5,0
Gemini 3.8 Flash,independent,66e996260930c00374ceaa0b,3,18,6,11,0
Gemini 3.8 Flash,independent,66e9c038d2d1c2dec1f6978e,1,18,6,4,0
Gemini 3.8 Flash,independent,66e9fc11c19c8c61add294f0,1,18,6,4,4
Gemini 3.8 Flash,independent,66ea29ab7131229007ccbd9d,2,18,6,1,1
Gemini 3.8 Flash,independent,66eae4e351a34eec5d943952,3,18,6,5,0
Gemini 3.8 Flash,independent,66eafb96b082c5e6a76a49c0,1,18,6,3,0
Gemini 3.8 Flash,independent,66eb206f99363a31f68414bc,3,18,6,10,0
Gemini 3.8 Flash,independent,66ed28dfde312a049a78b3ba,3,18,6,6,0
Gemini 3.8 Flash,independent,66f000874b6bc4f9d21fc7fa,2,18,6,9,0
Gemini 3.8 Flash,independent,66f03563a291f119cd841967,1,18,6,2,2
Gemini 3.8 Flash,independent,66f2b236b1d41433f8a4edea,1,18,6,2,2
Gemini 3.8 Flash,independent,66f3117acff7b10052fe1e3d,2,18,6,10,0
Gemini 3.8 Flash,independent,66f42e3287046c01dba2115b,3,18,6,3,0
Gemini 3.8 Flash,independent,66f57e3ddc7259d8b5bb0b46,1,18,6,9,1
Gemini 3.8 Flash,independent,66f77487fb10531253ee7842,3,18,6,5,5
Gemini 3.8 Flash,independent,66f83aed0d92e99048a4ae9d,1,18,6,8,0
Gemini 3.8 Flash,independent,66fc2282b7609fc1d8099125,2,18,6,4,4
Gemini 3.8 Flash,independent,66fc5e611f5f3f3b48ae9566,1,18,6,2,2
Gemini 3.8 Flash,independent,66fc8f1b8a73f859d8fa1608,3,18,6,7,7
Gemini 3.8 Flash,independent,66fe596c0eeb4521791d31ef,3,18,6,7,0
Gemini 3.8 Flash,independent,66fe796bc12cbe6aeaa26e69,3,18,6,7,6
Gemini 3.8 Flash,independent,670010ff77983eff561814b2,1,18,6,2,2
Gemini 3.8 Flash,independent,6700a5676c339d61ecccb86d,1,18,6,4,0
Gemini 3.8 Flash,independent,67015a7f6a2b21f149f3aaba,2,18,6,2,2
Gemini 3.8 Flash,independent,6701de16d9e4cd1aa812414b,3,18,6,10,10
Gemini 3.8 Flash,independent,6704409592a84f23e5b73e95,2,18,6,7,0
Gemini 3.8 Flash,independent,670620323fd82754d2f4cc7c,3,18,6,10,0
Gemini 3.8 Flash,independent,67095af56022f900e8e76028,1,18,6,8,1
Gemini 3.8 Flash,independent,670b307567eb710437409184,1,18,6,9,9
Gemini 3.8 Flash,independent,670c83ba4aece479236947cb,1,18,6,8,0
Gemini 3.8 Flash,independent,670d933ad54037c51abbe3ca,1,18,6,3,3
Gemini 3.8 Flash,independent,670daa682c5d078fa33fba12,1,18,6,3,0
Gemini 3.8 Flash,independent,670e5c2720bb63b6da63b879,3,18,6,8,0
Gemini 3.8 Flash,independent,670e9b885d472377f6c572a2,2,18,6,7,2
Gemini 3.8 Flash,independent,6710f26eaa2039046e5aea6e,3,18,6,11,0
Gemini 3.8 Flash,independent,6711eb4e1c08a07a8d243847,3,18,6,12,0
Gemini 3.8 Flash,independent,6715a17ddf8f7209e373b9b0,2,18,6,3,0
Gemini 3.8 Flash,independent,671699cb0b00e84566da1812,3,18,6,11,0
Gemini 3.8 Flash,independent,6716e894e9b87625209506ca,3,18,6,12,0
Gemini 3.8 Flash,independent,671702c1e5b9112a7699686f,1,18,6,1,1
Gemini 3.8 Flash,independent,6718487afba38eebcbc8034b,1,18,6,7,0
Gemini 3.8 Flash,independent,671aa91f6a8e7c23ccbf902b,2,18,6,7,7
Gemini 3.8 Flash,independent,671abddb40e08981d8fd796a,1,18,6,5,0
Gemini 3.8 Flash,independent,671ac641136758472327f851,2,18,6,1,1
Gemini 3.8 Flash,independent,671ad5ceed3d54e87368bc68,1,18,6,10,0
Gemini 3.8 Flash,independent,671bb0b0863984716ffe8850,2,18,6,12,0
Gemini 3.8 Flash,independent,671d9eb3355c956ce7de5a90,3,18,6,6,0
Gemini 3.8 Flash,independent,671dfacd16b873a455cbd5e0,1,18,6,8,0
Gemini 3.8 Flash,independent,671f1f88e6600c2d52d9fbe6,1,18,6,2,2
Gemini 3.8 Flash,independent,671f2b0ee38f776acdad8aa1,1,18,6,0,0
Gemini 3.8 Flash,independent,671fc9d46c5d3903234cd391,2,18,6,9,0
Gemini 3.8 Flash,independent,671fee575a0f70920ad3bd80,2,18,6,6,6
Gemini 3.8 Flash,independent,671ffad8e46fcc9dbd54ce6e,1,18,6,5,5
Gemini 3.8 Flash,independent,672045da452d0bd5546e11e6,2,18,6,2,0
Gemini 3.8 Flash,independent,6720d5455cedc02ed70dbe42,3,18,6,10,0
Gemini 3.8 Flash,independent,6721fbd7b5bc9936c245bb78,1,18,6,1,1
Gemini 3.8 Flash,independent,67232c88e22b01bfa7b8f156,2,18,6,6,0
Gemini 3.8 Flash,independent,6723658569bb6b9a5a4499b0,1,18,6,0,0
Gemini 3.8 Flash,independent,672403fa5461772b24b2e651,2,18,6,0,0
Gemini 3.8 Flash,independent,67240e5586f4c71a70e0b498,2,18,6,8,8
Gemini 3.8 Flash,independent,67240e5786f4c71a70e0b499,3,18,6,10,0
Gemini 3.8 Flash,independent,67242f1f911674ab1b5d904b,3,18,6,11,11
Gemini 3.8 Flash,independent,672433577fb5d24be68f010d,2,18,6,8,8
Gemini 3.8 Flash,independent,67243887a7c5f8f463109d82,2,18,6,5,0
Gemini 3.8 Flash,independent,672455ce7a14971607e3d9f0,2,18,6,6,6
Gemini 3.8 Flash,independent,6724db7012a8d5ea6a619372,3,18,6,8,8
Gemini 3.8 Flash,independent,6724f8b80c7d03e5a66cce57,3,18,6,9,0
Gemini 3.8 Flash,independent,6724ff0dea5926938a631b9e,2,18,6,9,0
Gemini 3.8 Flash,independent,6724ffb21d07f0962c8993cf,1,18,6,4,4
Gemini 3.8 Flash,independent,672507e82cc2a1349f1ffaf1,1,18,6,1,1
Gemini 3.8 Flash,independent,672528b1fc012fdec7fc63c8,1,18,6,0,0
Gemini 3.8 Flash,independent,67253c33ad98e94b47ea3477,1,18,6,6,6
Gemini 3.8 Flash,independent,67254a56046774791d0f1a41,2,18,6,8,8
Gemini 3.8 Flash,independent,67256656d246bf5d21d1377e,3,18,6,12,0
Gemini 3.8 Flash,independent,672572ba1b7caf96dfa80324,3,18,6,10,0
Gemini 3.8 Flash,independent,6725b1b58255543498bdcbd1,3,18,6,6,0
Gemini 3.8 Flash,independent,67260ae24ee1765ace1c8a54,3,18,6,5,5
Gemini 3.8 Flash,independent,672626078a65c5d33e24d92c,2,18,6,6,0
Gemini 3.8 Flash,independent,6726941826b7fc6a39fbe581,3,18,6,7,0
Gemini 3.8 Flash,independent,672b304eddf99de9738de25d,2,18,6,9,0
Gemini 3.8 Flash,independent,672bb2605a3e88050ba2cef8,1,18,6,5,5
Gemini 3.8 Flash,independent,672bb9be168a1a30f1f92fcc,2,18,6,11,0
Gemini 3.8 Flash,independent,672e50c6b9281732f28aa0f3,3,18,6,9,0
Gemini 3.8 Flash,independent,672e6e4a85ed85778c0fb28e,1,18,6,1,1
Gemini 3.8 Flash,independent,672ff71e724ca22f42c0ff85,1,18,6,0,0
Gemini 3.8 Flash,independent,6732839d5526e01108e12127,2,18,6,11,11
Gemini 3.8 Flash,independent,6733fca10a354898fb579c2e,1,18,6,4,4
Gemini 3.8 Flash,independent,6736edefe41312420acd05a0,2,18,6,7,0
Gemini 3.8 Flash,independent,67371f93d09c0e422ae3658b,2,18,6,7,0
Gemini 3.8 Flash,independent,673735aa61f20f11eb1097d2,2,18,6,9,0
Gemini 3.8 Flash,independent,67375e6f8b1cc52c211f95ce,3,18,6,12,0
Gemini 3.8 Flash,independent,673799cf4d349e2ed66792d2,3,18,6,10,0
Gemini 3.8 Flash,independent,67399d0163641fb0bc110db9,3,18,6,11,0
Gemini 3.8 Flash,independent,673a5fa4329d98c7d4b69d60,3,18,6,11,0
Gemini 3.8 Flash,independent,673a76559e89466aa6433f66,1,18,6,4,4
Gemini 3.8 Flash,independent,673fce92f7f86aa77259187a,1,18,6,5,5
Gemini 3.8 Flash,independent,6749b2994fd3108e46cd57d7,1,18,6,5,0
Gemini 3.8 Flash,independent,67672352c393c4ff629cb820,1,18,6,1,1
Gemini 3.8 Flash,independent,6770832c6b74a5103a07f031,1,18,6,1,0
Gemini 3.8 Flash,independent,677b26a903cb2e13f2c755ef,1,18,6,2,2
Gemini 3.8 Flash,independent,67a47e0425adc58b1e414011,1,18,6,11,0
Gemini 3.8 Flash,independent,67d09fd38fd17c121c0b49ad,3,18,6,12,0
Gemini 3.8 Flash,independent,66e884515ab37f0a7da089bf,1,21,9,0,0
Gemini 3.8 Flash,independent,66e88728ba7d8bc0d5806f3a,2,21,9,1,1
Gemini 3.8 Flash,independent,66e8d4736299517dd7a5da8c,3,21,9,8,8
Gemini 3.8 Flash,independent,66e906f860abc895aedcf467,3,21,9,9,0
Gemini 3.8 Flash,independent,66e962f814e5657e81349bfa,1,21,9,3,0
Gemini 3.8 Flash,independent,66e996260930c00374ceaa0b,3,21,9,12,0
Gemini 3.8 Flash,independent,66e9c038d2d1c2dec1f6978e,1,21,9,4,0
Gemini 3.8 Flash,independent,66e9fc11c19c8c61add294f0,1,21,9,5,5
Gemini 3.8 Flash,independent,66ea29ab7131229007ccbd9d,2,21,9,3,3
Gemini 3.8 Flash,independent,66eae4e351a34eec5d943952,3,21,9,4,0
Gemini 3.8 Flash,independent,66eafb96b082c5e6a76a49c0,1,21,9,2,0
Gemini 3.8 Flash,independent,66eb206f99363a31f68414bc,3,21,9,9,0
Gemini 3.8 Flash,independent,66ed28dfde312a049a78b3ba,3,21,9,3,3
Gemini 3.8 Flash,independent,66f000874b6bc4f9d21fc7fa,2,21,9,4,4
Gemini 3.8 Flash,independent,66f03563a291f119cd841967,1,21,9,0,0
Gemini 3.8 Flash,independent,66f2b236b1d41433f8a4edea,1,21,9,6,6
Gemini 3.8 Flash,independent,66f3117acff7b10052fe1e3d,2,21,9,9,0
Gemini 3.8 Flash,independent,66f42e3287046c01dba2115b,3,21,9,3,0
Gemini 3.8 Flash,independent,66f57e3ddc7259d8b5bb0b46,1,21,9,9,0
Gemini 3.8 Flash,independent,66f77487fb10531253ee7842,3,21,9,7,7
Gemini 3.8 Flash,independent,66f83aed0d92e99048a4ae9d,1,21,9,8,0
Gemini 3.8 Flash,independent,66fc2282b7609fc1d8099125,2,21,9,8,8
Gemini 3.8 Flash,independent,66fc5e611f5f3f3b48ae9566,1,21,9,4,0
Gemini 3.8 Flash,independent,66fc8f1b8a73f859d8fa1608,3,21,9,8,8
Gemini 3.8 Flash,independent,66fe596c0eeb4521791d31ef,3,21,9,7,7
Gemini 3.8 Flash,independent,66fe796bc12cbe6aeaa26e69,3,21,9,4,4
Gemini 3.8 Flash,independent,670010ff77983eff561814b2,1,21,9,3,3
Gemini 3.8 Flash,independent,6700a5676c339d61ecccb86d,1,21,9,2,0
Gemini 3.8 Flash,independent,67015a7f6a2b21f149f3aaba,2,21,9,2,2
Gemini 3.8 Flash,independent,6701de16d9e4cd1aa812414b,3,21,9,11,0
Gemini 3.8 Flash,independent,6704409592a84f23e5b73e95,2,21,9,4,0
Gemini 3.8 Flash,independent,670620323fd82754d2f4cc7c,3,21,9,10,0
Gemini 3.8 Flash,independent,67095af56022f900e8e76028,1,21,9,4,4
Gemini 3.8 Flash,independent,670b307567eb710437409184,1,21,9,5,5
Gemini 3.8 Flash,independent,670c83ba4aece479236947cb,1,21,9,5,5
Gemini 3.8 Flash,independent,670d933ad54037c51abbe3ca,1,21,9,5,0
Gemini 3.8 Flash,independent,670daa682c5d078fa33fba12,1,21,9,6,0
Gemini 3.8 Flash,independent,670e5c2720bb63b6da63b879,3,21,9,10,10
Gemini 3.8 Flash,independent,670e9b885d472377f6c572a2,2,21,9,11,9
Gemini 3.8 Flash,independent,6710f26eaa2039046e5aea6e,3,21,9,10,0
Gemini 3.8 Flash,independent,6711eb4e1c08a07a8d243847,3,21,9,12,0
Gemini 3.8 Flash,independent,6715a17ddf8f7209e373b9b0,2,21,9,4,0
Gemini 3.8 Flash,independent,671699cb0b00e84566da1812,3,21,9,11,0
Gemini 3.8 Flash,independent,6716e894e9b87625209506ca,3,21,9,9,0
Gemini 3.8 Flash,independent,671702c1e5b9112a7699686f,1,21,9,0,0
Gemini 3.8 Flash,independent,6718487afba38eebcbc8034b,1,21,9,2,2
Gemini 3.8 Flash,independent,671aa91f6a8e7c23ccbf902b,2,21,9,4,4
Gemini 3.8 Flash,independent,671abddb40e08981d8fd796a,1,21,9,0,0
Gemini 3.8 Flash,independent,671ac641136758472327f851,2,21,9,2,2
Gemini 3.8 Flash,independent,671ad5ceed3d54e87368bc68,1,21,9,5,0
Gemini 3.8 Flash,independent,671bb0b0863984716ffe8850,2,21,9,11,0
Gemini 3.8 Flash,independent,671d9eb3355c956ce7de5a90,3,21,9,5,0
Gemini 3.8 Flash,independent,671dfacd16b873a455cbd5e0,1,21,9,7,0
Gemini 3.8 Flash,independent,671f1f88e6600c2d52d9fbe6,1,21,9,2,2
Gemini 3.8 Flash,independent,671f2b0ee38f776acdad8aa1,1,21,9,0,0
Gemini 3.8 Flash,independent,671fc9d46c5d3903234cd391,2,21,9,8,0
Gemini 3.8 Flash,independent,671fee575a0f70920ad3bd80,2,21,9,2,2
Gemini 3.8 Flash,independent,671ffad8e46fcc9dbd54ce6e,1,21,9,4,4
Gemini 3.8 Flash,independent,672045da452d0bd5546e11e6,2,21,9,3,0
Gemini 3.8 Flash,independent,6720d5455cedc02ed70dbe42,3,21,9,5,5
Gemini 3.8 Flash,independent,6721fbd7b5bc9936c245bb78,1,21,9,1,1
Gemini 3.8 Flash,independent,67232c88e22b01bfa7b8f156,2,21,9,6,0
Gemini 3.8 Flash,independent,6723658569bb6b9a5a4499b0,1,21,9,0,0
Gemini 3.8 Flash,independent,672403fa5461772b24b2e651,2,21,9,3,3
Gemini 3.8 Flash,independent,67240e5586f4c71a70e0b498,2,21,9,6,6
Gemini 3.8 Flash,independent,67240e5786f4c71a70e0b499,3,21,9,11,0
Gemini 3.8 Flash,independent,67242f1f911674ab1b5d904b,3,21,9,11,11
Gemini 3.8 Flash,independent,672433577fb5d24be68f010d,2,21,9,10,0
Gemini 3.8 Flash,independent,67243887a7c5f8f463109d82,2,21,9,7,0
Gemini 3.8 Flash,independent,672455ce7a14971607e3d9f0,2,21,9,5,5
Gemini 3.8 Flash,independent,6724db7012a8d5ea6a619372,3,21,9,9,9
Gemini 3.8 Flash,independent,6724f8b80c7d03e5a66cce57,3,21,9,9,1
Gemini 3.8 Flash,independent,6724ff0dea5926938a631b9e,2,21,9,8,0
Gemini 3.8 Flash,independent,6724ffb21d07f0962c8993cf,1,21,9,2,2
Gemini 3.8 Flash,independent,672507e82cc2a1349f1ffaf1,1,21,9,2,2
Gemini 3.8 Flash,independent,672528b1fc012fdec7fc63c8,1,21,9,3,0
Gemini 3.8 Flash,independent,67253c33ad98e94b47ea3477,1,21,9,4,4
Gemini 3.8 Flash,independent,67254a56046774791d0f1a41,2,21,9,5,5
Gemini 3.8 Flash,independent,67256656d246bf5d21d1377e,3,21,9,12,0
Gemini 3.8 Flash,independent,672572ba1b7caf96dfa80324,3,21,9,10,0
Gemini 3.8 Flash,independent,6725b1b58255543498bdcbd1,3,21,9,6,0
Gemini 3.8 Flash,independent,67260ae24ee1765ace1c8a54,3,21,9,2,2
Gemini 3.8 Flash,independent,672626078a65c5d33e24d92c,2,21,9,5,0
Gemini 3.8 Flash,independent,6726941826b7fc6a39fbe581,3,21,9,8,8
Gemini 3.8 Flash,independent,672b304eddf99de9738de25d,2,21,9,10,0
Gemini 3.8 Flash,independent,672bb2605a3e88050ba2cef8,1,21,9,4,4
Gemini 3.8 Flash,independent,672bb9be168a1a30f1f92fcc,2,21,9,10,0
Gemini 3.8 Flash,independent,672e50c6b9281732f28aa0f3,3,21,9,11,0
Gemini 3.8 Flash,independent,672e6e4a85ed85778c0fb28e,1,21,9,0,0
Gemini 3.8 Flash,independent,672ff71e724ca22f42c0ff85,1,21,9,1,1
Gemini 3.8 Flash,independent,6732839d5526e01108e12127,2,21,9,10,8
Gemini 3.8 Flash,independent,6733fca10a354898fb579c2e,1,21,9,5,5
Gemini 3.8 Flash,independent,6736edefe41312420acd05a0,2,21,9,4,4
Gemini 3.8 Flash,independent,67371f93d09c0e422ae3658b,2,21,9,3,0
Gemini 3.8 Flash,independent,673735aa61f20f11eb1097d2,2,21,9,11,0
Gemini 3.8 Flash,independent,67375e6f8b1cc52c211f95ce,3,21,9,10,0
Gemini 3.8 Flash,independent,673799cf4d349e2ed66792d2,3,21,9,10,0
Gemini 3.8 Flash,independent,67399d0163641fb0bc110db9,3,21,9,12,0
Gemini 3.8 Flash,independent,673a5fa4329d98c7d4b69d60,3,21,9,11,0
Gemini 3.8 Flash,independent,673a76559e89466aa6433f66,1,21,9,4,4
Gemini 3.8 Flash,independent,673fce92f7f86aa77259187a,1,21,9,2,2
Gemini 3.8 Flash,independent,6749b2994fd3108e46cd57d7,1,21,9,4,0
Gemini 3.8 Flash,independent,67672352c393c4ff629cb820,1,21,9,1,1
Gemini 3.8 Flash,independent,6770832c6b74a5103a07f031,1,21,9,3,0
Gemini 3.8 Flash,independent,677b26a903cb2e13f2c755ef,1,21,9,7,7
Gemini 3.8 Flash,independent,67a47e0425adc58b1e414011,1,21,9,8,0
Gemini 3.8 Flash,independent,67d09fd38fd17c121c0b49ad,3,21,9,12,0
Grok 4.3,coordinated,668825f80a642802bdfeadfa,3,6,2,3,0
Grok 4.3,coordinated,668828540a642802bdfeadfc,3,6,2,2,0
Grok 4.3,coordinated,66e70c75bbb9b1754c0869ce,1,6,2,2,0
Grok 4.3,coordinated,66e883265ab37f0a7da089be,2,6,2,1,0
Grok 4.3,coordinated,66e8add1650a03361a14c6f8,3,6,2,2,0
Grok 4.3,coordinated,66e8e1056c0b8ace336996ea,3,6,2,0,0
Grok 4.3,coordinated,66e8f69b1440516dd6ab54da,1,6,2,0,0
Grok 4.3,coordinated,66e97fd756455f341c7849c3,1,6,2,0,0
Grok 4.3,coordinated,66e996260930c00374ceaa0b,2,6,2,1,0
Grok 4.3,coordinated,66ea70cd3d800a43340dd4d0,3,6,2,4,0
Grok 4.3,coordinated,66eaf0ba5e31c19691fe73b1,2,6,2,3,0
Grok 4.3,coordinated,66eafb96b082c5e6a76a49c0,1,6,2,0,0
Grok 4.3,coordinated,66ecfd03e7478ca5fcbb7495,1,6,2,0,0
Grok 4.3,coordinated,66edc60801af2a724035ad4b,1,6,2,0,0
Grok 4.3,coordinated,66ef3de8b8a1ba6e0ba23498,2,6,2,1,0
Grok 4.3,coordinated,66f052e814be84cc1edd3fbd,2,6,2,0,0
Grok 4.3,coordinated,66f27d65a40482f6012a4006,3,6,2,1,1
Grok 4.3,coordinated,66f31140cdc5dafd297e9b5a,3,6,2,4,0
Grok 4.3,coordinated,66f44382e369fb72959c8e86,1,6,2,0,0
Grok 4.3,coordinated,66f83aed0d92e99048a4ae9d,1,6,2,0,0
Grok 4.3,coordinated,66fc4dc04293a9638d7e0f65,3,6,2,3,0
Grok 4.3,coordinated,66fc5e611f5f3f3b48ae9566,3,6,2,3,0
Grok 4.3,coordinated,66fc8b271d39fbf6d8bcdd0c,1,6,2,0,0
Grok 4.3,coordinated,66fcc286eab6d512704d96af,1,6,2,1,1
Grok 4.3,coordinated,66fcf077c494ec3fe0ed5635,3,6,2,4,0
Grok 4.3,coordinated,66fd60ea6be05c0b608861d5,1,6,2,0,0
Grok 4.3,coordinated,66fda7a057cea4445778e88a,1,6,2,1,1
Grok 4.3,coordinated,66fee6c39e4f456a6d2941b5,1,6,2,2,2
Grok 4.3,coordinated,670170d616077208cedb9627,2,6,2,1,1
Grok 4.3,coordinated,6701de16d9e4cd1aa812414b,2,6,2,2,0
Grok 4.3,coordinated,670285bc39fbddbbfdaffdfe,3,6,2,4,0
Grok 4.3,coordinated,67055b15222ba55ab0b88431,3,6,2,4,0
Grok 4.3,coordinated,6709a557139851f6bbbd7a5a,3,6,2,1,1
Grok 4.3,coordinated,6709df4c3c2174379ffee04b,1,6,2,1,0
Grok 4.3,coordinated,670aa3e255f3b29ec899f979,2,6,2,4,0
Grok 4.3,coordinated,670b307567eb710437409184,3,6,2,2,2
Grok 4.3,coordinated,670c775842b25f65425c86c2,1,6,2,2,2
Grok 4.3,coordinated,670f00dc79750a6c73259f4d,2,6,2,4,0
Grok 4.3,coordinated,670fb58f2ca6bea76e9354a7,2,6,2,0,0
Grok 4.3,coordinated,6716260eae3149088ed859b9,3,6,2,4,0
Grok 4.3,coordinated,6718487afba38eebcbc8034b,3,6,2,3,0
Grok 4.3,coordinated,6718577ca88093a75026b186,2,6,2,3,3
Grok 4.3,coordinated,671a947c9deaf77048dcc8b7,1,6,2,0,0
Grok 4.3,coordinated,671ac641136758472327f851,2,6,2,0,0
Grok 4.3,coordinated,671be3853529bee9e3097b92,3,6,2,4,0
Grok 4.3,coordinated,671c6a1aacee876e82d4bc0e,1,6,2,3,0
Grok 4.3,coordinated,671f083dc8da11076ce9960e,3,6,2,4,0
Grok 4.3,coordinated,671f0c2578ab3005e439aeba,1,6,2,4,0
Grok 4.3,coordinated,671f3d49d579cf064f22d3ce,2,6,2,0,0
Grok 4.3,coordinated,67202822dbc5086c0bdd4e1c,1,6,2,0,0
Grok 4.3,coordinated,672182f55e4a5b8416a1ccbe,2,6,2,1,1
Grok 4.3,coordinated,67227b249679954247c9c0b3,3,6,2,3,0
Grok 4.3,coordinated,6722b1f9f3a489ee08117730,1,6,2,1,1
Grok 4.3,coordinated,67232c88e22b01bfa7b8f156,1,6,2,0,0
Grok 4.3,coordinated,6723ec50479384d8942cca75,2,6,2,1,0
Grok 4.3,coordinated,67242f1f911674ab1b5d904b,3,6,2,4,0
Grok 4.3,coordinated,672433577fb5d24be68f010d,2,6,2,1,0
Grok 4.3,coordinated,672455ce7a14971607e3d9f0,1,6,2,0,0
Grok 4.3,coordinated,6724955b1dc5c59953c463ec,3,6,2,2,0
Grok 4.3,coordinated,6724db7012a8d5ea6a619372,2,6,2,3,0
Grok 4.3,coordinated,6724f8b80c7d03e5a66cce57,2,6,2,1,1
Grok 4.3,coordinated,672507e82cc2a1349f1ffaf1,3,6,2,3,0
Grok 4.3,coordinated,67253c33ad98e94b47ea3477,3,6,2,4,0
Grok 4.3,coordinated,67254a56046774791d0f1a41,1,6,2,1,1
Grok 4.3,coordinated,672555acc27a6276611a3005,2,6,2,3,0
Grok 4.3,coordinated,67258c4124b290d28a9f8abe,1,6,2,0,0
Grok 4.3,coordinated,67264a55cae736a4a682949a,1,6,2,1,0
Grok 4.3,coordinated,672a5d27385accabb646acfe,2,6,2,3,0
Grok 4.3,coordinated,672aac7a78e0ab15cf86003b,2,6,2,2,0
Grok 4.3,coordinated,672d5a80f1800d2d85750a71,3,6,2,2,0
Grok 4.3,coordinated,672fbc4ec2c82cf448a1a725,1,6,2,2,0
Grok 4.3,coordinated,67313652f659ba7b3fd1fe40,1,6,2,3,0
Grok 4.3,coordinated,6733af65f1a57e239a7e7488,2,6,2,0,0
Grok 4.3,coordinated,6734346cf3950859f67019af,1,6,2,1,0
Grok 4.3,coordinated,673612eaff612f83700ec41f,1,6,2,1,1
Grok 4.3,coordinated,67368bceaea0de6b58ec346a,1,6,2,2,0
Grok 4.3,coordinated,673722c82bfc8ab579ed111f,2,6,2,3,0
Grok 4.3,coordinated,67375e6f8b1cc52c211f95ce,2,6,2,3,0
Grok 4.3,coordinated,6737697dedff89681fe75582,2,6,2,2,0
Grok 4.3,coordinated,6737b422d3949406f1ed580b,1,6,2,1,1
Grok 4.3,coordinated,6738df8c201a2bd66499797a,2,6,2,4,0
Grok 4.3,coordinated,6739149727881148ddf2aca0,1,6,2,2,0
Grok 4.3,coordinated,673a76559e89466aa6433f66,3,6,2,4,0
Grok 4.3,coordinated,673a9c6a414ad0600dc781a2,2,6,2,4,0
Grok 4.3,coordinated,673ae99a3022b9e17f89d1b6,3,6,2,4,0
Grok 4.3,coordinated,673be25fc988fbc8ef18d148,1,6,2,0,0
Grok 4.3,coordinated,67414401f5fbbfac5c273a0d,2,6,2,3,0
Grok 4.3,coordinated,674761ffca5b554156dc9037,1,6,2,3,0
Grok 4.3,coordinated,674dbd94040b2918e5c0b63d,1,6,2,0,0
Grok 4.3,coordinated,674f07ffffb28de6c182c458,3,6,2,4,0
Grok 4.3,coordinated,67631f198b502023c4567380,2,6,2,0,0
Grok 4.3,coordinated,67666a593e38774fc651f9f3,1,6,2,0,0
Grok 4.3,coordinated,67672352c393c4ff629cb820,1,6,2,1,1
Grok 4.3,coordinated,6767969869b88c321c96665a,1,6,2,0,0
Grok 4.3,coordinated,678fbf931413486f7dc2a7f1,2,6,2,3,0
Grok 4.3,coordinated,668825f80a642802bdfeadfa,3,7,3,2,0
Grok 4.3,coordinated,668828540a642802bdfeadfc,3,7,3,2,0
Grok 4.3,coordinated,66e70c75bbb9b1754c0869ce,1,7,3,0,0
Grok 4.3,coordinated,66e883265ab37f0a7da089be,2,7,3,1,0
Grok 4.3,coordinated,66e8add1650a03361a14c6f8,3,7,3,2,0
Grok 4.3,coordinated,66e8e1056c0b8ace336996ea,3,7,3,0,0
Grok 4.3,coordinated,66e8f69b1440516dd6ab54da,1,7,3,0,0
Grok 4.3,coordinated,66e97fd756455f341c7849c3,1,7,3,1,1
Grok 4.3,coordinated,66e996260930c00374ceaa0b,2,7,3,0,0
Grok 4.3,coordinated,66ea70cd3d800a43340dd4d0,3,7,3,3,0
Grok 4.3,coordinated,66eaf0ba5e31c19691fe73b1,2,7,3,1,0
Grok 4.3,coordinated,66eafb96b082c5e6a76a49c0,1,7,3,0,0
Grok 4.3,coordinated,66ecfd03e7478ca5fcbb7495,1,7,3,0,0
Grok 4.3,coordinated,66edc60801af2a724035ad4b,1,7,3,3,0
Grok 4.3,coordinated,66ef3de8b8a1ba6e0ba23498,2,7,3,2,0
Grok 4.3,coordinated,66f052e814be84cc1edd3fbd,2,7,3,1,1
Grok 4.3,coordinated,66f27d65a40482f6012a4006,3,7,3,1,1
Grok 4.3,coordinated,66f31140cdc5dafd297e9b5a,3,7,3,3,1
Grok 4.3,coordinated,66f44382e369fb72959c8e86,1,7,3,0,0
Grok 4.3,coordinated,66f83aed0d92e99048a4ae9d,1,7,3,0,0
Grok 4.3,coordinated,66fc4dc04293a9638d7e0f65,3,7,3,4,0
Grok 4.3,coordinated,66fc5e611f5f3f3b48ae9566,3,7,3,1,1
Grok 4.3,coordinated,66fc8b271d39fbf6d8bcdd0c,1,7,3,0,0
Grok 4.3,coordinated,66fcc286eab6d512704d96af,1,7,3,1,1
Grok 4.3,coordinated,66fcf077c494ec3fe0ed5635,3,7,3,4,0
Grok 4.3,coordinated,66fd60ea6be05c0b608861d5,1,7,3,0,0
Grok 4.3,coordinated,66fda7a057cea4445778e88a,1,7,3,1,1
Grok 4.3,coordinated,66fee6c39e4f456a6d2941b5,1,7,3,1,1
Grok 4.3,coordinated,670170d616077208cedb9627,2,7,3,2,1
Grok 4.3,coordinated,6701de16d9e4cd1aa812414b,2,7,3,2,0
Grok 4.3,coordinated,670285bc39fbddbbfdaffdfe,3,7,3,4,0
Grok 4.3,coordinated,67055b15222ba55ab0b88431,3,7,3,4,0
Grok 4.3,coordinated,6709a557139851f6bbbd7a5a,3,7,3,2,0
Grok 4.3,coordinated,6709df4c3c2174379ffee04b,1,7,3,0,0
Grok 4.3,coordinated,670aa3e255f3b29ec899f979,2,7,3,3,0
Grok 4.3,coordinated,670b307567eb710437409184,3,7,3,4,0
Grok 4.3,coordinated,670c775842b25f65425c86c2,1,7,3,2,2
Grok 4.3,coordinated,670f00dc79750a6c73259f4d,2,7,3,1,0
Grok 4.3,coordinated,670fb58f2ca6bea76e9354a7,2,7,3,0,0
Grok 4.3,coordinated,6716260eae3149088ed859b9,3,7,3,4,4
Grok 4.3,coordinated,6718487afba38eebcbc8034b,3,7,3,1,1
Grok 4.3,coordinated,6718577ca88093a75026b186,2,7,3,2,2
Grok 4.3,coordinated,671a947c9deaf77048dcc8b7,1,7,3,0,0
Grok 4.3,coordinated,671ac641136758472327f851,2,7,3,3,0
Grok 4.3,coordinated,671be3853529bee9e3097b92,3,7,3,3,0
Grok 4.3,coordinated,671c6a1aacee876e82d4bc0e,1,7,3,2,2
Grok 4.3,coordinated,671f083dc8da11076ce9960e,3,7,3,3,0
Grok 4.3,coordinated,671f0c2578ab3005e439aeba,1,7,3,2,2
Grok 4.3,coordinated,671f3d49d579cf064f22d3ce,2,7,3,2,0
Grok 4.3,coordinated,67202822dbc5086c0bdd4e1c,1,7,3,2,2
Grok 4.3,coordinated,672182f55e4a5b8416a1ccbe,2,7,3,0,0
Grok 4.3,coordinated,67227b249679954247c9c0b3,3,7,3,4,1
Grok 4.3,coordinated,6722b1f9f3a489ee08117730,1,7,3,3,1
Grok 4.3,coordinated,67232c88e22b01bfa7b8f156,1,7,3,0,0
Grok 4.3,coordinated,6723ec50479384d8942cca75,2,7,3,1,0
Grok 4.3,coordinated,67242f1f911674ab1b5d904b,3,7,3,2,0
Grok 4.3,coordinated,672433577fb5d24be68f010d,2,7,3,3,1
Grok 4.3,coordinated,672455ce7a14971607e3d9f0,1,7,3,0,0
Grok 4.3,coordinated,6724955b1dc5c59953c463ec,3,7,3,4,0
Grok 4.3,coordinated,6724db7012a8d5ea6a619372,2,7,3,1,0
Grok 4.3,coordinated,6724f8b80c7d03e5a66cce57,2,7,3,0,0
Grok 4.3,coordinated,672507e82cc2a1349f1ffaf1,3,7,3,4,0
Grok 4.3,coordinated,67253c33ad98e94b47ea3477,3,7,3,4,0
Grok 4.3,coordinated,67254a56046774791d0f1a41,1,7,3,1,1
Grok 4.3,coordinated,672555acc27a6276611a3005,2,7,3,1,1
Grok 4.3,coordinated,67258c4124b290d28a9f8abe,1,7,3,0,0
Grok 4.3,coordinated,67264a55cae736a4a682949a,1,7,3,3,0
Grok 4.3,coordinated,672a5d27385accabb646acfe,2,7,3,1,1
Grok 4.3,coordinated,672aac7a78e0ab15cf86003b,2,7,3,2,2
Grok 4.3,coordinated,672d5a80f1800d2d85750a71,3,7,3,1,0
Grok 4.3,coordinated,672fbc4ec2c82cf448a1a725,1,7,3,0,0
Grok 4.3,coordinated,67313652f659ba7b3fd1fe40,1,7,3,3,0
Grok 4.3,coordinated,6733af65f1a57e239a7e7488,2,7,3,0,0
Grok 4.3,coordinated,6734346cf3950859f67019af,1,7,3,1,0
Grok 4.3,coordinated,673612eaff612f83700ec41f,1,7,3,0,0
Grok 4.3,coordinated,67368bceaea0de6b58ec346a,1,7,3,0,0
Grok 4.3,coordinated,673722c82bfc8ab579ed111f,2,7,3,3,0
Grok 4.3,coordinated,67375e6f8b1cc52c211f95ce,2,7,3,3,0
Grok 4.3,coordinated,6737697dedff89681fe75582,2,7,3,2,0
Grok 4.3,coordinated,6737b422d3949406f1ed580b,1,7,3,1,1
Grok 4.3,coordinated,6738df8c201a2bd66499797a,2,7,3,3,1
Grok 4.3,coordinated,6739149727881148ddf2aca0,1,7,3,1,1
Grok 4.3,coordinated,673a76559e89466aa6433f66,3,7,3,3,1
Grok 4.3,coordinated,673a9c6a414ad0600dc781a2,2,7,3,4,0
Grok 4.3,coordinated,673ae99a3022b9e17f89d1b6,3,7,3,0,0
Grok 4.3,coordinated,673be25fc988fbc8ef18d148,1,7,3,0,0
Grok 4.3,coordinated,67414401f5fbbfac5c273a0d,2,7,3,3,0
Grok 4.3,coordinated,674761ffca5b554156dc9037,1,7,3,2,2
Grok 4.3,coordinated,674dbd94040b2918e5c0b63d,1,7,3,0,0
Grok 4.3,coordinated,674f07ffffb28de6c182c458,3,7,3,3,0
Grok 4.3,coordinated,67631f198b502023c4567380,2,7,3,2,0
Grok 4.3,coordinated,67666a593e38774fc651f9f3,1,7,3,0,0
Grok 4.3,coordinated,67672352c393c4ff629cb820,1,7,3,0,0
Grok 4.3,coordinated,6767969869b88c321c96665a,1,7,3,3,0
Grok 4.3,coordinated,678fbf931413486f7dc2a7f1,2,7,3,2,0
Grok 4.3,coordinated,668825f80a642802bdfeadfa,3,10,2,3,0
Grok 4.3,coordinated,668828540a642802bdfeadfc,3,10,2,7,1
Grok 4.3,coordinated,66e70c75bbb9b1754c0869ce,1,10,2,1,1
Grok 4.3,coordinated,66e883265ab37f0a7da089be,2,10,2,4,0
Grok 4.3,coordinated,66e8add1650a03361a14c6f8,3,10,2,6,0
Grok 4.3,coordinated,66e8e1056c0b8ace336996ea,3,10,2,1,1
Grok 4.3,coordinated,66e8f69b1440516dd6ab54da,1,10,2,0,0
Grok 4.3,coordinated,66e97fd756455f341c7849c3,1,10,2,1,1
Grok 4.3,coordinated,66e996260930c00374ceaa0b,2,10,2,3,1
Grok 4.3,coordinated,66ea70cd3d800a43340dd4d0,3,10,2,6,0
Grok 4.3,coordinated,66eaf0ba5e31c19691fe73b1,2,10,2,6,0
Grok 4.3,coordinated,66eafb96b082c5e6a76a49c0,1,10,2,2,2
Grok 4.3,coordinated,66ecfd03e7478ca5fcbb7495,1,10,2,0,0
Grok 4.3,coordinated,66edc60801af2a724035ad4b,1,10,2,3,0
Grok 4.3,coordinated,66ef3de8b8a1ba6e0ba23498,2,10,2,5,5
Grok 4.3,coordinated,66f052e814be84cc1edd3fbd,2,10,2,0,0
Grok 4.3,coordinated,66f27d65a40482f6012a4006,3,10,2,0,0
Grok 4.3,coordinated,66f31140cdc5dafd297e9b5a,3,10,2,7,0
Grok 4.3,coordinated,66f44382e369fb72959c8e86,1,10,2,0,0
Grok 4.3,coordinated,66f83aed0d92e99048a4ae9d,1,10,2,1,1
Grok 4.3,coordinated,66fc4dc04293a9638d7e0f65,3,10,2,6,0
Grok 4.3,coordinated,66fc5e611f5f3f3b48ae9566,3,10,2,4,0
Grok 4.3,coordinated,66fc8b271d39fbf6d8bcdd0c,1,10,2,0,0
Grok 4.3,coordinated,66fcc286eab6d512704d96af,1,10,2,2,2
Grok 4.3,coordinated,66fcf077c494ec3fe0ed5635,3,10,2,8,0
Grok 4.3,coordinated,66fd60ea6be05c0b608861d5,1,10,2,1,1
Grok 4.3,coordinated,66fda7a057cea4445778e88a,1,10,2,2,2
Grok 4.3,coordinated,66fee6c39e4f456a6d2941b5,1,10,2,2,2
Grok 4.3,coordinated,670170d616077208cedb9627,2,10,2,1,1
Grok 4.3,coordinated,6701de16d9e4cd1aa812414b,2,10,2,0,0
Grok 4.3,coordinated,670285bc39fbddbbfdaffdfe,3,10,2,7,0
Grok 4.3,coordinated,67055b15222ba55ab0b88431,3,10,2,7,1
Grok 4.3,coordinated,6709a557139851f6bbbd7a5a,3,10,2,1,1
Grok 4.3,coordinated,6709df4c3c2174379ffee04b,1,10,2,4,0
Grok 4.3,coordinated,670aa3e255f3b29ec899f979,2,10,2,7,0
Grok 4.3,coordinated,670b307567eb710437409184,3,10,2,3,0
Grok 4.3,coordinated,670c775842b25f65425c86c2,1,10,2,6,0
Grok 4.3,coordinated,670f00dc79750a6c73259f4d,2,10,2,5,0
Grok 4.3,coordinated,670fb58f2ca6bea76e9354a7,2,10,2,3,0
Grok 4.3,coordinated,6716260eae3149088ed859b9,3,10,2,6,0
Grok 4.3,coordinated,6718487afba38eebcbc8034b,3,10,2,4,0
Grok 4.3,coordinated,6718577ca88093a75026b186,2,10,2,4,0
Grok 4.3,coordinated,671a947c9deaf77048dcc8b7,1,10,2,2,2
Grok 4.3,coordinated,671ac641136758472327f851,2,10,2,5,0
Grok 4.3,coordinated,671be3853529bee9e3097b92,3,10,2,6,0
Grok 4.3,coordinated,671c6a1aacee876e82d4bc0e,1,10,2,7,0
Grok 4.3,coordinated,671f083dc8da11076ce9960e,3,10,2,8,0
Grok 4.3,coordinated,671f0c2578ab3005e439aeba,1,10,2,7,0
Grok 4.3,coordinated,671f3d49d579cf064f22d3ce,2,10,2,3,0
Grok 4.3,coordinated,67202822dbc5086c0bdd4e1c,1,10,2,0,0
Grok 4.3,coordinated,672182f55e4a5b8416a1ccbe,2,10,2,2,2
Grok 4.3,coordinated,67227b249679954247c9c0b3,3,10,2,4,0
Grok 4.3,coordinated,6722b1f9f3a489ee08117730,1,10,2,4,0
Grok 4.3,coordinated,67232c88e22b01bfa7b8f156,1,10,2,0,0
Grok 4.3,coordinated,6723ec50479384d8942cca75,2,10,2,0,0
Grok 4.3,coordinated,67242f1f911674ab1b5d904b,3,10,2,5,0
Grok 4.3,coordinated,672433577fb5d24be68f010d,2,10,2,1,0
Grok 4.3,coordinated,672455ce7a14971607e3d9f0,1,10,2,1,1
Grok 4.3,coordinated,6724955b1dc5c59953c463ec,3,10,2,8,0
Grok 4.3,coordinated,6724db7012a8d5ea6a619372,2,10,2,3,0
Grok 4.3,coordinated,6724f8b80c7d03e5a66cce57,2,10,2,3,3
Grok 4.3,coordinated,672507e82cc2a1349f1ffaf1,3,10,2,5,0
Grok 4.3,coordinated,67253c33ad98e94b47ea3477,3,10,2,8,0
Grok 4.3,coordinated,67254a56046774791d0f1a41,1,10,2,0,0
Grok 4.3,coordinated,672555acc27a6276611a3005,2,10,2,2,0
Grok 4.3,coordinated,67258c4124b290d28a9f8abe,1,10,2,0,0
Grok 4.3,coordinated,67264a55cae736a4a682949a,1,10,2,2,0
Grok 4.3,coordinated,672a5d27385accabb646acfe,2,10,2,5,3
Grok 4.3,coordinated,672aac7a78e0ab15cf86003b,2,10,2,4,0
Grok 4.3,coordinated,672d5a80f1800d2d85750a71,3,10,2,6,0
Grok 4.3,coordinated,672fbc4ec2c82cf448a1a725,1,10,2,1,1
Grok 4.3,coordinated,67313652f659ba7b3fd1fe40,1,10,2,5,0
Grok 4.3,coordinated,6733af65f1a57e239a7e7488,2,10,2,0,0
Grok 4.3,coordinated,6734346cf3950859f67019af,1,10,2,1,1
Grok 4.3,coordinated,673612eaff612f83700ec41f,1,10,2,2,2
Grok 4.3,coordinated,67368bceaea0de6b58ec346a,1,10,2,6,0
Grok 4.3,coordinated,673722c82bfc8ab579ed111f,2,10,2,7,0
Grok 4.3,coordinated,67375e6f8b1cc52c211f95ce,2,10,2,5,2
Grok 4.3,coordinated,6737697dedff89681fe75582,2,10,2,6,2
Grok 4.3,coordinated,6737b422d3949406f1ed580b,1,10,2,3,3
Grok 4.3,coordinated,6738df8c201a2bd66499797a,2,10,2,5,0
Grok 4.3,coordinated,6739149727881148ddf2aca0,1,10,2,2,2
Grok 4.3,coordinated,673a76559e89466aa6433f66,3,10,2,4,0
Grok 4.3,coordinated,673a9c6a414ad0600dc781a2,2,10,2,5,0
Grok 4.3,coordinated,673ae99a3022b9e17f89d1b6,3,10,2,4,0
Grok 4.3,coordinated,673be25fc988fbc8ef18d148,1,10,2,1,1
Grok 4.3,coordinated,67414401f5fbbfac5c273a0d,2,10,2,2,0
Grok 4.3,coordinated,674761ffca5b554156dc9037,1,10,2,2,2
Grok 4.3,coordinated,674dbd94040b2918e5c0b63d,1,10,2,1,1
Grok 4.3,coordinated,674f07ffffb28de6c182c458,3,10,2,6,0
Grok 4.3,coordinated,67631f198b502023c4567380,2,10,2,1,1
Grok 4.3,coordinated,67666a593e38774fc651f9f3,1,10,2,1,1
Grok 4.3,coordinated,67672352c393c4ff629cb820,1,10,2,0,0
Grok 4.3,coordinated,6767969869b88c321c96665a,1,10,2,7,0
Grok 4.3,coordinated,678fbf931413486f7dc2a7f1,2,10,2,2,0
Grok 4.3,coordinated,668825f80a642802bdfeadfa,3,12,4,4,0
Grok 4.3,coordinated,668828540a642802bdfeadfc,3,12,4,4,0
Grok 4.3,coordinated,66e70c75bbb9b1754c0869ce,1,12,4,1,1
Grok 4.3,coordinated,66e883265ab37f0a7da089be,2,12,4,4,4
Grok 4.3,coordinated,66e8add1650a03361a14c6f8,3,12,4,2,0
Grok 4.3,coordinated,66e8e1056c0b8ace336996ea,3,12,4,1,1
Grok 4.3,coordinated,66e8f69b1440516dd6ab54da,1,12,4,0,0
Grok 4.3,coordinated,66e97fd756455f341c7849c3,1,12,4,1,1
Grok 4.3,coordinated,66e996260930c00374ceaa0b,2,12,4,0,0
Grok 4.3,coordinated,66ea70cd3d800a43340dd4d0,3,12,4,5,0
Grok 4.3,coordinated,66eaf0ba5e31c19691fe73b1,2,12,4,5,0
Grok 4.3,coordinated,66eafb96b082c5e6a76a49c0,1,12,4,2,2
Grok 4.3,coordinated,66ecfd03e7478ca5fcbb7495,1,12,4,1,1
Grok 4.3,coordinated,66edc60801af2a724035ad4b,1,12,4,3,0
Grok 4.3,coordinated,66ef3de8b8a1ba6e0ba23498,2,12,4,5,0
Grok 4.3,coordinated,66f052e814be84cc1edd3fbd,2,12,4,2,2
Grok 4.3,coordinated,66f27d65a40482f6012a4006,3,12,4,0,0
Grok 4.3,coordinated,66f31140cdc5dafd297e9b5a,3,12,4,8,0
Grok 4.3,coordinated,66f44382e369fb72959c8e86,1,12,4,0,0
Grok 4.3,coordinated,66f83aed0d92e99048a4ae9d,1,12,4,2,2
Grok 4.3,coordinated,66fc4dc04293a9638d7e0f65,3,12,4,8,0
Grok 4.3,coordinated,66fc5e611f5f3f3b48ae9566,3,12,4,4,0
Grok 4.3,coordinated,66fc8b271d39fbf6d8bcdd0c,1,12,4,1,1
Grok 4.3,coordinated,66fcc286eab6d512704d96af,1,12,4,1,1
Grok 4.3,coordinated,66fcf077c494ec3fe0ed5635,3,12,4,8,0
Grok 4.3,coordinated,66fd60ea6be05c0b608861d5,1,12,4,0,0
Grok 4.3,coordinated,66fda7a057cea4445778e88a,1,12,4,2,2
Grok 4.3,coordinated,66fee6c39e4f456a6d2941b5,1,12,4,3,0
Grok 4.3,coordinated,670170d616077208cedb9627,2,12,4,4,1
Grok 4.3,coordinated,6701de16d9e4cd1aa812414b,2,12,4,0,0
Grok 4.3,coordinated,670285bc39fbddbbfdaffdfe,3,12,4,7,0
Grok 4.3,coordinated,67055b15222ba55ab0b88431,3,12,4,6,2
Grok 4.3,coordinated,6709a557139851f6bbbd7a5a,3,12,4,3,3
Grok 4.3,coordinated,6709df4c3c2174379ffee04b,1,12,4,1,1
Grok 4.3,coordinated,670aa3e255f3b29ec899f979,2,12,4,5,0
Grok 4.3,coordinated,670b307567eb710437409184,3,12,4,3,3
Grok 4.3,coordinated,670c775842b25f65425c86c2,1,12,4,3,3
Grok 4.3,coordinated,670f00dc79750a6c73259f4d,2,12,4,7,0
Grok 4.3,coordinated,670fb58f2ca6bea76e9354a7,2,12,4,0,0
Grok 4.3,coordinated,6716260eae3149088ed859b9,3,12,4,7,0
Grok 4.3,coordinated,6718487afba38eebcbc8034b,3,12,4,2,2
Grok 4.3,coordinated,6718577ca88093a75026b186,2,12,4,5,5
Grok 4.3,coordinated,671a947c9deaf77048dcc8b7,1,12,4,3,3
Grok 4.3,coordinated,671ac641136758472327f851,2,12,4,4,3
Grok 4.3,coordinated,671be3853529bee9e3097b92,3,12,4,8,0
Grok 4.3,coordinated,671c6a1aacee876e82d4bc0e,1,12,4,2,2
Grok 4.3,coordinated,671f083dc8da11076ce9960e,3,12,4,8,0
Grok 4.3,coordinated,671f0c2578ab3005e439aeba,1,12,4,5,0
Grok 4.3,coordinated,671f3d49d579cf064f22d3ce,2,12,4,2,2
Grok 4.3,coordinated,67202822dbc5086c0bdd4e1c,1,12,4,1,1
Grok 4.3,coordinated,672182f55e4a5b8416a1ccbe,2,12,4,0,0
Grok 4.3,coordinated,67227b249679954247c9c0b3,3,12,4,2,0
Grok 4.3,coordinated,6722b1f9f3a489ee08117730,1,12,4,3,0
Grok 4.3,coordinated,67232c88e22b01bfa7b8f156,1,12,4,0,0
Grok 4.3,coordinated,6723ec50479384d8942cca75,2,12,4,5,0
Grok 4.3,coordinated,67242f1f911674ab1b5d904b,3,12,4,7,0
Grok 4.3,coordinated,672433577fb5d24be68f010d,2,12,4,3,3
Grok 4.3,coordinated,672455ce7a14971607e3d9f0,1,12,4,0,0
Grok 4.3,coordinated,6724955b1dc5c59953c463ec,3,12,4,8,0
Grok 4.3,coordinated,6724db7012a8d5ea6a619372,2,12,4,1,1
Grok 4.3,coordinated,6724f8b80c7d03e5a66cce57,2,12,4,0,0
Grok 4.3,coordinated,672507e82cc2a1349f1ffaf1,3,12,4,6,6
Grok 4.3,coordinated,67253c33ad98e94b47ea3477,3,12,4,8,0
Grok 4.3,coordinated,67254a56046774791d0f1a41,1,12,4,0,0
Grok 4.3,coordinated,672555acc27a6276611a3005,2,12,4,2,2
Grok 4.3,coordinated,67258c4124b290d28a9f8abe,1,12,4,0,0
Grok 4.3,coordinated,67264a55cae736a4a682949a,1,12,4,3,0
Grok 4.3,coordinated,672a5d27385accabb646acfe,2,12,4,7,0
Grok 4.3,coordinated,672aac7a78e0ab15cf86003b,2,12,4,1,1
Grok 4.3,coordinated,672d5a80f1800d2d85750a71,3,12,4,6,0
Grok 4.3,coordinated,672fbc4ec2c82cf448a1a725,1,12,4,1,1
Grok 4.3,coordinated,67313652f659ba7b3fd1fe40,1,12,4,6,0
Grok 4.3,coordinated,6733af65f1a57e239a7e7488,2,12,4,2,1
Grok 4.3,coordinated,6734346cf3950859f67019af,1,12,4,2,0
Grok 4.3,coordinated,673612eaff612f83700ec41f,1,12,4,1,1
Grok 4.3,coordinated,67368bceaea0de6b58ec346a,1,12,4,8,0
Grok 4.3,coordinated,673722c82bfc8ab579ed111f,2,12,4,7,0
Grok 4.3,coordinated,67375e6f8b1cc52c211f95ce,2,12,4,6,0
Grok 4.3,coordinated,6737697dedff89681fe75582,2,12,4,6,1
Grok 4.3,coordinated,6737b422d3949406f1ed580b,1,12,4,3,3
Grok 4.3,coordinated,6738df8c201a2bd66499797a,2,12,4,6,1
Grok 4.3,coordinated,6739149727881148ddf2aca0,1,12,4,3,3
Grok 4.3,coordinated,673a76559e89466aa6433f66,3,12,4,6,0
Grok 4.3,coordinated,673a9c6a414ad0600dc781a2,2,12,4,2,2
Grok 4.3,coordinated,673ae99a3022b9e17f89d1b6,3,12,4,5,0
Grok 4.3,coordinated,673be25fc988fbc8ef18d148,1,12,4,0,0
Grok 4.3,coordinated,67414401f5fbbfac5c273a0d,2,12,4,3,0
Grok 4.3,coordinated,674761ffca5b554156dc9037,1,12,4,6,0
Grok 4.3,coordinated,674dbd94040b2918e5c0b63d,1,12,4,1,1
Grok 4.3,coordinated,674f07ffffb28de6c182c458,3,12,4,6,0
Grok 4.3,coordinated,67631f198b502023c4567380,2,12,4,3,3
Grok 4.3,coordinated,67666a593e38774fc651f9f3,1,12,4,0,0
Grok 4.3,coordinated,67672352c393c4ff629cb820,1,12,4,2,2
Grok 4.3,coordinated,6767969869b88c321c96665a,1,12,4,4,0
Grok 4.3,coordinated,678fbf931413486f7dc2a7f1,2,12,4,6,0
Grok 4.3,coordinated,668825f80a642802bdfeadfa,3,14,6,5,2
Grok 4.3,coordinated,668828540a642802bdfeadfc,3,14,6,4,0
Grok 4.3,coordinated,66e70c75bbb9b1754c0869ce,1,14,6,2,2
Grok 4.3,coordinated,66e883265ab37f0a7da089be,2,14,6,4,4
Grok 4.3,coordinated,66e8add1650a03361a14c6f8,3,14,6,3,3
Grok 4.3,coordinated,66e8e1056c0b8ace336996ea,3,14,6,1,1
Grok 4.3,coordinated,66e8f69b1440516dd6ab54da,1,14,6,0,0
Grok 4.3,coordinated,66e97fd756455f341c7849c3,1,14,6,3,0
Grok 4.3,coordinated,66e996260930c00374ceaa0b,2,14,6,1,1
Grok 4.3,coordinated,66ea70cd3d800a43340dd4d0,3,14,6,8,0
Grok 4.3,coordinated,66eaf0ba5e31c19691fe73b1,2,14,6,5,0
Grok 4.3,coordinated,66eafb96b082c5e6a76a49c0,1,14,6,3,3
Grok 4.3,coordinated,66ecfd03e7478ca5fcbb7495,1,14,6,0,0
Grok 4.3,coordinated,66edc60801af2a724035ad4b,1,14,6,0,0
Grok 4.3,coordinated,66ef3de8b8a1ba6e0ba23498,2,14,6,4,4
Grok 4.3,coordinated,66f052e814be84cc1edd3fbd,2,14,6,1,1
Grok 4.3,coordinated,66f27d65a40482f6012a4006,3,14,6,0,0
Grok 4.3,coordinated,66f31140cdc5dafd297e9b5a,3,14,6,8,0
Grok 4.3,coordinated,66f44382e369fb72959c8e86,1,14,6,0,0
Grok 4.3,coordinated,66f83aed0d92e99048a4ae9d,1,14,6,2,2
Grok 4.3,coordinated,66fc4dc04293a9638d7e0f65,3,14,6,8,0
Grok 4.3,coordinated,66fc5e611f5f3f3b48ae9566,3,14,6,4,0
Grok 4.3,coordinated,66fc8b271d39fbf6d8bcdd0c,1,14,6,0,0
Grok 4.3,coordinated,66fcc286eab6d512704d96af,1,14,6,1,1
Grok 4.3,coordinated,66fcf077c494ec3fe0ed5635,3,14,6,8,0
Grok 4.3,coordinated,66fd60ea6be05c0b608861d5,1,14,6,1,1
Grok 4.3,coordinated,66fda7a057cea4445778e88a,1,14,6,4,4
Grok 4.3,coordinated,66fee6c39e4f456a6d2941b5,1,14,6,3,3
Grok 4.3,coordinated,670170d616077208cedb9627,2,14,6,1,1
Grok 4.3,coordinated,6701de16d9e4cd1aa812414b,2,14,6,2,2
Grok 4.3,coordinated,670285bc39fbddbbfdaffdfe,3,14,6,8,0
Grok 4.3,coordinated,67055b15222ba55ab0b88431,3,14,6,7,2
Grok 4.3,coordinated,6709a557139851f6bbbd7a5a,3,14,6,0,0
Grok 4.3,coordinated,6709df4c3c2174379ffee04b,1,14,6,0,0
Grok 4.3,coordinated,670aa3e255f3b29ec899f979,2,14,6,8,0
Grok 4.3,coordinated,670b307567eb710437409184,3,14,6,5,0
Grok 4.3,coordinated,670c775842b25f65425c86c2,1,14,6,3,3
Grok 4.3,coordinated,670f00dc79750a6c73259f4d,2,14,6,8,0
Grok 4.3,coordinated,670fb58f2ca6bea76e9354a7,2,14,6,3,2
Grok 4.3,coordinated,6716260eae3149088ed859b9,3,14,6,7,0
Grok 4.3,coordinated,6718487afba38eebcbc8034b,3,14,6,3,3
Grok 4.3,coordinated,6718577ca88093a75026b186,2,14,6,6,6
Grok 4.3,coordinated,671a947c9deaf77048dcc8b7,1,14,6,6,0
Grok 4.3,coordinated,671ac641136758472327f851,2,14,6,3,3
Grok 4.3,coordinated,671be3853529bee9e3097b92,3,14,6,4,4
Grok 4.3,coordinated,671c6a1aacee876e82d4bc0e,1,14,6,4,4
Grok 4.3,coordinated,671f083dc8da11076ce9960e,3,14,6,7,0
Grok 4.3,coordinated,671f0c2578ab3005e439aeba,1,14,6,6,0
Grok 4.3,coordinated,671f3d49d579cf064f22d3ce,2,14,6,4,0
Grok 4.3,coordinated,67202822dbc5086c0bdd4e1c,1,14,6,0,0
Grok 4.3,coordinated,672182f55e4a5b8416a1ccbe,2,14,6,1,1
Grok 4.3,coordinated,67227b249679954247c9c0b3,3,14,6,2,0
Grok 4.3,coordinated,6722b1f9f3a489ee08117730,1,14,6,1,1
Grok 4.3,coordinated,67232c88e22b01bfa7b8f156,1,14,6,0,0
Grok 4.3,coordinated,6723ec50479384d8942cca75,2,14,6,4,0
Grok 4.3,coordinated,67242f1f911674ab1b5d904b,3,14,6,4,0
Grok 4.3,coordinated,672433577fb5d24be68f010d,2,14,6,2,1
Grok 4.3,coordinated,672455ce7a14971607e3d9f0,1,14,6,2,2
Grok 4.3,coordinated,6724955b1dc5c59953c463ec,3,14,6,5,5
Grok 4.3,coordinated,6724db7012a8d5ea6a619372,2,14,6,3,3
Grok 4.3,coordinated,6724f8b80c7d03e5a66cce57,2,14,6,0,0
Grok 4.3,coordinated,672507e82cc2a1349f1ffaf1,3,14,6,4,0
Grok 4.3,coordinated,67253c33ad98e94b47ea3477,3,14,6,8,0
Grok 4.3,coordinated,67254a56046774791d0f1a41,1,14,6,0,0
Grok 4.3,coordinated,672555acc27a6276611a3005,2,14,6,2,2
Grok 4.3,coordinated,67258c4124b290d28a9f8abe,1,14,6,1,1
Grok 4.3,coordinated,67264a55cae736a4a682949a,1,14,6,3,0
Grok 4.3,coordinated,672a5d27385accabb646acfe,2,14,6,6,0
Grok 4.3,coordinated,672aac7a78e0ab15cf86003b,2,14,6,1,1
Grok 4.3,coordinated,672d5a80f1800d2d85750a71,3,14,6,8,0
Grok 4.3,coordinated,672fbc4ec2c82cf448a1a725,1,14,6,1,1
Grok 4.3,coordinated,67313652f659ba7b3fd1fe40,1,14,6,8,0
Grok 4.3,coordinated,6733af65f1a57e239a7e7488,2,14,6,1,1
Grok 4.3,coordinated,6734346cf3950859f67019af,1,14,6,1,0
Grok 4.3,coordinated,673612eaff612f83700ec41f,1,14,6,4,4
Grok 4.3,coordinated,67368bceaea0de6b58ec346a,1,14,6,4,1
Grok 4.3,coordinated,673722c82bfc8ab579ed111f,2,14,6,5,2
Grok 4.3,coordinated,67375e6f8b1cc52c211f95ce,2,14,6,6,1
Grok 4.3,coordinated,6737697dedff89681fe75582,2,14,6,4,4
Grok 4.3,coordinated,6737b422d3949406f1ed580b,1,14,6,4,0
Grok 4.3,coordinated,6738df8c201a2bd66499797a,2,14,6,5,0
Grok 4.3,coordinated,6739149727881148ddf2aca0,1,14,6,4,4
Grok 4.3,coordinated,673a76559e89466aa6433f66,3,14,6,6,6
Grok 4.3,coordinated,673a9c6a414ad0600dc781a2,2,14,6,5,5
Grok 4.3,coordinated,673ae99a3022b9e17f89d1b6,3,14,6,6,0
Grok 4.3,coordinated,673be25fc988fbc8ef18d148,1,14,6,1,1
Grok 4.3,coordinated,67414401f5fbbfac5c273a0d,2,14,6,3,3
Grok 4.3,coordinated,674761ffca5b554156dc9037,1,14,6,3,0
Grok 4.3,coordinated,674dbd94040b2918e5c0b63d,1,14,6,1,1
Grok 4.3,coordinated,674f07ffffb28de6c182c458,3,14,6,3,3
Grok 4.3,coordinated,67631f198b502023c4567380,2,14,6,4,4
Grok 4.3,coordinated,67666a593e38774fc651f9f3,1,14,6,6,0
Grok 4.3,coordinated,67672352c393c4ff629cb820,1,14,6,0,0
Grok 4.3,coordinated,6767969869b88c321c96665a,1,14,6,2,2
Grok 4.3,coordinated,678fbf931413486f7dc2a7f1,2,14,6,3,0
Grok 4.3,coordinated,668825f80a642802bdfeadfa,3,15,3,8,0
Grok 4.3,coordinated,668828540a642802bdfeadfc,3,15,3,9,0
Grok 4.3,coordinated,66e70c75bbb9b1754c0869ce,1,15,3,2,2
Grok 4.3,coordinated,66e883265ab37f0a7da089be,2,15,3,3,3
Grok 4.3,coordinated,66e8add1650a03361a14c6f8,3,15,3,2,0
Grok 4.3,coordinated,66e8e1056c0b8ace336996ea,3,15,3,3,3
Grok 4.3,coordinated,66e8f69b1440516dd6ab54da,1,15,3,1,1
Grok 4.3,coordinated,66e97fd756455f341c7849c3,1,15,3,1,1
Grok 4.3,coordinated,66e996260930c00374ceaa0b,2,15,3,2,2
Grok 4.3,coordinated,66ea70cd3d800a43340dd4d0,3,15,3,10,0
Grok 4.3,coordinated,66eaf0ba5e31c19691fe73b1,2,15,3,8,0
Grok 4.3,coordinated,66eafb96b082c5e6a76a49c0,1,15,3,1,1
Grok 4.3,coordinated,66ecfd03e7478ca5fcbb7495,1,15,3,0,0
Grok 4.3,coordinated,66edc60801af2a724035ad4b,1,15,3,5,0
Grok 4.3,coordinated,66ef3de8b8a1ba6e0ba23498,2,15,3,3,0
Grok 4.3,coordinated,66f052e814be84cc1edd3fbd,2,15,3,2,2
Grok 4.3,coordinated,66f27d65a40482f6012a4006,3,15,3,1,1
Grok 4.3,coordinated,66f31140cdc5dafd297e9b5a,3,15,3,11,0
Grok 4.3,coordinated,66f44382e369fb72959c8e86,1,15,3,0,0
Grok 4.3,coordinated,66f83aed0d92e99048a4ae9d,1,15,3,2,2
Grok 4.3,coordinated,66fc4dc04293a9638d7e0f65,3,15,3,11,0
Grok 4.3,coordinated,66fc5e611f5f3f3b48ae9566,3,15,3,4,0
Grok 4.3,coordinated,66fc8b271d39fbf6d8bcdd0c,1,15,3,0,0
Grok 4.3,coordinated,66fcc286eab6d512704d96af,1,15,3,3,3
Grok 4.3,coordinated,66fcf077c494ec3fe0ed5635,3,15,3,12,0
Grok 4.3,coordinated,66fd60ea6be05c0b608861d5,1,15,3,0,0
Grok 4.3,coordinated,66fda7a057cea4445778e88a,1,15,3,5,5
Grok 4.3,coordinated,66fee6c39e4f456a6d2941b5,1,15,3,6,6
Grok 4.3,coordinated,670170d616077208cedb9627,2,15,3,5,5
Grok 4.3,coordinated,6701de16d9e4cd1aa812414b,2,15,3,2,2
Grok 4.3,coordinated,670285bc39fbddbbfdaffdfe,3,15,3,12,0
Grok 4.3,coordinated,67055b15222ba55ab0b88431,3,15,3,9,1
Grok 4.3,coordinated,6709a557139851f6bbbd7a5a,3,15,3,6,0
Grok 4.3,coordinated,6709df4c3c2174379ffee04b,1,15,3,3,0
Grok 4.3,coordinated,670aa3e255f3b29ec899f979,2,15,3,10,0
Grok 4.3,coordinated,670b307567eb710437409184,3,15,3,7,0
Grok 4.3,coordinated,670c775842b25f65425c86c2,1,15,3,6,0
Grok 4.3,coordinated,670f00dc79750a6c73259f4d,2,15,3,10,0
Grok 4.3,coordinated,670fb58f2ca6bea76e9354a7,2,15,3,4,0
Grok 4.3,coordinated,6716260eae3149088ed859b9,3,15,3,9,0
Grok 4.3,coordinated,6718487afba38eebcbc8034b,3,15,3,4,4
Grok 4.3,coordinated,6718577ca88093a75026b186,2,15,3,11,0
Grok 4.3,coordinated,671a947c9deaf77048dcc8b7,1,15,3,7,7
Grok 4.3,coordinated,671ac641136758472327f851,2,15,3,5,5
Grok 4.3,coordinated,671be3853529bee9e3097b92,3,15,3,9,0
Grok 4.3,coordinated,671c6a1aacee876e82d4bc0e,1,15,3,5,0
Grok 4.3,coordinated,671f083dc8da11076ce9960e,3,15,3,10,0
Grok 4.3,coordinated,671f0c2578ab3005e439aeba,1,15,3,7,0
Grok 4.3,coordinated,671f3d49d579cf064f22d3ce,2,15,3,2,0
Grok 4.3,coordinated,67202822dbc5086c0bdd4e1c,1,15,3,1,1
Grok 4.3,coordinated,672182f55e4a5b8416a1ccbe,2,15,3,2,2
Grok 4.3,coordinated,67227b249679954247c9c0b3,3,15,3,10,0
Grok 4.3,coordinated,6722b1f9f3a489ee08117730,1,15,3,3,3
Grok 4.3,coordinated,67232c88e22b01bfa7b8f156,1,15,3,0,0
Grok 4.3,coordinated,6723ec50479384d8942cca75,2,15,3,7,0
Grok 4.3,coordinated,67242f1f911674ab1b5d904b,3,15,3,5,0
Grok 4.3,coordinated,672433577fb5d24be68f010d,2,15,3,4,2
Grok 4.3,coordinated,672455ce7a14971607e3d9f0,1,15,3,0,0
Grok 4.3,coordinated,6724955b1dc5c59953c463ec,3,15,3,12,0
Grok 4.3,coordinated,6724db7012a8d5ea6a619372,2,15,3,2,0
Grok 4.3,coordinated,6724f8b80c7d03e5a66cce57,2,15,3,3,0
Grok 4.3,coordinated,672507e82cc2a1349f1ffaf1,3,15,3,9,1
Grok 4.3,coordinated,67253c33ad98e94b47ea3477,3,15,3,10,0
Grok 4.3,coordinated,67254a56046774791d0f1a41,1,15,3,0,0
Grok 4.3,coordinated,672555acc27a6276611a3005,2,15,3,2,2
Grok 4.3,coordinated,67258c4124b290d28a9f8abe,1,15,3,1,1
Grok 4.3,coordinated,67264a55cae736a4a682949a,1,15,3,4,0
Grok 4.3,coordinated,672a5d27385accabb646acfe,2,15,3,8,0
Grok 4.3,coordinated,672aac7a78e0ab15cf86003b,2,15,3,4,4
Grok 4.3,coordinated,672d5a80f1800d2d85750a71,3,15,3,4,1
Grok 4.3,coordinated,672fbc4ec2c82cf448a1a725,1,15,3,4,4
Grok 4.3,coordinated,67313652f659ba7b3fd1fe40,1,15,3,11,0
Grok 4.3,coordinated,6733af65f1a57e239a7e7488,2,15,3,1,1
Grok 4.3,coordinated,6734346cf3950859f67019af,1,15,3,6,0
Grok 4.3,coordinated,673612eaff612f83700ec41f,1,15,3,1,1
Grok 4.3,coordinated,67368bceaea0de6b58ec346a,1,15,3,4,4
Grok 4.3,coordinated,673722c82bfc8ab579ed111f,2,15,3,11,0
Grok 4.3,coordinated,67375e6f8b1cc52c211f95ce,2,15,3,5,0
Grok 4.3,coordinated,6737697dedff89681fe75582,2,15,3,6,2
Grok 4.3,coordinated,6737b422d3949406f1ed580b,1,15,3,2,2
Grok 4.3,coordinated,6738df8c201a2bd66499797a,2,15,3,6,0
Grok 4.3,coordinated,6739149727881148ddf2aca0,1,15,3,6,0
Grok 4.3,coordinated,673a9c6a414ad0600dc781a2,2,15,3,8,0
Grok 4.3,coordinated,673ae99a3022b9e17f89d1b6,3,15,3,6,0
Grok 4.3,coordinated,673be25fc988fbc8ef18d148,1,15,3,0,0
Grok 4.3,coordinated,67414401f5fbbfac5c273a0d,2,15,3,6,0
Grok 4.3,coordinated,674761ffca5b554156dc9037,1,15,3,7,0
Grok 4.3,coordinated,674dbd94040b2918e5c0b63d,1,15,3,2,2
Grok 4.3,coordinated,674f07ffffb28de6c182c458,3,15,3,6,0
Grok 4.3,coordinated,67631f198b502023c4567380,2,15,3,3,3
Grok 4.3,coordinated,67666a593e38774fc651f9f3,1,15,3,1,1
Grok 4.3,coordinated,67672352c393c4ff629cb820,1,15,3,1,1
Grok 4.3,coordinated,6767969869b88c321c96665a,1,15,3,4,4
Grok 4.3,coordinated,678fbf931413486f7dc2a7f1,2,15,3,8,0
Grok 4.3,coordinated,668825f80a642802bdfeadfa,3,18,6,6,0
Grok 4.3,coordinated,668828540a642802bdfeadfc,3,18,6,6,0
Grok 4.3,coordinated,66e70c75bbb9b1754c0869ce,1,18,6,4,4
Grok 4.3,coordinated,66e883265ab37f0a7da089be,2,18,6,7,7
Grok 4.3,coordinated,66e8add1650a03361a14c6f8,3,18,6,5,0
Grok 4.3,coordinated,66e8e1056c0b8ace336996ea,3,18,6,1,1
Grok 4.3,coordinated,66e8f69b1440516dd6ab54da,1,18,6,2,2
Grok 4.3,coordinated,66e97fd756455f341c7849c3,1,18,6,1,1
Grok 4.3,coordinated,66e996260930c00374ceaa0b,2,18,6,3,3
Grok 4.3,coordinated,66ea70cd3d800a43340dd4d0,3,18,6,8,0
Grok 4.3,coordinated,66eaf0ba5e31c19691fe73b1,2,18,6,12,0
Grok 4.3,coordinated,66eafb96b082c5e6a76a49c0,1,18,6,4,4
Grok 4.3,coordinated,66ecfd03e7478ca5fcbb7495,1,18,6,1,1
Grok 4.3,coordinated,66edc60801af2a724035ad4b,1,18,6,4,0
Grok 4.3,coordinated,66ef3de8b8a1ba6e0ba23498,2,18,6,3,3
Grok 4.3,coordinated,66f052e814be84cc1edd3fbd,2,18,6,1,1
Grok 4.3,coordinated,66f27d65a40482f6012a4006,3,18,6,4,4
Grok 4.3,coordinated,66f31140cdc5dafd297e9b5a,3,18,6,11,0
Grok 4.3,coordinated,66f44382e369fb72959c8e86,1,18,6,0,0
Grok 4.3,coordinated,66f83aed0d92e99048a4ae9d,1,18,6,3,3
Grok 4.3,coordinated,66fc4dc04293a9638d7e0f65,3,18,6,9,0
Grok 4.3,coordinated,66fc5e611f5f3f3b48ae9566,3,18,6,4,0
Grok 4.3,coordinated,66fc8b271d39fbf6d8bcdd0c,1,18,6,0,0
Grok 4.3,coordinated,66fcc286eab6d512704d96af,1,18,6,0,0
Grok 4.3,coordinated,66fcf077c494ec3fe0ed5635,3,18,6,12,0
Grok 4.3,coordinated,66fd60ea6be05c0b608861d5,1,18,6,0,0
Grok 4.3,coordinated,66fda7a057cea4445778e88a,1,18,6,7,7
Grok 4.3,coordinated,66fee6c39e4f456a6d2941b5,1,18,6,5,5
Grok 4.3,coordinated,670170d616077208cedb9627,2,18,6,7,7
Grok 4.3,coordinated,6701de16d9e4cd1aa812414b,2,18,6,2,2
Grok 4.3,coordinated,67055b15222ba55ab0b88431,3,18,6,10,0
Grok 4.3,coordinated,6709a557139851f6bbbd7a5a,3,18,6,1,1
Grok 4.3,coordinated,6709df4c3c2174379ffee04b,1,18,6,3,0
Grok 4.3,coordinated,670aa3e255f3b29ec899f979,2,18,6,12,0
Grok 4.3,coordinated,670b307567eb710437409184,3,18,6,7,7
Grok 4.3,coordinated,670c775842b25f65425c86c2,1,18,6,6,6
Grok 4.3,coordinated,670f00dc79750a6c73259f4d,2,18,6,8,0
Grok 4.3,coordinated,670fb58f2ca6bea76e9354a7,2,18,6,4,0
Grok 4.3,coordinated,6716260eae3149088ed859b9,3,18,6,10,0
Grok 4.3,coordinated,6718487afba38eebcbc8034b,3,18,6,1,1
Grok 4.3,coordinated,6718577ca88093a75026b186,2,18,6,8,8
Grok 4.3,coordinated,671a947c9deaf77048dcc8b7,1,18,6,5,5
Grok 4.3,coordinated,671ac641136758472327f851,2,18,6,4,4
Grok 4.3,coordinated,671be3853529bee9e3097b92,3,18,6,6,1
Grok 4.3,coordinated,671c6a1aacee876e82d4bc0e,1,18,6,5,0
Grok 4.3,coordinated,671f083dc8da11076ce9960e,3,18,6,12,0
Grok 4.3,coordinated,671f0c2578ab3005e439aeba,1,18,6,8,0
Grok 4.3,coordinated,671f3d49d579cf064f22d3ce,2,18,6,6,0
Grok 4.3,coordinated,67202822dbc5086c0bdd4e1c,1,18,6,4,4
Grok 4.3,coordinated,672182f55e4a5b8416a1ccbe,2,18,6,1,0
Grok 4.3,coordinated,67227b249679954247c9c0b3,3,18,6,8,0
Grok 4.3,coordinated,6722b1f9f3a489ee08117730,1,18,6,5,0
Grok 4.3,coordinated,67232c88e22b01bfa7b8f156,1,18,6,0,0
Grok 4.3,coordinated,6723ec50479384d8942cca75,2,18,6,3,0
Grok 4.3,coordinated,67242f1f911674ab1b5d904b,3,18,6,8,0
Grok 4.3,coordinated,672433577fb5d24be68f010d,2,18,6,1,1
Grok 4.3,coordinated,672455ce7a14971607e3d9f0,1,18,6,2,2
Grok 4.3,coordinated,6724955b1dc5c59953c463ec,3,18,6,11,0
Grok 4.3,coordinated,6724db7012a8d5ea6a619372,2,18,6,5,0
Grok 4.3,coordinated,6724f8b80c7d03e5a66cce57,2,18,6,3,3
Grok 4.3,coordinated,672507e82cc2a1349f1ffaf1,3,18,6,9,9
Grok 4.3,coordinated,67253c33ad98e94b47ea3477,3,18,6,11,0
Grok 4.3,coordinated,67254a56046774791d0f1a41,1,18,6,0,0
Grok 4.3,coordinated,672555acc27a6276611a3005,2,18,6,2,2
Grok 4.3,coordinated,67258c4124b290d28a9f8abe,1,18,6,0,0
Grok 4.3,coordinated,67264a55cae736a4a682949a,1,18,6,2,0
Grok 4.3,coordinated,672a5d27385accabb646acfe,2,18,6,7,0
Grok 4.3,coordinated,672aac7a78e0ab15cf86003b,2,18,6,1,1
Grok 4.3,coordinated,672d5a80f1800d2d85750a71,3,18,6,5,0
Grok 4.3,coordinated,672fbc4ec2c82cf448a1a725,1,18,6,2,2
Grok 4.3,coordinated,67313652f659ba7b3fd1fe40,1,18,6,8,0
Grok 4.3,coordinated,6733af65f1a57e239a7e7488,2,18,6,0,0
Grok 4.3,coordinated,6734346cf3950859f67019af,1,18,6,2,2
Grok 4.3,coordinated,673612eaff612f83700ec41f,1,18,6,0,0
Grok 4.3,coordinated,67368bceaea0de6b58ec346a,1,18,6,6,0
Grok 4.3,coordinated,673722c82bfc8ab579ed111f,2,18,6,10,0
Grok 4.3,coordinated,67375e6f8b1cc52c211f95ce,2,18,6,10,3
Grok 4.3,coordinated,6737697dedff89681fe75582,2,18,6,8,4
Grok 4.3,coordinated,6737b422d3949406f1ed580b,1,18,6,3,3
Grok 4.3,coordinated,6738df8c201a2bd66499797a,2,18,6,8,0
Grok 4.3,coordinated,6739149727881148ddf2aca0,1,18,6,3,3
Grok 4.3,coordinated,673a76559e89466aa6433f66,3,18,6,11,0
Grok 4.3,coordinated,673a9c6a414ad0600dc781a2,2,18,6,8,8
Grok 4.3,coordinated,673ae99a3022b9e17f89d1b6,3,18,6,4,1
Grok 4.3,coordinated,673be25fc988fbc8ef18d148,1,18,6,0,0
Grok 4.3,coordinated,67414401f5fbbfac5c273a0d,2,18,6,8,0
Grok 4.3,coordinated,674761ffca5b554156dc9037,1,18,6,5,0
Grok 4.3,coordinated,674dbd94040b2918e5c0b63d,1,18,6,1,1
Grok 4.3,coordinated,674f07ffffb28de6c182c458,3,18,6,9,0
Grok 4.3,coordinated,67631f198b502023c4567380,2,18,6,4,4
Grok 4.3,coordinated,67666a593e38774fc651f9f3,1,18,6,1,1
Grok 4.3,coordinated,67672352c393c4ff629cb820,1,18,6,1,1
Grok 4.3,coordinated,6767969869b88c321c96665a,1,18,6,8,0
Grok 4.3,coordinated,678fbf931413486f7dc2a7f1,2,18,6,5,0
Grok 4.3,coordinated,668825f80a642802bdfeadfa,3,21,9,8,0
Grok 4.3,coordinated,668828540a642802bdfeadfc,3,21,9,7,0
Grok 4.3,coordinated,66e70c75bbb9b1754c0869ce,1,21,9,4,4
Grok 4.3,coordinated,66e883265ab37f0a7da089be,2,21,9,6,6
Grok 4.3,coordinated,66e8add1650a03361a14c6f8,3,21,9,5,0
Grok 4.3,coordinated,66e8e1056c0b8ace336996ea,3,21,9,2,2
Grok 4.3,coordinated,66e8f69b1440516dd6ab54da,1,21,9,1,1
Grok 4.3,coordinated,66e97fd756455f341c7849c3,1,21,9,2,2
Grok 4.3,coordinated,66e996260930c00374ceaa0b,2,21,9,2,2
Grok 4.3,coordinated,66ea70cd3d800a43340dd4d0,3,21,9,9,0
Grok 4.3,coordinated,66eaf0ba5e31c19691fe73b1,2,21,9,8,0
Grok 4.3,coordinated,66eafb96b082c5e6a76a49c0,1,21,9,2,2
Grok 4.3,coordinated,66ecfd03e7478ca5fcbb7495,1,21,9,1,1
Grok 4.3,coordinated,66edc60801af2a724035ad4b,1,21,9,3,3
Grok 4.3,coordinated,66ef3de8b8a1ba6e0ba23498,2,21,9,4,0
Grok 4.3,coordinated,66f052e814be84cc1edd3fbd,2,21,9,0,0
Grok 4.3,coordinated,66f27d65a40482f6012a4006,3,21,9,1,1
Grok 4.3,coordinated,66f31140cdc5dafd297e9b5a,3,21,9,12,0
Grok 4.3,coordinated,66f44382e369fb72959c8e86,1,21,9,1,0
Grok 4.3,coordinated,66f83aed0d92e99048a4ae9d,1,21,9,1,1
Grok 4.3,coordinated,66fc4dc04293a9638d7e0f65,3,21,9,10,0
Grok 4.3,coordinated,66fc5e611f5f3f3b48ae9566,3,21,9,3,3
Grok 4.3,coordinated,66fc8b271d39fbf6d8bcdd0c,1,21,9,0,0
Grok 4.3,coordinated,66fcc286eab6d512704d96af,1,21,9,0,0
Grok 4.3,coordinated,66fcf077c494ec3fe0ed5635,3,21,9,12,0
Grok 4.3,coordinated,66fd60ea6be05c0b608861d5,1,21,9,2,2
Grok 4.3,coordinated,66fda7a057cea4445778e88a,1,21,9,5,5
Grok 4.3,coordinated,66fee6c39e4f456a6d2941b5,1,21,9,3,3
Grok 4.3,coordinated,670170d616077208cedb9627,2,21,9,0,0
Grok 4.3,coordinated,6701de16d9e4cd1aa812414b,2,21,9,0,0
Grok 4.3,coordinated,670285bc39fbddbbfdaffdfe,3,21,9,12,0
Grok 4.3,coordinated,67055b15222ba55ab0b88431,3,21,9,12,0
Grok 4.3,coordinated,6709a557139851f6bbbd7a5a,3,21,9,4,4
Grok 4.3,coordinated,6709df4c3c2174379ffee04b,1,21,9,3,0
Grok 4.3,coordinated,670aa3e255f3b29ec899f979,2,21,9,7,0
Grok 4.3,coordinated,670b307567eb710437409184,3,21,9,5,3
Grok 4.3,coordinated,670c775842b25f65425c86c2,1,21,9,3,3
Grok 4.3,coordinated,670f00dc79750a6c73259f4d,2,21,9,8,0
Grok 4.3,coordinated,670fb58f2ca6bea76e9354a7,2,21,9,3,3
Grok 4.3,coordinated,6716260eae3149088ed859b9,3,21,9,7,2
Grok 4.3,coordinated,6718487afba38eebcbc8034b,3,21,9,1,1
Grok 4.3,coordinated,6718577ca88093a75026b186,2,21,9,6,2
Grok 4.3,coordinated,671a947c9deaf77048dcc8b7,1,21,9,4,4
Grok 4.3,coordinated,671ac641136758472327f851,2,21,9,8,0
Grok 4.3,coordinated,671be3853529bee9e3097b92,3,21,9,12,0
Grok 4.3,coordinated,671c6a1aacee876e82d4bc0e,1,21,9,4,4
Grok 4.3,coordinated,671f083dc8da11076ce9960e,3,21,9,12,0
Grok 4.3,coordinated,671f0c2578ab3005e439aeba,1,21,9,8,1
Grok 4.3,coordinated,671f3d49d579cf064f22d3ce,2,21,9,2,0
Grok 4.3,coordinated,67202822dbc5086c0bdd4e1c,1,21,9,3,3
Grok 4.3,coordinated,672182f55e4a5b8416a1ccbe,2,21,9,2,2
Grok 4.3,coordinated,67227b249679954247c9c0b3,3,21,9,9,0
Grok 4.3,coordinated,6722b1f9f3a489ee08117730,1,21,9,3,3
Grok 4.3,coordinated,67232c88e22b01bfa7b8f156,1,21,9,0,0
Grok 4.3,coordinated,6723ec50479384d8942cca75,2,21,9,1,0
Grok 4.3,coordinated,67242f1f911674ab1b5d904b,3,21,9,8,0
Grok 4.3,coordinated,672433577fb5d24be68f010d,2,21,9,2,2
Grok 4.3,coordinated,672455ce7a14971607e3d9f0,1,21,9,0,0
Grok 4.3,coordinated,6724955b1dc5c59953c463ec,3,21,9,11,0
Grok 4.3,coordinated,6724db7012a8d5ea6a619372,2,21,9,5,0
Grok 4.3,coordinated,6724f8b80c7d03e5a66cce57,2,21,9,0,0
Grok 4.3,coordinated,672507e82cc2a1349f1ffaf1,3,21,9,10,1
Grok 4.3,coordinated,67253c33ad98e94b47ea3477,3,21,9,12,0
Grok 4.3,coordinated,67254a56046774791d0f1a41,1,21,9,0,0
Grok 4.3,coordinated,672555acc27a6276611a3005,2,21,9,2,2
Grok 4.3,coordinated,67258c4124b290d28a9f8abe,1,21,9,0,0
Grok 4.3,coordinated,67264a55cae736a4a682949a,1,21,9,3,0
Grok 4.3,coordinated,672a5d27385accabb646acfe,2,21,9,6,0
Grok 4.3,coordinated,672aac7a78e0ab15cf86003b,2,21,9,0,0
Grok 4.3,coordinated,672d5a80f1800d2d85750a71,3,21,9,8,0
Grok 4.3,coordinated,672fbc4ec2c82cf448a1a725,1,21,9,4,0
Grok 4.3,coordinated,67313652f659ba7b3fd1fe40,1,21,9,6,0
Grok 4.3,coordinated,6733af65f1a57e239a7e7488,2,21,9,1,1
Grok 4.3,coordinated,6734346cf3950859f67019af,1,21,9,5,0
Grok 4.3,coordinated,673612eaff612f83700ec41f,1,21,9,1,1
Grok 4.3,coordinated,67368bceaea0de6b58ec346a,1,21,9,6,4
Grok 4.3,coordinated,673722c82bfc8ab579ed111f,2,21,9,11,0
Grok 4.3,coordinated,67375e6f8b1cc52c211f95ce,2,21,9,9,1
Grok 4.3,coordinated,6737697dedff89681fe75582,2,21,9,7,0
Grok 4.3,coordinated,6737b422d3949406f1ed580b,1,21,9,4,0
Grok 4.3,coordinated,6738df8c201a2bd66499797a,2,21,9,9,0
Grok 4.3,coordinated,6739149727881148ddf2aca0,1,21,9,5,0
Grok 4.3,coordinated,673a76559e89466aa6433f66,3,21,9,12,0
Grok 4.3,coordinated,673a9c6a414ad0600dc781a2,2,21,9,7,7
Grok 4.3,coordinated,673ae99a3022b9e17f89d1b6,3,21,9,4,4
Grok 4.3,coordinated,673be25fc988fbc8ef18d148,1,21,9,0,0
Grok 4.3,coordinated,67414401f5fbbfac5c273a0d,2,21,9,7,0
Grok 4.3,coordinated,674761ffca5b554156dc9037,1,21,9,6,0
Grok 4.3,coordinated,674dbd94040b2918e5c0b63d,1,21,9,3,0
Grok 4.3,coordinated,674f07ffffb28de6c182c458,3,21,9,10,0
Grok 4.3,coordinated,67631f198b502023c4567380,2,21,9,2,2
Grok 4.3,coordinated,67672352c393c4ff629cb820,1,21,9,2,2
Grok 4.3,coordinated,6767969869b88c321c96665a,1,21,9,4,0
Grok 4.3,coordinated,678fbf931413486f7dc2a7f1,2,21,9,4,0
Grok 4.3,independent,668825f80a642802bdfeadfa,3,2,0,1,0
Grok 4.3,independent,668828540a642802bdfeadfc,3,2,0,2,0
Grok 4.3,independent,66e70c75bbb9b1754c0869ce,1,2,0,0,0
Grok 4.3,independent,66e883265ab37f0a7da089be,2,2,0,1,1
Grok 4.3,independent,66e8add1650a03361a14c6f8,3,2,0,2,0
Grok 4.3,independent,66e8e1056c0b8ace336996ea,3,2,0,0,0
Grok 4.3,independent,66e8f69b1440516dd6ab54da,1,2,0,0,0
Grok 4.3,independent,66e97fd756455f341c7849c3,1,2,0,0,0
Grok 4.3,independent,66e996260930c00374ceaa0b,2,2,0,0,0
Grok 4.3,independent,66ea70cd3d800a43340dd4d0,3,2,0,2,0
Grok 4.3,independent,66eaf0ba5e31c19691fe73b1,2,2,0,2,0
Grok 4.3,independent,66eafb96b082c5e6a76a49c0,1,2,0,0,0
Grok 4.3,independent,66ecfd03e7478ca5fcbb7495,1,2,0,0,0
Grok 4.3,independent,66edc60801af2a724035ad4b,1,2,0,0,0
Grok 4.3,independent,66ef3de8b8a1ba6e0ba23498,2,2,0,0,0
Grok 4.3,independent,66f052e814be84cc1edd3fbd,2,2,0,0,0
Grok 4.3,independent,66f27d65a40482f6012a4006,3,2,0,0,0
Grok 4.3,independent,66f31140cdc5dafd297e9b5a,3,2,0,2,0
Grok 4.3,independent,66f44382e369fb72959c8e86,1,2,0,0,0
Grok 4.3,independent,66f83aed0d92e99048a4ae9d,1,2,0,0,0
Grok 4.3,independent,66fc4dc04293a9638d7e0f65,3,2,0,2,0
Grok 4.3,independent,66fc5e611f5f3f3b48ae9566,3,2,0,1,0
Grok 4.3,independent,66fc8b271d39fbf6d8bcdd0c,1,2,0,0,0
Grok 4.3,independent,66fcc286eab6d512704d96af,1,2,0,0,0
Grok 4.3,independent,66fcf077c494ec3fe0ed5635,3,2,0,2,0
Grok 4.3,independent,66fd60ea6be05c0b608861d5,1,2,0,0,0
Grok 4.3,independent,66fda7a057cea4445778e88a,1,2,0,1,1
Grok 4.3,independent,66fee6c39e4f456a6d2941b5,1,2,0,0,0
Grok 4.3,independent,670170d616077208cedb9627,2,2,0,0,0
Grok 4.3,independent,6701de16d9e4cd1aa812414b,2,2,0,0,0
Grok 4.3,independent,670285bc39fbddbbfdaffdfe,3,2,0,2,0
Grok 4.3,independent,67055b15222ba55ab0b88431,3,2,0,2,1
Grok 4.3,independent,6709a557139851f6bbbd7a5a,3,2,0,0,0
Grok 4.3,independent,6709df4c3c2174379ffee04b,1,2,0,1,0
Grok 4.3,independent,670aa3e255f3b29ec899f979,2,2,0,2,0
Grok 4.3,independent,670b307567eb710437409184,3,2,0,0,0
Grok 4.3,independent,670c775842b25f65425c86c2,1,2,0,1,0
Grok 4.3,independent,670f00dc79750a6c73259f4d,2,2,0,1,0
Grok 4.3,independent,670fb58f2ca6bea76e9354a7,2,2,0,0,0
Grok 4.3,independent,6716260eae3149088ed859b9,3,2,0,2,0
Grok 4.3,independent,6718487afba38eebcbc8034b,3,2,0,0,0
Grok 4.3,independent,6718577ca88093a75026b186,2,2,0,2,0
Grok 4.3,independent,671a947c9deaf77048dcc8b7,1,2,0,0,0
Grok 4.3,independent,671ac641136758472327f851,2,2,0,1,0
Grok 4.3,independent,671be3853529bee9e3097b92,3,2,0,2,0
Grok 4.3,independent,671c6a1aacee876e82d4bc0e,1,2,0,2,0
Grok 4.3,independent,671f083dc8da11076ce9960e,3,2,0,2,0
Grok 4.3,independent,671f0c2578ab3005e439aeba,1,2,0,1,0
Grok 4.3,independent,671f3d49d579cf064f22d3ce,2,2,0,0,0
Grok 4.3,independent,67202822dbc5086c0bdd4e1c,1,2,0,1,0
Grok 4.3,independent,672182f55e4a5b8416a1ccbe,2,2,0,0,0
Grok 4.3,independent,67227b249679954247c9c0b3,3,2,0,1,0
Grok 4.3,independent,6722b1f9f3a489ee08117730,1,2,0,1,0
Grok 4.3,independent,67232c88e22b01bfa7b8f156,1,2,0,0,0
Grok 4.3,independent,6723ec50479384d8942cca75,2,2,0,2,0
Grok 4.3,independent,67242f1f911674ab1b5d904b,3,2,0,1,0
Grok 4.3,independent,672433577fb5d24be68f010d,2,2,0,0,0
Grok 4.3,independent,672455ce7a14971607e3d9f0,1,2,0,0,0
Grok 4.3,independent,6724955b1dc5c59953c463ec,3,2,0,1,0
Grok 4.3,independent,6724db7012a8d5ea6a619372,2,2,0,2,0
Grok 4.3,independent,6724f8b80c7d03e5a66cce57,2,2,0,0,0
Grok 4.3,independent,672507e82cc2a1349f1ffaf1,3,2,0,2,0
Grok 4.3,independent,67253c33ad98e94b47ea3477,3,2,0,2,0
Grok 4.3,independent,67254a56046774791d0f1a41,1,2,0,0,0
Grok 4.3,independent,672555acc27a6276611a3005,2,2,0,2,0
Grok 4.3,independent,67258c4124b290d28a9f8abe,1,2,0,0,0
Grok 4.3,independent,67264a55cae736a4a682949a,1,2,0,2,0
Grok 4.3,independent,672a5d27385accabb646acfe,2,2,0,0,0
Grok 4.3,independent,672aac7a78e0ab15cf86003b,2,2,0,0,0
Grok 4.3,independent,672d5a80f1800d2d85750a71,3,2,0,2,0
Grok 4.3,independent,672fbc4ec2c82cf448a1a725,1,2,0,0,0
Grok 4.3,independent,67313652f659ba7b3fd1fe40,1,2,0,2,0
Grok 4.3,independent,6733af65f1a57e239a7e7488,2,2,0,0,0
Grok 4.3,independent,6734346cf3950859f67019af,1,2,0,0,0
Grok 4.3,independent,673612eaff612f83700ec41f,1,2,0,0,0
Grok 4.3,independent,67368bceaea0de6b58ec346a,1,2,0,2,0
Grok 4.3,independent,673722c82bfc8ab579ed111f,2,2,0,2,0
Grok 4.3,independent,67375e6f8b1cc52c211f95ce,2,2,0,2,0
Grok 4.3,independent,6737697dedff89681fe75582,2,2,0,2,0
Grok 4.3,independent,6737b422d3949406f1ed580b,1,2,0,1,0
Grok 4.3,independent,6738df8c201a2bd66499797a,2,2,0,1,0
Grok 4.3,independent,6739149727881148ddf2aca0,1,2,0,0,0
Grok 4.3,independent,673a76559e89466aa6433f66,3,2,0,0,0
Grok 4.3,independent,673a9c6a414ad0600dc781a2,2,2,0,1,1
Grok 4.3,independent,673ae99a3022b9e17f89d1b6,3,2,0,2,0
Grok 4.3,independent,673be25fc988fbc8ef18d148,1,2,0,0,0
Grok 4.3,independent,67414401f5fbbfac5c273a0d,2,2,0,0,0
Grok 4.3,independent,674761ffca5b554156dc9037,1,2,0,1,0
Grok 4.3,independent,674dbd94040b2918e5c0b63d,1,2,0,1,0
Grok 4.3,independent,674f07ffffb28de6c182c458,3,2,0,2,0
Grok 4.3,independent,67631f198b502023c4567380,2,2,0,0,0
Grok 4.3,independent,67666a593e38774fc651f9f3,1,2,0,0,0
Grok 4.3,independent,67672352c393c4ff629cb820,1,2,0,1,1
Grok 4.3,independent,6767969869b88c321c96665a,1,2,0,2,0
Grok 4.3,independent,678fbf931413486f7dc2a7f1,2,2,0,0,0
Grok 4.3,independent,668825f80a642802bdfeadfa,3,4,0,2,0
Grok 4.3,independent,668828540a642802bdfeadfc,3,4,0,4,0
Grok 4.3,independent,66e70c75bbb9b1754c0869ce,1,4,0,2,2
Grok 4.3,independent,66e883265ab37f0a7da089be,2,4,0,3,0
Grok 4.3,independent,66e8add1650a03361a14c6f8,3,4,0,1,0
Grok 4.3,independent,66e8e1056c0b8ace336996ea,3,4,0,1,1
Grok 4.3,independent,66e8f69b1440516dd6ab54da,1,4,0,0,0
Grok 4.3,independent,66e97fd756455f341c7849c3,1,4,0,1,1
Grok 4.3,independent,66e996260930c00374ceaa0b,2,4,0,0,0
Grok 4.3,independent,66ea70cd3d800a43340dd4d0,3,4,0,1,0
Grok 4.3,independent,66eaf0ba5e31c19691fe73b1,2,4,0,3,0
Grok 4.3,independent,66eafb96b082c5e6a76a49c0,1,4,0,1,0
Grok 4.3,independent,66ecfd03e7478ca5fcbb7495,1,4,0,0,0
Grok 4.3,independent,66edc60801af2a724035ad4b,1,4,0,0,0
Grok 4.3,independent,66ef3de8b8a1ba6e0ba23498,2,4,0,0,0
Grok 4.3,independent,66f052e814be84cc1edd3fbd,2,4,0,1,0
Grok 4.3,independent,66f27d65a40482f6012a4006,3,4,0,1,1
Grok 4.3,independent,66f31140cdc5dafd297e9b5a,3,4,0,4,0
Grok 4.3,independent,66f44382e369fb72959c8e86,1,4,0,1,0
Grok 4.3,independent,66f83aed0d92e99048a4ae9d,1,4,0,1,1
Grok 4.3,independent,66fc4dc04293a9638d7e0f65,3,4,0,4,0
Grok 4.3,independent,66fc5e611f5f3f3b48ae9566,3,4,0,2,0
Grok 4.3,independent,66fc8b271d39fbf6d8bcdd0c,1,4,0,0,0
Grok 4.3,independent,66fcc286eab6d512704d96af,1,4,0,0,0
Grok 4.3,independent,66fcf077c494ec3fe0ed5635,3,4,0,4,0
Grok 4.3,independent,66fd60ea6be05c0b608861d5,1,4,0,0,0
Grok 4.3,independent,66fda7a057cea4445778e88a,1,4,0,1,1
Grok 4.3,independent,66fee6c39e4f456a6d2941b5,1,4,0,2,2
Grok 4.3,independent,670170d616077208cedb9627,2,4,0,0,0
Grok 4.3,independent,6701de16d9e4cd1aa812414b,2,4,0,0,0
Grok 4.3,independent,670285bc39fbddbbfdaffdfe,3,4,0,4,0
Grok 4.3,independent,67055b15222ba55ab0b88431,3,4,0,4,0
Grok 4.3,independent,6709a557139851f6bbbd7a5a,3,4,0,1,1
Grok 4.3,independent,6709df4c3c2174379ffee04b,1,4,0,1,0
Grok 4.3,independent,670aa3e255f3b29ec899f979,2,4,0,3,0
Grok 4.3,independent,670b307567eb710437409184,3,4,0,2,2
Grok 4.3,independent,670c775842b25f65425c86c2,1,4,0,2,2
Grok 4.3,independent,670f00dc79750a6c73259f4d,2,4,0,2,0
Grok 4.3,independent,670fb58f2ca6bea76e9354a7,2,4,0,2,0
Grok 4.3,independent,6716260eae3149088ed859b9,3,4,0,3,0
Grok 4.3,independent,6718487afba38eebcbc8034b,3,4,0,1,0
Grok 4.3,independent,6718577ca88093a75026b186,2,4,0,2,2
Grok 4.3,independent,671a947c9deaf77048dcc8b7,1,4,0,0,0
Grok 4.3,independent,671ac641136758472327f851,2,4,0,4,0
Grok 4.3,independent,671be3853529bee9e3097b92,3,4,0,4,0
Grok 4.3,independent,671c6a1aacee876e82d4bc0e,1,4,0,2,0
Grok 4.3,independent,671f083dc8da11076ce9960e,3,4,0,4,0
Grok 4.3,independent,671f0c2578ab3005e439aeba,1,4,0,3,0
Grok 4.3,independent,671f3d49d579cf064f22d3ce,2,4,0,1,0
Grok 4.3,independent,67202822dbc5086c0bdd4e1c,1,4,0,0,0
Grok 4.3,independent,672182f55e4a5b8416a1ccbe,2,4,0,2,2
Grok 4.3,independent,67227b249679954247c9c0b3,3,4,0,3,0
Grok 4.3,independent,6722b1f9f3a489ee08117730,1,4,0,2,0
Grok 4.3,independent,67232c88e22b01bfa7b8f156,1,4,0,0,0
Grok 4.3,independent,6723ec50479384d8942cca75,2,4,0,0,0
Grok 4.3,independent,67242f1f911674ab1b5d904b,3,4,0,3,0
Grok 4.3,independent,672433577fb5d24be68f010d,2,4,0,0,0
Grok 4.3,independent,672455ce7a14971607e3d9f0,1,4,0,0,0
Grok 4.3,independent,6724955b1dc5c59953c463ec,3,4,0,4,0
Grok 4.3,independent,6724db7012a8d5ea6a619372,2,4,0,0,0
Grok 4.3,independent,6724f8b80c7d03e5a66cce57,2,4,0,2,0
Grok 4.3,independent,672507e82cc2a1349f1ffaf1,3,4,0,3,0
Grok 4.3,independent,67253c33ad98e94b47ea3477,3,4,0,4,0
Grok 4.3,independent,67254a56046774791d0f1a41,1,4,0,0,0
Grok 4.3,independent,672555acc27a6276611a3005,2,4,0,2,0
Grok 4.3,independent,67258c4124b290d28a9f8abe,1,4,0,0,0
Grok 4.3,independent,67264a55cae736a4a682949a,1,4,0,3,0
Grok 4.3,independent,672a5d27385accabb646acfe,2,4,0,3,0
Grok 4.3,independent,672aac7a78e0ab15cf86003b,2,4,0,0,0
Grok 4.3,independent,672d5a80f1800d2d85750a71,3,4,0,3,0
Grok 4.3,independent,672fbc4ec2c82cf448a1a725,1,4,0,2,0
Grok 4.3,independent,67313652f659ba7b3fd1fe40,1,4,0,2,0
Grok 4.3,independent,6733af65f1a57e239a7e7488,2,4,0,1,1
Grok 4.3,independent,6734346cf3950859f67019af,1,4,0,3,0
Grok 4.3,independent,673612eaff612f83700ec41f,1,4,0,0,0
Grok 4.3,independent,67368bceaea0de6b58ec346a,1,4,0,2,0
Grok 4.3,independent,673722c82bfc8ab579ed111f,2,4,0,4,0
Grok 4.3,independent,67375e6f8b1cc52c211f95ce,2,4,0,2,0
Grok 4.3,independent,6737697dedff89681fe75582,2,4,0,4,0
Grok 4.3,independent,6737b422d3949406f1ed580b,1,4,0,1,1
Grok 4.3,independent,6738df8c201a2bd66499797a,2,4,0,3,0
Grok 4.3,independent,6739149727881148ddf2aca0,1,4,0,1,1
Grok 4.3,independent,673a76559e89466aa6433f66,3,4,0,4,0
Grok 4.3,independent,673a9c6a414ad0600dc781a2,2,4,0,3,0
Grok 4.3,independent,673ae99a3022b9e17f89d1b6,3,4,0,2,0
Grok 4.3,independent,673be25fc988fbc8ef18d148,1,4,0,0,0
Grok 4.3,independent,67414401f5fbbfac5c273a0d,2,4,0,1,1
Grok 4.3,independent,674761ffca5b554156dc9037,1,4,0,1,0
Grok 4.3,independent,674dbd94040b2918e5c0b63d,1,4,0,0,0
Grok 4.3,independent,674f07ffffb28de6c182c458,3,4,0,4,0
Grok 4.3,independent,67631f198b502023c4567380,2,4,0,0,0
Grok 4.3,independent,67666a593e38774fc651f9f3,1,4,0,0,0
Grok 4.3,independent,67672352c393c4ff629cb820,1,4,0,0,0
Grok 4.3,independent,6767969869b88c321c96665a,1,4,0,2,0
Grok 4.3,independent,678fbf931413486f7dc2a7f1,2,4,0,3,0
Grok 4.3,independent,668825f80a642802bdfeadfa,3,6,2,2,0
Grok 4.3,independent,668828540a642802bdfeadfc,3,6,2,2,0
Grok 4.3,independent,66e70c75bbb9b1754c0869ce,1,6,2,2,0
Grok 4.3,independent,66e883265ab37f0a7da089be,2,6,2,2,1
Grok 4.3,independent,66e8add1650a03361a14c6f8,3,6,2,2,0
Grok 4.3,independent,66e8e1056c0b8ace336996ea,3,6,2,1,1
Grok 4.3,independent,66e8f69b1440516dd6ab54da,1,6,2,0,0
Grok 4.3,independent,66e97fd756455f341c7849c3,1,6,2,0,0
Grok 4.3,independent,66e996260930c00374ceaa0b,2,6,2,1,1
Grok 4.3,independent,66ea70cd3d800a43340dd4d0,3,6,2,4,0
Grok 4.3,independent,66eaf0ba5e31c19691fe73b1,2,6,2,3,0
Grok 4.3,independent,66eafb96b082c5e6a76a49c0,1,6,2,2,0
Grok 4.3,independent,66ecfd03e7478ca5fcbb7495,1,6,2,1,1
Grok 4.3,independent,66edc60801af2a724035ad4b,1,6,2,3,0
Grok 4.3,independent,66ef3de8b8a1ba6e0ba23498,2,6,2,3,0
Grok 4.3,independent,66f052e814be84cc1edd3fbd,2,6,2,0,0
Grok 4.3,independent,66f27d65a40482f6012a4006,3,6,2,0,0
Grok 4.3,independent,66f31140cdc5dafd297e9b5a,3,6,2,4,0
Grok 4.3,independent,66f44382e369fb72959c8e86,1,6,2,0,0
Grok 4.3,independent,66f83aed0d92e99048a4ae9d,1,6,2,0,0
Grok 4.3,independent,66fc4dc04293a9638d7e0f65,3,6,2,4,0
Grok 4.3,independent,66fc5e611f5f3f3b48ae9566,3,6,2,2,0
Grok 4.3,independent,66fc8b271d39fbf6d8bcdd0c,1,6,2,0,0
Grok 4.3,independent,66fcc286eab6d512704d96af,1,6,2,0,0
Grok 4.3,independent,66fcf077c494ec3fe0ed5635,3,6,2,4,0
Grok 4.3,independent,66fd60ea6be05c0b608861d5,1,6,2,0,0
Grok 4.3,independent,66fda7a057cea4445778e88a,1,6,2,3,3
Grok 4.3,independent,66fee6c39e4f456a6d2941b5,1,6,2,2,2
Grok 4.3,independent,670170d616077208cedb9627,2,6,2,0,0
Grok 4.3,independent,6701de16d9e4cd1aa812414b,2,6,2,1,1
Grok 4.3,independent,670285bc39fbddbbfdaffdfe,3,6,2,4,0
Grok 4.3,independent,67055b15222ba55ab0b88431,3,6,2,4,0
Grok 4.3,independent,6709a557139851f6bbbd7a5a,3,6,2,1,1
Grok 4.3,independent,6709df4c3c2174379ffee04b,1,6,2,0,0
Grok 4.3,independent,670aa3e255f3b29ec899f979,2,6,2,4,0
Grok 4.3,independent,670b307567eb710437409184,3,6,2,0,0
Grok 4.3,independent,670c775842b25f65425c86c2,1,6,2,2,0
Grok 4.3,independent,670f00dc79750a6c73259f4d,2,6,2,3,0
Grok 4.3,independent,670fb58f2ca6bea76e9354a7,2,6,2,2,0
Grok 4.3,independent,6716260eae3149088ed859b9,3,6,2,1,1
Grok 4.3,independent,6718487afba38eebcbc8034b,3,6,2,3,0
Grok 4.3,independent,6718577ca88093a75026b186,2,6,2,2,2
Grok 4.3,independent,671a947c9deaf77048dcc8b7,1,6,2,3,3
Grok 4.3,independent,671ac641136758472327f851,2,6,2,0,0
Grok 4.3,independent,671be3853529bee9e3097b92,3,6,2,2,2
Grok 4.3,independent,671c6a1aacee876e82d4bc0e,1,6,2,1,1
Grok 4.3,independent,671f083dc8da11076ce9960e,3,6,2,2,0
Grok 4.3,independent,671f0c2578ab3005e439aeba,1,6,2,3,0
Grok 4.3,independent,671f3d49d579cf064f22d3ce,2,6,2,1,0
Grok 4.3,independent,67202822dbc5086c0bdd4e1c,1,6,2,2,2
Grok 4.3,independent,672182f55e4a5b8416a1ccbe,2,6,2,0,0
Grok 4.3,independent,67227b249679954247c9c0b3,3,6,2,2,0
Grok 4.3,independent,6722b1f9f3a489ee08117730,1,6,2,2,2
Grok 4.3,independent,67232c88e22b01bfa7b8f156,1,6,2,0,0
Grok 4.3,independent,6723ec50479384d8942cca75,2,6,2,1,0
Grok 4.3,independent,67242f1f911674ab1b5d904b,3,6,2,4,0
Grok 4.3,independent,672433577fb5d24be68f010d,2,6,2,0,0
Grok 4.3,independent,672455ce7a14971607e3d9f0,1,6,2,0,0
Grok 4.3,independent,6724955b1dc5c59953c463ec,3,6,2,4,0
Grok 4.3,independent,6724db7012a8d5ea6a619372,2,6,2,2,0
Grok 4.3,independent,6724f8b80c7d03e5a66cce57,2,6,2,1,1
Grok 4.3,independent,672507e82cc2a1349f1ffaf1,3,6,2,4,0
Grok 4.3,independent,67253c33ad98e94b47ea3477,3,6,2,4,0
Grok 4.3,independent,67254a56046774791d0f1a41,1,6,2,0,0
Grok 4.3,independent,672555acc27a6276611a3005,2,6,2,1,0
Grok 4.3,independent,67258c4124b290d28a9f8abe,1,6,2,0,0
Grok 4.3,independent,67264a55cae736a4a682949a,1,6,2,3,0
Grok 4.3,independent,672a5d27385accabb646acfe,2,6,2,2,0
Grok 4.3,independent,672aac7a78e0ab15cf86003b,2,6,2,0,0
Grok 4.3,independent,672d5a80f1800d2d85750a71,3,6,2,3,1
Grok 4.3,independent,672fbc4ec2c82cf448a1a725,1,6,2,1,1
Grok 4.3,independent,67313652f659ba7b3fd1fe40,1,6,2,1,1
Grok 4.3,independent,6733af65f1a57e239a7e7488,2,6,2,0,0
Grok 4.3,independent,6734346cf3950859f67019af,1,6,2,1,1
Grok 4.3,independent,673612eaff612f83700ec41f,1,6,2,0,0
Grok 4.3,independent,67368bceaea0de6b58ec346a,1,6,2,2,0
Grok 4.3,independent,673722c82bfc8ab579ed111f,2,6,2,3,2
Grok 4.3,independent,67375e6f8b1cc52c211f95ce,2,6,2,3,0
Grok 4.3,independent,6737697dedff89681fe75582,2,6,2,1,1
Grok 4.3,independent,6737b422d3949406f1ed580b,1,6,2,1,1
Grok 4.3,independent,6738df8c201a2bd66499797a,2,6,2,3,0
Grok 4.3,independent,6739149727881148ddf2aca0,1,6,2,0,0
Grok 4.3,independent,673a76559e89466aa6433f66,3,6,2,3,0
Grok 4.3,independent,673a9c6a414ad0600dc781a2,2,6,2,3,0
Grok 4.3,independent,673ae99a3022b9e17f89d1b6,3,6,2,3,0
Grok 4.3,independent,673be25fc988fbc8ef18d148,1,6,2,1,1
Grok 4.3,independent,67414401f5fbbfac5c273a0d,2,6,2,2,0
Grok 4.3,independent,674761ffca5b554156dc9037,1,6,2,1,1
Grok 4.3,independent,674dbd94040b2918e5c0b63d,1,6,2,0,0
Grok 4.3,independent,674f07ffffb28de6c182c458,3,6,2,1,0
Grok 4.3,independent,67631f198b502023c4567380,2,6,2,0,0
Grok 4.3,independent,67666a593e38774fc651f9f3,1,6,2,1,1
Grok 4.3,independent,67672352c393c4ff629cb820,1,6,2,0,0
Grok 4.3,independent,6767969869b88c321c96665a,1,6,2,3,0
Grok 4.3,independent,678fbf931413486f7dc2a7f1,2,6,2,2,0
Grok 4.3,independent,668825f80a642802bdfeadfa,3,7,3,2,0
Grok 4.3,independent,668828540a642802bdfeadfc,3,7,3,3,0
Grok 4.3,independent,66e70c75bbb9b1754c0869ce,1,7,3,1,1
Grok 4.3,independent,66e883265ab37f0a7da089be,2,7,3,2,2
Grok 4.3,independent,66e8add1650a03361a14c6f8,3,7,3,1,0
Grok 4.3,independent,66e8e1056c0b8ace336996ea,3,7,3,0,0
Grok 4.3,independent,66e8f69b1440516dd6ab54da,1,7,3,0,0
Grok 4.3,independent,66e97fd756455f341c7849c3,1,7,3,0,0
Grok 4.3,independent,66e996260930c00374ceaa0b,2,7,3,0,0
Grok 4.3,independent,66ea70cd3d800a43340dd4d0,3,7,3,2,0
Grok 4.3,independent,66eaf0ba5e31c19691fe73b1,2,7,3,2,0
Grok 4.3,independent,66eafb96b082c5e6a76a49c0,1,7,3,2,0
Grok 4.3,independent,66ecfd03e7478ca5fcbb7495,1,7,3,0,0
Grok 4.3,independent,66edc60801af2a724035ad4b,1,7,3,0,0
Grok 4.3,independent,66ef3de8b8a1ba6e0ba23498,2,7,3,0,0
Grok 4.3,independent,66f052e814be84cc1edd3fbd,2,7,3,1,1
Grok 4.3,independent,66f27d65a40482f6012a4006,3,7,3,0,0
Grok 4.3,independent,66f31140cdc5dafd297e9b5a,3,7,3,4,3
Grok 4.3,independent,66f44382e369fb72959c8e86,1,7,3,0,0
Grok 4.3,independent,66f83aed0d92e99048a4ae9d,1,7,3,0,0
Grok 4.3,independent,66fc4dc04293a9638d7e0f65,3,7,3,3,2
Grok 4.3,independent,66fc5e611f5f3f3b48ae9566,3,7,3,4,0
Grok 4.3,independent,66fc8b271d39fbf6d8bcdd0c,1,7,3,0,0
Grok 4.3,independent,66fcc286eab6d512704d96af,1,7,3,2,0
Grok 4.3,independent,66fcf077c494ec3fe0ed5635,3,7,3,4,0
Grok 4.3,independent,66fd60ea6be05c0b608861d5,1,7,3,0,0
Grok 4.3,independent,66fda7a057cea4445778e88a,1,7,3,2,2
Grok 4.3,independent,66fee6c39e4f456a6d2941b5,1,7,3,2,2
Grok 4.3,independent,670170d616077208cedb9627,2,7,3,1,1
Grok 4.3,independent,6701de16d9e4cd1aa812414b,2,7,3,0,0
Grok 4.3,independent,670285bc39fbddbbfdaffdfe,3,7,3,4,0
Grok 4.3,independent,67055b15222ba55ab0b88431,3,7,3,4,3
Grok 4.3,independent,6709a557139851f6bbbd7a5a,3,7,3,0,0
Grok 4.3,independent,6709df4c3c2174379ffee04b,1,7,3,1,1
Grok 4.3,independent,670aa3e255f3b29ec899f979,2,7,3,3,0
Grok 4.3,independent,670b307567eb710437409184,3,7,3,3,0
Grok 4.3,independent,670c775842b25f65425c86c2,1,7,3,2,2
Grok 4.3,independent,670f00dc79750a6c73259f4d,2,7,3,4,0
Grok 4.3,independent,670fb58f2ca6bea76e9354a7,2,7,3,1,0
Grok 4.3,independent,6716260eae3149088ed859b9,3,7,3,3,0
Grok 4.3,independent,6718487afba38eebcbc8034b,3,7,3,1,1
Grok 4.3,independent,6718577ca88093a75026b186,2,7,3,3,3
Grok 4.3,independent,671a947c9deaf77048dcc8b7,1,7,3,1,1
Grok 4.3,independent,671ac641136758472327f851,2,7,3,4,0
Grok 4.3,independent,671be3853529bee9e3097b92,3,7,3,1,1
Grok 4.3,independent,671c6a1aacee876e82d4bc0e,1,7,3,3,0
Grok 4.3,independent,671f083dc8da11076ce9960e,3,7,3,4,0
Grok 4.3,independent,671f0c2578ab3005e439aeba,1,7,3,4,0
Grok 4.3,independent,671f3d49d579cf064f22d3ce,2,7,3,2,0
Grok 4.3,independent,67202822dbc5086c0bdd4e1c,1,7,3,0,0
Grok 4.3,independent,672182f55e4a5b8416a1ccbe,2,7,3,2,2
Grok 4.3,independent,67227b249679954247c9c0b3,3,7,3,2,0
Grok 4.3,independent,6722b1f9f3a489ee08117730,1,7,3,2,2
Grok 4.3,independent,67232c88e22b01bfa7b8f156,1,7,3,0,0
Grok 4.3,independent,6723ec50479384d8942cca75,2,7,3,1,0
Grok 4.3,independent,67242f1f911674ab1b5d904b,3,7,3,3,0
Grok 4.3,independent,672433577fb5d24be68f010d,2,7,3,0,0
Grok 4.3,independent,672455ce7a14971607e3d9f0,1,7,3,0,0
Grok 4.3,independent,6724955b1dc5c59953c463ec,3,7,3,4,0
Grok 4.3,independent,6724db7012a8d5ea6a619372,2,7,3,2,0
Grok 4.3,independent,6724f8b80c7d03e5a66cce57,2,7,3,0,0
Grok 4.3,independent,672507e82cc2a1349f1ffaf1,3,7,3,4,0
Grok 4.3,independent,67253c33ad98e94b47ea3477,3,7,3,3,0
Grok 4.3,independent,67254a56046774791d0f1a41,1,7,3,0,0
Grok 4.3,independent,672555acc27a6276611a3005,2,7,3,2,0
Grok 4.3,independent,67258c4124b290d28a9f8abe,1,7,3,0,0
Grok 4.3,independent,67264a55cae736a4a682949a,1,7,3,0,0
Grok 4.3,independent,672a5d27385accabb646acfe,2,7,3,3,0
Grok 4.3,independent,672aac7a78e0ab15cf86003b,2,7,3,0,0
Grok 4.3,independent,672d5a80f1800d2d85750a71,3,7,3,2,2
Grok 4.3,independent,672fbc4ec2c82cf448a1a725,1,7,3,0,0
Grok 4.3,independent,67313652f659ba7b3fd1fe40,1,7,3,2,0
Grok 4.3,independent,6733af65f1a57e239a7e7488,2,7,3,0,0
Grok 4.3,independent,6734346cf3950859f67019af,1,7,3,2,0
Grok 4.3,independent,673612eaff612f83700ec41f,1,7,3,0,0
Grok 4.3,independent,67368bceaea0de6b58ec346a,1,7,3,2,2
Grok 4.3,independent,673722c82bfc8ab579ed111f,2,7,3,3,0
Grok 4.3,independent,67375e6f8b1cc52c211f95ce,2,7,3,3,2
Grok 4.3,independent,6737697dedff89681fe75582,2,7,3,1,1
Grok 4.3,independent,6737b422d3949406f1ed580b,1,7,3,2,2
Grok 4.3,independent,6738df8c201a2bd66499797a,2,7,3,4,0
Grok 4.3,independent,6739149727881148ddf2aca0,1,7,3,1,1
Grok 4.3,independent,673a76559e89466aa6433f66,3,7,3,4,0
Grok 4.3,independent,673a9c6a414ad0600dc781a2,2,7,3,4,0
Grok 4.3,independent,673ae99a3022b9e17f89d1b6,3,7,3,2,0
Grok 4.3,independent,673be25fc988fbc8ef18d148,1,7,3,0,0
Grok 4.3,independent,67414401f5fbbfac5c273a0d,2,7,3,1,1
Grok 4.3,independent,674761ffca5b554156dc9037,1,7,3,3,1
Grok 4.3,independent,674dbd94040b2918e5c0b63d,1,7,3,1,1
Grok 4.3,independent,674f07ffffb28de6c182c458,3,7,3,4,0
Grok 4.3,independent,67631f198b502023c4567380,2,7,3,2,2
Grok 4.3,independent,67666a593e38774fc651f9f3,1,7,3,0,0
Grok 4.3,independent,67672352c393c4ff629cb820,1,7,3,0,0
Grok 4.3,independent,6767969869b88c321c96665a,1,7,3,1,1
Grok 4.3,independent,678fbf931413486f7dc2a7f1,2,7,3,0,0
Grok 4.3,independent,668825f80a642802bdfeadfa,3,8,0,3,0
Grok 4.3,independent,668828540a642802bdfeadfc,3,8,0,5,0
Grok 4.3,independent,66e70c75bbb9b1754c0869ce,1,8,0,1,1
Grok 4.3,independent,66e883265ab37f0a7da089be,2,8,0,0,0
Grok 4.3,independent,66e8add1650a03361a14c6f8,3,8,0,4,2
Grok 4.3,independent,66e8e1056c0b8ace336996ea,3,8,0,0,0
Grok 4.3,independent,66e8f69b1440516dd6ab54da,1,8,0,2,0
Grok 4.3,independent,66e97fd756455f341c7849c3,1,8,0,0,0
Grok 4.3,independent,66e996260930c00374ceaa0b,2,8,0,0,0
Grok 4.3,independent,66ea70cd3d800a43340dd4d0,3,8,0,4,0
Grok 4.3,independent,66eaf0ba5e31c19691fe73b1,2,8,0,5,0
Grok 4.3,independent,66eafb96b082c5e6a76a49c0,1,8,0,2,2
Grok 4.3,independent,66ecfd03e7478ca5fcbb7495,1,8,0,0,0
Grok 4.3,independent,66edc60801af2a724035ad4b,1,8,0,2,0
Grok 4.3,independent,66ef3de8b8a1ba6e0ba23498,2,8,0,1,1
Grok 4.3,independent,66f052e814be84cc1edd3fbd,2,8,0,1,1
Grok 4.3,independent,66f27d65a40482f6012a4006,3,8,0,0,0
Grok 4.3,independent,66f31140cdc5dafd297e9b5a,3,8,0,8,0
Grok 4.3,independent,66f44382e369fb72959c8e86,1,8,0,1,0
Grok 4.3,independent,66f83aed0d92e99048a4ae9d,1,8,0,2,2
Grok 4.3,independent,66fc4dc04293a9638d7e0f65,3,8,0,7,1
Grok 4.3,independent,66fc5e611f5f3f3b48ae9566,3,8,0,4,0
Grok 4.3,independent,66fc8b271d39fbf6d8bcdd0c,1,8,0,0,0
Grok 4.3,independent,66fcc286eab6d512704d96af,1,8,0,2,0
Grok 4.3,independent,66fcf077c494ec3fe0ed5635,3,8,0,7,0
Grok 4.3,independent,66fd60ea6be05c0b608861d5,1,8,0,0,0
Grok 4.3,independent,66fda7a057cea4445778e88a,1,8,0,6,0
Grok 4.3,independent,66fee6c39e4f456a6d2941b5,1,8,0,2,2
Grok 4.3,independent,670170d616077208cedb9627,2,8,0,3,3
Grok 4.3,independent,6701de16d9e4cd1aa812414b,2,8,0,2,2
Grok 4.3,independent,670285bc39fbddbbfdaffdfe,3,8,0,8,0
Grok 4.3,independent,67055b15222ba55ab0b88431,3,8,0,6,4
Grok 4.3,independent,6709a557139851f6bbbd7a5a,3,8,0,4,4
Grok 4.3,independent,6709df4c3c2174379ffee04b,1,8,0,2,0
Grok 4.3,independent,670aa3e255f3b29ec899f979,2,8,0,7,0
Grok 4.3,independent,670b307567eb710437409184,3,8,0,1,1
Grok 4.3,independent,670c775842b25f65425c86c2,1,8,0,1,1
Grok 4.3,independent,670f00dc79750a6c73259f4d,2,8,0,4,0
Grok 4.3,independent,670fb58f2ca6bea76e9354a7,2,8,0,5,0
Grok 4.3,independent,6716260eae3149088ed859b9,3,8,0,5,3
Grok 4.3,independent,6718487afba38eebcbc8034b,3,8,0,4,0
Grok 4.3,independent,6718577ca88093a75026b186,2,8,0,4,4
Grok 4.3,independent,671a947c9deaf77048dcc8b7,1,8,0,5,0
Grok 4.3,independent,671ac641136758472327f851,2,8,0,3,3
Grok 4.3,independent,671be3853529bee9e3097b92,3,8,0,4,0
Grok 4.3,independent,671c6a1aacee876e82d4bc0e,1,8,0,5,0
Grok 4.3,independent,671f083dc8da11076ce9960e,3,8,0,7,0
Grok 4.3,independent,671f0c2578ab3005e439aeba,1,8,0,4,0
Grok 4.3,independent,671f3d49d579cf064f22d3ce,2,8,0,2,0
Grok 4.3,independent,67202822dbc5086c0bdd4e1c,1,8,0,2,2
Grok 4.3,independent,672182f55e4a5b8416a1ccbe,2,8,0,0,0
Grok 4.3,independent,67227b249679954247c9c0b3,3,8,0,6,0
Grok 4.3,independent,6722b1f9f3a489ee08117730,1,8,0,3,0
Grok 4.3,independent,67232c88e22b01bfa7b8f156,1,8,0,0,0
Grok 4.3,independent,6723ec50479384d8942cca75,2,8,0,2,0
Grok 4.3,independent,67242f1f911674ab1b5d904b,3,8,0,5,0
Grok 4.3,independent,672433577fb5d24be68f010d,2,8,0,1,0
Grok 4.3,independent,672455ce7a14971607e3d9f0,1,8,0,0,0
Grok 4.3,independent,6724955b1dc5c59953c463ec,3,8,0,8,0
Grok 4.3,independent,6724db7012a8d5ea6a619372,2,8,0,3,0
Grok 4.3,independent,6724f8b80c7d03e5a66cce57,2,8,0,1,1
Grok 4.3,independent,672507e82cc2a1349f1ffaf1,3,8,0,6,0
Grok 4.3,independent,67253c33ad98e94b47ea3477,3,8,0,8,0
Grok 4.3,independent,67254a56046774791d0f1a41,1,8,0,0,0
Grok 4.3,independent,672555acc27a6276611a3005,2,8,0,3,0
Grok 4.3,independent,67258c4124b290d28a9f8abe,1,8,0,0,0
Grok 4.3,independent,67264a55cae736a4a682949a,1,8,0,2,0
Grok 4.3,independent,672a5d27385accabb646acfe,2,8,0,6,0
Grok 4.3,independent,672aac7a78e0ab15cf86003b,2,8,0,2,0
Grok 4.3,independent,672d5a80f1800d2d85750a71,3,8,0,7,0
Grok 4.3,independent,672fbc4ec2c82cf448a1a725,1,8,0,1,1
Grok 4.3,independent,67313652f659ba7b3fd1fe40,1,8,0,5,0
Grok 4.3,independent,6733af65f1a57e239a7e7488,2,8,0,1,1
Grok 4.3,independent,6734346cf3950859f67019af,1,8,0,3,0
Grok 4.3,independent,673612eaff612f83700ec41f,1,8,0,0,0
Grok 4.3,independent,67368bceaea0de6b58ec346a,1,8,0,3,3
Grok 4.3,independent,673722c82bfc8ab579ed111f,2,8,0,5,0
Grok 4.3,independent,67375e6f8b1cc52c211f95ce,2,8,0,7,1
Grok 4.3,independent,6737697dedff89681fe75582,2,8,0,4,0
Grok 4.3,independent,6737b422d3949406f1ed580b,1,8,0,4,0
Grok 4.3,independent,6738df8c201a2bd66499797a,2,8,0,7,0
Grok 4.3,independent,6739149727881148ddf2aca0,1,8,0,1,1
Grok 4.3,independent,673a76559e89466aa6433f66,3,8,0,8,0
Grok 4.3,independent,673a9c6a414ad0600dc781a2,2,8,0,7,0
Grok 4.3,independent,673ae99a3022b9e17f89d1b6,3,8,0,7,0
Grok 4.3,independent,673be25fc988fbc8ef18d148,1,8,0,1,1
Grok 4.3,independent,67414401f5fbbfac5c273a0d,2,8,0,4,0
Grok 4.3,independent,674761ffca5b554156dc9037,1,8,0,3,3
Grok 4.3,independent,674dbd94040b2918e5c0b63d,1,8,0,2,0
Grok 4.3,independent,674f07ffffb28de6c182c458,3,8,0,7,0
Grok 4.3,independent,67631f198b502023c4567380,2,8,0,1,1
Grok 4.3,independent,67666a593e38774fc651f9f3,1,8,0,3,0
Grok 4.3,independent,67672352c393c4ff629cb820,1,8,0,1,1
Grok 4.3,independent,6767969869b88c321c96665a,1,8,0,4,0
Grok 4.3,independent,678fbf931413486f7dc2a7f1,2,8,0,3,0
Grok 4.3,independent,668825f80a642802bdfeadfa,3,10,2,4,0
Grok 4.3,independent,668828540a642802bdfeadfc,3,10,2,5,0
Grok 4.3,independent,66e70c75bbb9b1754c0869ce,1,10,2,0,0
Grok 4.3,independent,66e883265ab37f0a7da089be,2,10,2,4,4
Grok 4.3,independent,66e8add1650a03361a14c6f8,3,10,2,2,0
Grok 4.3,independent,66e8e1056c0b8ace336996ea,3,10,2,2,2
Grok 4.3,independent,66e8f69b1440516dd6ab54da,1,10,2,0,0
Grok 4.3,independent,66e97fd756455f341c7849c3,1,10,2,0,0
Grok 4.3,independent,66e996260930c00374ceaa0b,2,10,2,2,2
Grok 4.3,independent,66ea70cd3d800a43340dd4d0,3,10,2,4,0
Grok 4.3,independent,66eaf0ba5e31c19691fe73b1,2,10,2,6,0
Grok 4.3,independent,66eafb96b082c5e6a76a49c0,1,10,2,1,1
Grok 4.3,independent,66ecfd03e7478ca5fcbb7495,1,10,2,0,0
Grok 4.3,independent,66edc60801af2a724035ad4b,1,10,2,5,0
Grok 4.3,independent,66ef3de8b8a1ba6e0ba23498,2,10,2,2,2
Grok 4.3,independent,66f052e814be84cc1edd3fbd,2,10,2,0,0
Grok 4.3,independent,66f27d65a40482f6012a4006,3,10,2,2,2
Grok 4.3,independent,66f31140cdc5dafd297e9b5a,3,10,2,8,0
Grok 4.3,independent,66f44382e369fb72959c8e86,1,10,2,0,0
Grok 4.3,independent,66f83aed0d92e99048a4ae9d,1,10,2,1,1
Grok 4.3,independent,66fc4dc04293a9638d7e0f65,3,10,2,4,0
Grok 4.3,independent,66fc5e611f5f3f3b48ae9566,3,10,2,3,0
Grok 4.3,independent,66fc8b271d39fbf6d8bcdd0c,1,10,2,0,0
Grok 4.3,independent,66fcc286eab6d512704d96af,1,10,2,1,1
Grok 4.3,independent,66fcf077c494ec3fe0ed5635,3,10,2,8,0
Grok 4.3,independent,66fd60ea6be05c0b608861d5,1,10,2,1,1
Grok 4.3,independent,66fda7a057cea4445778e88a,1,10,2,3,3
Grok 4.3,independent,66fee6c39e4f456a6d2941b5,1,10,2,2,2
Grok 4.3,independent,670170d616077208cedb9627,2,10,2,1,1
Grok 4.3,independent,6701de16d9e4cd1aa812414b,2,10,2,1,1
Grok 4.3,independent,670285bc39fbddbbfdaffdfe,3,10,2,8,0
Grok 4.3,independent,67055b15222ba55ab0b88431,3,10,2,4,0
Grok 4.3,independent,6709a557139851f6bbbd7a5a,3,10,2,1,1
Grok 4.3,independent,6709df4c3c2174379ffee04b,1,10,2,2,2
Grok 4.3,independent,670aa3e255f3b29ec899f979,2,10,2,8,0
Grok 4.3,independent,670b307567eb710437409184,3,10,2,4,4
Grok 4.3,independent,670c775842b25f65425c86c2,1,10,2,2,2
Grok 4.3,independent,670f00dc79750a6c73259f4d,2,10,2,5,0
Grok 4.3,independent,670fb58f2ca6bea76e9354a7,2,10,2,5,0
Grok 4.3,independent,6716260eae3149088ed859b9,3,10,2,6,0
Grok 4.3,independent,6718487afba38eebcbc8034b,3,10,2,3,0
Grok 4.3,independent,6718577ca88093a75026b186,2,10,2,6,0
Grok 4.3,independent,671a947c9deaf77048dcc8b7,1,10,2,6,0
Grok 4.3,independent,671ac641136758472327f851,2,10,2,4,4
Grok 4.3,independent,671be3853529bee9e3097b92,3,10,2,4,4
Grok 4.3,independent,671c6a1aacee876e82d4bc0e,1,10,2,4,0
Grok 4.3,independent,671f083dc8da11076ce9960e,3,10,2,7,0
Grok 4.3,independent,671f0c2578ab3005e439aeba,1,10,2,4,0
Grok 4.3,independent,671f3d49d579cf064f22d3ce,2,10,2,4,4
Grok 4.3,independent,67202822dbc5086c0bdd4e1c,1,10,2,2,2
Grok 4.3,independent,672182f55e4a5b8416a1ccbe,2,10,2,0,0
Grok 4.3,independent,67227b249679954247c9c0b3,3,10,2,5,0
Grok 4.3,independent,6722b1f9f3a489ee08117730,1,10,2,4,0
Grok 4.3,independent,67232c88e22b01bfa7b8f156,1,10,2,0,0
Grok 4.3,independent,6723ec50479384d8942cca75,2,10,2,3,0
Grok 4.3,independent,67242f1f911674ab1b5d904b,3,10,2,5,0
Grok 4.3,independent,672433577fb5d24be68f010d,2,10,2,2,0
Grok 4.3,independent,672455ce7a14971607e3d9f0,1,10,2,1,1
Grok 4.3,independent,6724955b1dc5c59953c463ec,3,10,2,8,0
Grok 4.3,independent,6724db7012a8d5ea6a619372,2,10,2,5,0
Grok 4.3,independent,6724f8b80c7d03e5a66cce57,2,10,2,2,2
Grok 4.3,independent,672507e82cc2a1349f1ffaf1,3,10,2,8,0
Grok 4.3,independent,67253c33ad98e94b47ea3477,3,10,2,7,0
Grok 4.3,independent,67254a56046774791d0f1a41,1,10,2,2,2
Grok 4.3,independent,672555acc27a6276611a3005,2,10,2,2,0
Grok 4.3,independent,67258c4124b290d28a9f8abe,1,10,2,0,0
Grok 4.3,independent,67264a55cae736a4a682949a,1,10,2,2,0
Grok 4.3,independent,672a5d27385accabb646acfe,2,10,2,5,0
Grok 4.3,independent,672aac7a78e0ab15cf86003b,2,10,2,1,1
Grok 4.3,independent,672d5a80f1800d2d85750a71,3,10,2,4,0
Grok 4.3,independent,672fbc4ec2c82cf448a1a725,1,10,2,0,0
Grok 4.3,independent,67313652f659ba7b3fd1fe40,1,10,2,5,0
Grok 4.3,independent,6733af65f1a57e239a7e7488,2,10,2,0,0
Grok 4.3,independent,6734346cf3950859f67019af,1,10,2,4,0
Grok 4.3,independent,673612eaff612f83700ec41f,1,10,2,0,0
Grok 4.3,independent,67368bceaea0de6b58ec346a,1,10,2,3,3
Grok 4.3,independent,673722c82bfc8ab579ed111f,2,10,2,6,3
Grok 4.3,independent,67375e6f8b1cc52c211f95ce,2,10,2,5,0
Grok 4.3,independent,6737697dedff89681fe75582,2,10,2,4,0
Grok 4.3,independent,6737b422d3949406f1ed580b,1,10,2,5,5
Grok 4.3,independent,6738df8c201a2bd66499797a,2,10,2,6,0
Grok 4.3,independent,6739149727881148ddf2aca0,1,10,2,3,3
Grok 4.3,independent,673a76559e89466aa6433f66,3,10,2,5,0
Grok 4.3,independent,673a9c6a414ad0600dc781a2,2,10,2,5,0
Grok 4.3,independent,673ae99a3022b9e17f89d1b6,3,10,2,5,0
Grok 4.3,independent,673be25fc988fbc8ef18d148,1,10,2,0,0
Grok 4.3,independent,67414401f5fbbfac5c273a0d,2,10,2,4,1
Grok 4.3,independent,674761ffca5b554156dc9037,1,10,2,5,5
Grok 4.3,independent,674dbd94040b2918e5c0b63d,1,10,2,0,0
Grok 4.3,independent,674f07ffffb28de6c182c458,3,10,2,8,0
Grok 4.3,independent,67631f198b502023c4567380,2,10,2,5,0
Grok 4.3,independent,67666a593e38774fc651f9f3,1,10,2,1,1
Grok 4.3,independent,67672352c393c4ff629cb820,1,10,2,1,1
Grok 4.3,independent,6767969869b88c321c96665a,1,10,2,4,0
Grok 4.3,independent,678fbf931413486f7dc2a7f1,2,10,2,3,0
Grok 4.3,independent,668825f80a642802bdfeadfa,3,12,4,4,0
Grok 4.3,independent,668828540a642802bdfeadfc,3,12,4,7,0
Grok 4.3,independent,66e70c75bbb9b1754c0869ce,1,12,4,1,1
Grok 4.3,independent,66e883265ab37f0a7da089be,2,12,4,4,4
Grok 4.3,independent,66e8add1650a03361a14c6f8,3,12,4,2,0
Grok 4.3,independent,66e8e1056c0b8ace336996ea,3,12,4,1,1
Grok 4.3,independent,66e8f69b1440516dd6ab54da,1,12,4,0,0
Grok 4.3,independent,66e97fd756455f341c7849c3,1,12,4,3,3
Grok 4.3,independent,66e996260930c00374ceaa0b,2,12,4,1,1
Grok 4.3,independent,66ea70cd3d800a43340dd4d0,3,12,4,7,0
Grok 4.3,independent,66eaf0ba5e31c19691fe73b1,2,12,4,5,0
Grok 4.3,independent,66eafb96b082c5e6a76a49c0,1,12,4,3,3
Grok 4.3,independent,66ecfd03e7478ca5fcbb7495,1,12,4,0,0
Grok 4.3,independent,66edc60801af2a724035ad4b,1,12,4,5,5
Grok 4.3,independent,66ef3de8b8a1ba6e0ba23498,2,12,4,4,3
Grok 4.3,independent,66f052e814be84cc1edd3fbd,2,12,4,3,3
Grok 4.3,independent,66f27d65a40482f6012a4006,3,12,4,1,1
Grok 4.3,independent,66f31140cdc5dafd297e9b5a,3,12,4,7,0
Grok 4.3,independent,66f44382e369fb72959c8e86,1,12,4,1,0
Grok 4.3,independent,66f83aed0d92e99048a4ae9d,1,12,4,1,1
Grok 4.3,independent,66fc4dc04293a9638d7e0f65,3,12,4,7,6
Grok 4.3,independent,66fc5e611f5f3f3b48ae9566,3,12,4,4,0
Grok 4.3,independent,66fc8b271d39fbf6d8bcdd0c,1,12,4,0,0
Grok 4.3,independent,66fcc286eab6d512704d96af,1,12,4,0,0
Grok 4.3,independent,66fcf077c494ec3fe0ed5635,3,12,4,8,0
Grok 4.3,independent,66fd60ea6be05c0b608861d5,1,12,4,0,0
Grok 4.3,independent,66fda7a057cea4445778e88a,1,12,4,3,3
Grok 4.3,independent,66fee6c39e4f456a6d2941b5,1,12,4,5,5
Grok 4.3,independent,670170d616077208cedb9627,2,12,4,1,0
Grok 4.3,independent,6701de16d9e4cd1aa812414b,2,12,4,2,2
Grok 4.3,independent,670285bc39fbddbbfdaffdfe,3,12,4,7,0
Grok 4.3,independent,67055b15222ba55ab0b88431,3,12,4,6,0
Grok 4.3,independent,6709a557139851f6bbbd7a5a,3,12,4,2,2
Grok 4.3,independent,6709df4c3c2174379ffee04b,1,12,4,3,0
Grok 4.3,independent,670aa3e255f3b29ec899f979,2,12,4,6,0
Grok 4.3,independent,670b307567eb710437409184,3,12,4,3,3
Grok 4.3,independent,670c775842b25f65425c86c2,1,12,4,4,4
Grok 4.3,independent,670f00dc79750a6c73259f4d,2,12,4,6,0
Grok 4.3,independent,670fb58f2ca6bea76e9354a7,2,12,4,2,0
Grok 4.3,independent,6716260eae3149088ed859b9,3,12,4,5,0
Grok 4.3,independent,6718487afba38eebcbc8034b,3,12,4,5,5
Grok 4.3,independent,6718577ca88093a75026b186,2,12,4,5,0
Grok 4.3,independent,671a947c9deaf77048dcc8b7,1,12,4,2,2
Grok 4.3,independent,671ac641136758472327f851,2,12,4,3,3
Grok 4.3,independent,671be3853529bee9e3097b92,3,12,4,5,5
Grok 4.3,independent,671c6a1aacee876e82d4bc0e,1,12,4,2,2
Grok 4.3,independent,671f083dc8da11076ce9960e,3,12,4,8,0
Grok 4.3,independent,671f0c2578ab3005e439aeba,1,12,4,6,0
Grok 4.3,independent,671f3d49d579cf064f22d3ce,2,12,4,2,0
Grok 4.3,independent,67202822dbc5086c0bdd4e1c,1,12,4,1,1
Grok 4.3,independent,672182f55e4a5b8416a1ccbe,2,12,4,0,0
Grok 4.3,independent,67227b249679954247c9c0b3,3,12,4,5,0
Grok 4.3,independent,6722b1f9f3a489ee08117730,1,12,4,2,2
Grok 4.3,independent,67232c88e22b01bfa7b8f156,1,12,4,0,0
Grok 4.3,independent,6723ec50479384d8942cca75,2,12,4,0,0
Grok 4.3,independent,67242f1f911674ab1b5d904b,3,12,4,4,0
Grok 4.3,independent,672433577fb5d24be68f010d,2,12,4,1,1
Grok 4.3,independent,672455ce7a14971607e3d9f0,1,12,4,1,1
Grok 4.3,independent,6724955b1dc5c59953c463ec,3,12,4,8,0
Grok 4.3,independent,6724db7012a8d5ea6a619372,2,12,4,6,0
Grok 4.3,independent,6724f8b80c7d03e5a66cce57,2,12,4,3,3
Grok 4.3,independent,672507e82cc2a1349f1ffaf1,3,12,4,5,0
Grok 4.3,independent,67253c33ad98e94b47ea3477,3,12,4,7,0
Grok 4.3,independent,67254a56046774791d0f1a41,1,12,4,0,0
Grok 4.3,independent,672555acc27a6276611a3005,2,12,4,4,0
Grok 4.3,independent,67258c4124b290d28a9f8abe,1,12,4,0,0
Grok 4.3,independent,67264a55cae736a4a682949a,1,12,4,1,0
Grok 4.3,independent,672a5d27385accabb646acfe,2,12,4,4,0
Grok 4.3,independent,672aac7a78e0ab15cf86003b,2,12,4,3,1
Grok 4.3,independent,672d5a80f1800d2d85750a71,3,12,4,4,0
Grok 4.3,independent,672fbc4ec2c82cf448a1a725,1,12,4,0,0
Grok 4.3,independent,67313652f659ba7b3fd1fe40,1,12,4,7,0
Grok 4.3,independent,6733af65f1a57e239a7e7488,2,12,4,1,1
Grok 4.3,independent,6734346cf3950859f67019af,1,12,4,2,0
Grok 4.3,independent,673612eaff612f83700ec41f,1,12,4,1,1
Grok 4.3,independent,67368bceaea0de6b58ec346a,1,12,4,5,0
Grok 4.3,independent,673722c82bfc8ab579ed111f,2,12,4,6,0
Grok 4.3,independent,67375e6f8b1cc52c211f95ce,2,12,4,3,0
Grok 4.3,independent,6737697dedff89681fe75582,2,12,4,4,4
Grok 4.3,independent,6737b422d3949406f1ed580b,1,12,4,3,0
Grok 4.3,independent,6738df8c201a2bd66499797a,2,12,4,5,0
Grok 4.3,independent,6739149727881148ddf2aca0,1,12,4,2,0
Grok 4.3,independent,673a76559e89466aa6433f66,3,12,4,8,0
Grok 4.3,independent,673a9c6a414ad0600dc781a2,2,12,4,6,1
Grok 4.3,independent,673ae99a3022b9e17f89d1b6,3,12,4,5,0
Grok 4.3,independent,673be25fc988fbc8ef18d148,1,12,4,0,0
Grok 4.3,independent,67414401f5fbbfac5c273a0d,2,12,4,6,0
Grok 4.3,independent,674761ffca5b554156dc9037,1,12,4,1,1
Grok 4.3,independent,674dbd94040b2918e5c0b63d,1,12,4,0,0
Grok 4.3,independent,674f07ffffb28de6c182c458,3,12,4,5,0
Grok 4.3,independent,67631f198b502023c4567380,2,12,4,4,4
Grok 4.3,independent,67666a593e38774fc651f9f3,1,12,4,2,2
Grok 4.3,independent,67672352c393c4ff629cb820,1,12,4,0,0
Grok 4.3,independent,6767969869b88c321c96665a,1,12,4,4,0
Grok 4.3,independent,678fbf931413486f7dc2a7f1,2,12,4,3,0
Grok 4.3,independent,668825f80a642802bdfeadfa,3,14,6,6,0
Grok 4.3,independent,668828540a642802bdfeadfc,3,14,6,4,0
Grok 4.3,independent,66e70c75bbb9b1754c0869ce,1,14,6,1,1
Grok 4.3,independent,66e883265ab37f0a7da089be,2,14,6,3,3
Grok 4.3,independent,66e8add1650a03361a14c6f8,3,14,6,3,0
Grok 4.3,independent,66e8e1056c0b8ace336996ea,3,14,6,2,2
Grok 4.3,independent,66e8f69b1440516dd6ab54da,1,14,6,1,1
Grok 4.3,independent,66e97fd756455f341c7849c3,1,14,6,0,0
Grok 4.3,independent,66e996260930c00374ceaa0b,2,14,6,4,4
Grok 4.3,independent,66ea70cd3d800a43340dd4d0,3,14,6,7,1
Grok 4.3,independent,66eaf0ba5e31c19691fe73b1,2,14,6,4,0
Grok 4.3,independent,66eafb96b082c5e6a76a49c0,1,14,6,2,2
Grok 4.3,independent,66ecfd03e7478ca5fcbb7495,1,14,6,1,1
Grok 4.3,independent,66edc60801af2a724035ad4b,1,14,6,4,0
Grok 4.3,independent,66ef3de8b8a1ba6e0ba23498,2,14,6,0,0
Grok 4.3,independent,66f052e814be84cc1edd3fbd,2,14,6,0,0
Grok 4.3,independent,66f27d65a40482f6012a4006,3,14,6,2,2
Grok 4.3,independent,66f31140cdc5dafd297e9b5a,3,14,6,8,3
Grok 4.3,independent,66f44382e369fb72959c8e86,1,14,6,1,0
Grok 4.3,independent,66f83aed0d92e99048a4ae9d,1,14,6,1,1
Grok 4.3,independent,66fc4dc04293a9638d7e0f65,3,14,6,6,0
Grok 4.3,independent,66fc5e611f5f3f3b48ae9566,3,14,6,3,0
Grok 4.3,independent,66fc8b271d39fbf6d8bcdd0c,1,14,6,2,2
Grok 4.3,independent,66fcc286eab6d512704d96af,1,14,6,1,1
Grok 4.3,independent,66fcf077c494ec3fe0ed5635,3,14,6,8,0
Grok 4.3,independent,66fd60ea6be05c0b608861d5,1,14,6,0,0
Grok 4.3,independent,66fda7a057cea4445778e88a,1,14,6,4,4
Grok 4.3,independent,66fee6c39e4f456a6d2941b5,1,14,6,3,2
Grok 4.3,independent,670170d616077208cedb9627,2,14,6,3,3
Grok 4.3,independent,6701de16d9e4cd1aa812414b,2,14,6,2,2
Grok 4.3,independent,670285bc39fbddbbfdaffdfe,3,14,6,8,0
Grok 4.3,independent,67055b15222ba55ab0b88431,3,14,6,7,1
Grok 4.3,independent,6709a557139851f6bbbd7a5a,3,14,6,0,0
Grok 4.3,independent,6709df4c3c2174379ffee04b,1,14,6,1,1
Grok 4.3,independent,670aa3e255f3b29ec899f979,2,14,6,7,0
Grok 4.3,independent,670b307567eb710437409184,3,14,6,3,3
Grok 4.3,independent,670c775842b25f65425c86c2,1,14,6,3,3
Grok 4.3,independent,670f00dc79750a6c73259f4d,2,14,6,7,0
Grok 4.3,independent,670fb58f2ca6bea76e9354a7,2,14,6,3,0
Grok 4.3,independent,6716260eae3149088ed859b9,3,14,6,3,3
Grok 4.3,independent,6718487afba38eebcbc8034b,3,14,6,3,3
Grok 4.3,independent,6718577ca88093a75026b186,2,14,6,7,5
Grok 4.3,independent,671a947c9deaf77048dcc8b7,1,14,6,5,0
Grok 4.3,independent,671ac641136758472327f851,2,14,6,4,4
Grok 4.3,independent,671be3853529bee9e3097b92,3,14,6,5,5
Grok 4.3,independent,671c6a1aacee876e82d4bc0e,1,14,6,6,3
Grok 4.3,independent,671f083dc8da11076ce9960e,3,14,6,7,0
Grok 4.3,independent,671f0c2578ab3005e439aeba,1,14,6,3,3
Grok 4.3,independent,671f3d49d579cf064f22d3ce,2,14,6,4,4
Grok 4.3,independent,67202822dbc5086c0bdd4e1c,1,14,6,2,2
Grok 4.3,independent,672182f55e4a5b8416a1ccbe,2,14,6,1,1
Grok 4.3,independent,67227b249679954247c9c0b3,3,14,6,6,2
Grok 4.3,independent,6722b1f9f3a489ee08117730,1,14,6,3,3
Grok 4.3,independent,67232c88e22b01bfa7b8f156,1,14,6,0,0
Grok 4.3,independent,6723ec50479384d8942cca75,2,14,6,6,0
Grok 4.3,independent,67242f1f911674ab1b5d904b,3,14,6,6,0
Grok 4.3,independent,672433577fb5d24be68f010d,2,14,6,1,1
Grok 4.3,independent,672455ce7a14971607e3d9f0,1,14,6,1,1
Grok 4.3,independent,6724955b1dc5c59953c463ec,3,14,6,6,0
Grok 4.3,independent,6724db7012a8d5ea6a619372,2,14,6,2,0
Grok 4.3,independent,6724f8b80c7d03e5a66cce57,2,14,6,2,2
Grok 4.3,independent,672507e82cc2a1349f1ffaf1,3,14,6,5,5
Grok 4.3,independent,67253c33ad98e94b47ea3477,3,14,6,8,0
Grok 4.3,independent,67254a56046774791d0f1a41,1,14,6,1,1
Grok 4.3,independent,672555acc27a6276611a3005,2,14,6,3,2
Grok 4.3,independent,67258c4124b290d28a9f8abe,1,14,6,0,0
Grok 4.3,independent,67264a55cae736a4a682949a,1,14,6,2,0
Grok 4.3,independent,672a5d27385accabb646acfe,2,14,6,2,2
Grok 4.3,independent,672aac7a78e0ab15cf86003b,2,14,6,1,1
Grok 4.3,independent,672d5a80f1800d2d85750a71,3,14,6,5,5
Grok 4.3,independent,672fbc4ec2c82cf448a1a725,1,14,6,1,1
Grok 4.3,independent,67313652f659ba7b3fd1fe40,1,14,6,6,0
Grok 4.3,independent,6733af65f1a57e239a7e7488,2,14,6,0,0
Grok 4.3,independent,6734346cf3950859f67019af,1,14,6,5,0
Grok 4.3,independent,673612eaff612f83700ec41f,1,14,6,2,2
Grok 4.3,independent,67368bceaea0de6b58ec346a,1,14,6,6,0
Grok 4.3,independent,673722c82bfc8ab579ed111f,2,14,6,7,0
Grok 4.3,independent,67375e6f8b1cc52c211f95ce,2,14,6,7,0
Grok 4.3,independent,6737697dedff89681fe75582,2,14,6,5,5
Grok 4.3,independent,6737b422d3949406f1ed580b,1,14,6,1,1
Grok 4.3,independent,6738df8c201a2bd66499797a,2,14,6,6,6
Grok 4.3,independent,6739149727881148ddf2aca0,1,14,6,2,2
Grok 4.3,independent,673a76559e89466aa6433f66,3,14,6,6,4
Grok 4.3,independent,673a9c6a414ad0600dc781a2,2,14,6,7,3
Grok 4.3,independent,673ae99a3022b9e17f89d1b6,3,14,6,4,0
Grok 4.3,independent,673be25fc988fbc8ef18d148,1,14,6,0,0
Grok 4.3,independent,67414401f5fbbfac5c273a0d,2,14,6,2,2
Grok 4.3,independent,674761ffca5b554156dc9037,1,14,6,3,3
Grok 4.3,independent,674dbd94040b2918e5c0b63d,1,14,6,0,0
Grok 4.3,independent,674f07ffffb28de6c182c458,3,14,6,6,0
Grok 4.3,independent,67631f198b502023c4567380,2,14,6,1,1
Grok 4.3,independent,67666a593e38774fc651f9f3,1,14,6,3,3
Grok 4.3,independent,67672352c393c4ff629cb820,1,14,6,1,1
Grok 4.3,independent,6767969869b88c321c96665a,1,14,6,6,0
Grok 4.3,independent,678fbf931413486f7dc2a7f1,2,14,6,2,0
Grok 4.3,independent,668825f80a642802bdfeadfa,3,15,3,6,0
Grok 4.3,independent,668828540a642802bdfeadfc,3,15,3,8,0
Grok 4.3,independent,66e70c75bbb9b1754c0869ce,1,15,3,5,5
Grok 4.3,independent,66e883265ab37f0a7da089be,2,15,3,4,4
Grok 4.3,independent,66e8add1650a03361a14c6f8,3,15,3,4,0
Grok 4.3,independent,66e8e1056c0b8ace336996ea,3,15,3,0,0
Grok 4.3,independent,66e8f69b1440516dd6ab54da,1,15,3,2,0
Grok 4.3,independent,66e97fd756455f341c7849c3,1,15,3,2,2
Grok 4.3,independent,66e996260930c00374ceaa0b,2,15,3,5,2
Grok 4.3,independent,66ea70cd3d800a43340dd4d0,3,15,3,9,0
Grok 4.3,independent,66eaf0ba5e31c19691fe73b1,2,15,3,9,0
Grok 4.3,independent,66eafb96b082c5e6a76a49c0,1,15,3,2,2
Grok 4.3,independent,66ecfd03e7478ca5fcbb7495,1,15,3,2,2
Grok 4.3,independent,66edc60801af2a724035ad4b,1,15,3,6,0
Grok 4.3,independent,66ef3de8b8a1ba6e0ba23498,2,15,3,4,4
Grok 4.3,independent,66f052e814be84cc1edd3fbd,2,15,3,2,2
Grok 4.3,independent,66f27d65a40482f6012a4006,3,15,3,1,1
Grok 4.3,independent,66f31140cdc5dafd297e9b5a,3,15,3,12,0
Grok 4.3,independent,66f44382e369fb72959c8e86,1,15,3,2,0
Grok 4.3,independent,66f83aed0d92e99048a4ae9d,1,15,3,2,2
Grok 4.3,independent,66fc4dc04293a9638d7e0f65,3,15,3,11,0
Grok 4.3,independent,66fc5e611f5f3f3b48ae9566,3,15,3,5,5
Grok 4.3,independent,66fc8b271d39fbf6d8bcdd0c,1,15,3,0,0
Grok 4.3,independent,66fcc286eab6d512704d96af,1,15,3,3,3
Grok 4.3,independent,66fcf077c494ec3fe0ed5635,3,15,3,12,0
Grok 4.3,independent,66fd60ea6be05c0b608861d5,1,15,3,1,1
Grok 4.3,independent,66fda7a057cea4445778e88a,1,15,3,5,0
Grok 4.3,independent,66fee6c39e4f456a6d2941b5,1,15,3,3,3
Grok 4.3,independent,670170d616077208cedb9627,2,15,3,1,1
Grok 4.3,independent,6701de16d9e4cd1aa812414b,2,15,3,2,2
Grok 4.3,independent,670285bc39fbddbbfdaffdfe,3,15,3,10,0
Grok 4.3,independent,67055b15222ba55ab0b88431,3,15,3,11,3
Grok 4.3,independent,6709a557139851f6bbbd7a5a,3,15,3,0,0
Grok 4.3,independent,6709df4c3c2174379ffee04b,1,15,3,0,0
Grok 4.3,independent,670aa3e255f3b29ec899f979,2,15,3,10,0
Grok 4.3,independent,670b307567eb710437409184,3,15,3,3,3
Grok 4.3,independent,670c775842b25f65425c86c2,1,15,3,4,4
Grok 4.3,independent,670f00dc79750a6c73259f4d,2,15,3,7,0
Grok 4.3,independent,670fb58f2ca6bea76e9354a7,2,15,3,4,0
Grok 4.3,independent,6716260eae3149088ed859b9,3,15,3,7,5
Grok 4.3,independent,6718487afba38eebcbc8034b,3,15,3,6,0
Grok 4.3,independent,6718577ca88093a75026b186,2,15,3,8,8
Grok 4.3,independent,671a947c9deaf77048dcc8b7,1,15,3,7,0
Grok 4.3,independent,671ac641136758472327f851,2,15,3,8,1
Grok 4.3,independent,671be3853529bee9e3097b92,3,15,3,8,8
Grok 4.3,independent,671c6a1aacee876e82d4bc0e,1,15,3,4,4
Grok 4.3,independent,671f083dc8da11076ce9960e,3,15,3,12,0
Grok 4.3,independent,671f0c2578ab3005e439aeba,1,15,3,8,0
Grok 4.3,independent,671f3d49d579cf064f22d3ce,2,15,3,6,0
Grok 4.3,independent,67202822dbc5086c0bdd4e1c,1,15,3,3,3
Grok 4.3,independent,672182f55e4a5b8416a1ccbe,2,15,3,2,2
Grok 4.3,independent,67227b249679954247c9c0b3,3,15,3,9,0
Grok 4.3,independent,6722b1f9f3a489ee08117730,1,15,3,3,3
Grok 4.3,independent,67232c88e22b01bfa7b8f156,1,15,3,0,0
Grok 4.3,independent,6723ec50479384d8942cca75,2,15,3,2,0
Grok 4.3,independent,67242f1f911674ab1b5d904b,3,15,3,9,0
Grok 4.3,independent,672433577fb5d24be68f010d,2,15,3,1,0
Grok 4.3,independent,672455ce7a14971607e3d9f0,1,15,3,1,1
Grok 4.3,independent,6724955b1dc5c59953c463ec,3,15,3,12,0
Grok 4.3,independent,6724db7012a8d5ea6a619372,2,15,3,5,0
Grok 4.3,independent,6724f8b80c7d03e5a66cce57,2,15,3,2,2
Grok 4.3,independent,672507e82cc2a1349f1ffaf1,3,15,3,12,0
Grok 4.3,independent,67253c33ad98e94b47ea3477,3,15,3,12,0
Grok 4.3,independent,67254a56046774791d0f1a41,1,15,3,1,1
Grok 4.3,independent,672555acc27a6276611a3005,2,15,3,5,0
Grok 4.3,independent,67258c4124b290d28a9f8abe,1,15,3,0,0
Grok 4.3,independent,67264a55cae736a4a682949a,1,15,3,3,0
Grok 4.3,independent,672a5d27385accabb646acfe,2,15,3,6,0
Grok 4.3,independent,672aac7a78e0ab15cf86003b,2,15,3,1,1
Grok 4.3,independent,672d5a80f1800d2d85750a71,3,15,3,9,9
Grok 4.3,independent,672fbc4ec2c82cf448a1a725,1,15,3,3,3
Grok 4.3,independent,67313652f659ba7b3fd1fe40,1,15,3,7,0
Grok 4.3,independent,6733af65f1a57e239a7e7488,2,15,3,1,1
Grok 4.3,independent,6734346cf3950859f67019af,1,15,3,5,0
Grok 4.3,independent,673612eaff612f83700ec41f,1,15,3,1,1
Grok 4.3,independent,67368bceaea0de6b58ec346a,1,15,3,4,4
Grok 4.3,independent,673722c82bfc8ab579ed111f,2,15,3,11,1
Grok 4.3,independent,67375e6f8b1cc52c211f95ce,2,15,3,9,1
Grok 4.3,independent,6737697dedff89681fe75582,2,15,3,9,5
Grok 4.3,independent,6737b422d3949406f1ed580b,1,15,3,5,0
Grok 4.3,independent,6738df8c201a2bd66499797a,2,15,3,8,0
Grok 4.3,independent,6739149727881148ddf2aca0,1,15,3,4,4
Grok 4.3,independent,673a9c6a414ad0600dc781a2,2,15,3,5,5
Grok 4.3,independent,673ae99a3022b9e17f89d1b6,3,15,3,7,0
Grok 4.3,independent,673be25fc988fbc8ef18d148,1,15,3,1,1
Grok 4.3,independent,67414401f5fbbfac5c273a0d,2,15,3,9,0
Grok 4.3,independent,674761ffca5b554156dc9037,1,15,3,3,3
Grok 4.3,independent,674dbd94040b2918e5c0b63d,1,15,3,2,2
Grok 4.3,independent,674f07ffffb28de6c182c458,3,15,3,10,0
Grok 4.3,independent,67631f198b502023c4567380,2,15,3,2,2
Grok 4.3,independent,67666a593e38774fc651f9f3,1,15,3,3,3
Grok 4.3,independent,67672352c393c4ff629cb820,1,15,3,1,1
Grok 4.3,independent,6767969869b88c321c96665a,1,15,3,8,0
Grok 4.3,independent,678fbf931413486f7dc2a7f1,2,15,3,6,0
Grok 4.3,independent,668825f80a642802bdfeadfa,3,18,6,8,0
Grok 4.3,independent,668828540a642802bdfeadfc,3,18,6,12,0
Grok 4.3,independent,66e70c75bbb9b1754c0869ce,1,18,6,5,5
Grok 4.3,independent,66e883265ab37f0a7da089be,2,18,6,3,3
Grok 4.3,independent,66e8add1650a03361a14c6f8,3,18,6,4,3
Grok 4.3,independent,66e8e1056c0b8ace336996ea,3,18,6,0,0
Grok 4.3,independent,66e8f69b1440516dd6ab54da,1,18,6,2,2
Grok 4.3,independent,66e97fd756455f341c7849c3,1,18,6,1,1
Grok 4.3,independent,66e996260930c00374ceaa0b,2,18,6,1,1
Grok 4.3,independent,66ea70cd3d800a43340dd4d0,3,18,6,9,0
Grok 4.3,independent,66eaf0ba5e31c19691fe73b1,2,18,6,7,0
Grok 4.3,independent,66eafb96b082c5e6a76a49c0,1,18,6,1,1
Grok 4.3,independent,66ecfd03e7478ca5fcbb7495,1,18,6,0,0
Grok 4.3,independent,66edc60801af2a724035ad4b,1,18,6,3,0
Grok 4.3,independent,66ef3de8b8a1ba6e0ba23498,2,18,6,4,4
Grok 4.3,independent,66f052e814be84cc1edd3fbd,2,18,6,3,3
Grok 4.3,independent,66f27d65a40482f6012a4006,3,18,6,3,3
Grok 4.3,independent,66f31140cdc5dafd297e9b5a,3,18,6,12,0
Grok 4.3,independent,66f44382e369fb72959c8e86,1,18,6,1,1
Grok 4.3,independent,66f83aed0d92e99048a4ae9d,1,18,6,3,3
Grok 4.3,independent,66fc4dc04293a9638d7e0f65,3,18,6,10,0
Grok 4.3,independent,66fc5e611f5f3f3b48ae9566,3,18,6,6,6
Grok 4.3,independent,66fc8b271d39fbf6d8bcdd0c,1,18,6,0,0
Grok 4.3,independent,66fcc286eab6d512704d96af,1,18,6,1,1
Grok 4.3,independent,66fcf077c494ec3fe0ed5635,3,18,6,12,0
Grok 4.3,independent,66fd60ea6be05c0b608861d5,1,18,6,0,0
Grok 4.3,independent,66fda7a057cea4445778e88a,1,18,6,4,4
Grok 4.3,independent,66fee6c39e4f456a6d2941b5,1,18,6,5,5
Grok 4.3,independent,670170d616077208cedb9627,2,18,6,6,5
Grok 4.3,independent,6701de16d9e4cd1aa812414b,2,18,6,1,1
Grok 4.3,independent,67055b15222ba55ab0b88431,3,18,6,8,1
Grok 4.3,independent,6709a557139851f6bbbd7a5a,3,18,6,4,4
Grok 4.3,independent,6709df4c3c2174379ffee04b,1,18,6,2,2
Grok 4.3,independent,670aa3e255f3b29ec899f979,2,18,6,8,0
Grok 4.3,independent,670b307567eb710437409184,3,18,6,8,8
Grok 4.3,independent,670c775842b25f65425c86c2,1,18,6,3,3
Grok 4.3,independent,670f00dc79750a6c73259f4d,2,18,6,9,0
Grok 4.3,independent,670fb58f2ca6bea76e9354a7,2,18,6,4,0
Grok 4.3,independent,6716260eae3149088ed859b9,3,18,6,8,0
Grok 4.3,independent,6718487afba38eebcbc8034b,3,18,6,4,4
Grok 4.3,independent,6718577ca88093a75026b186,2,18,6,7,0
Grok 4.3,independent,671a947c9deaf77048dcc8b7,1,18,6,4,4
Grok 4.3,independent,671ac641136758472327f851,2,18,6,6,6
Grok 4.3,independent,671be3853529bee9e3097b92,3,18,6,12,0
Grok 4.3,independent,671c6a1aacee876e82d4bc0e,1,18,6,6,0
Grok 4.3,independent,671f083dc8da11076ce9960e,3,18,6,12,0
Grok 4.3,independent,671f0c2578ab3005e439aeba,1,18,6,7,0
Grok 4.3,independent,671f3d49d579cf064f22d3ce,2,18,6,1,1
Grok 4.3,independent,67202822dbc5086c0bdd4e1c,1,18,6,0,0
Grok 4.3,independent,672182f55e4a5b8416a1ccbe,2,18,6,3,3
Grok 4.3,independent,67227b249679954247c9c0b3,3,18,6,5,0
Grok 4.3,independent,6722b1f9f3a489ee08117730,1,18,6,2,2
Grok 4.3,independent,67232c88e22b01bfa7b8f156,1,18,6,0,0
Grok 4.3,independent,6723ec50479384d8942cca75,2,18,6,3,3
Grok 4.3,independent,67242f1f911674ab1b5d904b,3,18,6,7,0
Grok 4.3,independent,672433577fb5d24be68f010d,2,18,6,1,1
Grok 4.3,independent,672455ce7a14971607e3d9f0,1,18,6,0,0
Grok 4.3,independent,6724955b1dc5c59953c463ec,3,18,6,8,0
Grok 4.3,independent,6724db7012a8d5ea6a619372,2,18,6,7,0
Grok 4.3,independent,6724f8b80c7d03e5a66cce57,2,18,6,5,5
Grok 4.3,independent,672507e82cc2a1349f1ffaf1,3,18,6,10,0
Grok 4.3,independent,67253c33ad98e94b47ea3477,3,18,6,12,0
Grok 4.3,independent,67254a56046774791d0f1a41,1,18,6,1,1
Grok 4.3,independent,672555acc27a6276611a3005,2,18,6,4,0
Grok 4.3,independent,67258c4124b290d28a9f8abe,1,18,6,1,1
Grok 4.3,independent,67264a55cae736a4a682949a,1,18,6,6,0
Grok 4.3,independent,672a5d27385accabb646acfe,2,18,6,8,0
Grok 4.3,independent,672aac7a78e0ab15cf86003b,2,18,6,2,2
Grok 4.3,independent,672d5a80f1800d2d85750a71,3,18,6,8,3
Grok 4.3,independent,672fbc4ec2c82cf448a1a725,1,18,6,1,1
Grok 4.3,independent,67313652f659ba7b3fd1fe40,1,18,6,10,0
Grok 4.3,independent,6733af65f1a57e239a7e7488,2,18,6,3,3
Grok 4.3,independent,6734346cf3950859f67019af,1,18,6,2,0
Grok 4.3,independent,673612eaff612f83700ec41f,1,18,6,1,1
Grok 4.3,independent,67368bceaea0de6b58ec346a,1,18,6,6,6
Grok 4.3,independent,673722c82bfc8ab579ed111f,2,18,6,9,0
Grok 4.3,independent,67375e6f8b1cc52c211f95ce,2,18,6,9,0
Grok 4.3,independent,6737697dedff89681fe75582,2,18,6,7,5
Grok 4.3,independent,6737b422d3949406f1ed580b,1,18,6,4,0
Grok 4.3,independent,6738df8c201a2bd66499797a,2,18,6,3,3
Grok 4.3,independent,6739149727881148ddf2aca0,1,18,6,6,0
Grok 4.3,independent,673a76559e89466aa6433f66,3,18,6,8,1
Grok 4.3,independent,673a9c6a414ad0600dc781a2,2,18,6,11,1
Grok 4.3,independent,673ae99a3022b9e17f89d1b6,3,18,6,7,0
Grok 4.3,independent,673be25fc988fbc8ef18d148,1,18,6,2,2
Grok 4.3,independent,67414401f5fbbfac5c273a0d,2,18,6,5,0
Grok 4.3,independent,674761ffca5b554156dc9037,1,18,6,3,3
Grok 4.3,independent,674dbd94040b2918e5c0b63d,1,18,6,1,1
Grok 4.3,independent,674f07ffffb28de6c182c458,3,18,6,9,0
Grok 4.3,independent,67631f198b502023c4567380,2,18,6,2,2
Grok 4.3,independent,67666a593e38774fc651f9f3,1,18,6,1,1
Grok 4.3,independent,67672352c393c4ff629cb820,1,18,6,0,0
Grok 4.3,independent,6767969869b88c321c96665a,1,18,6,7,0
Grok 4.3,independent,678fbf931413486f7dc2a7f1,2,18,6,9,0
Grok 4.3,independent,668825f80a642802bdfeadfa,3,21,9,7,0
Grok 4.3,independent,668828540a642802bdfeadfc,3,21,9,7,0
Grok 4.3,independent,66e70c75bbb9b1754c0869ce,1,21,9,4,4
Grok 4.3,independent,66e883265ab37f0a7da089be,2,21,9,6,6
Grok 4.3,independent,66e8add1650a03361a14c6f8,3,21,9,7,0
Grok 4.3,independent,66e8e1056c0b8ace336996ea,3,21,9,1,1
Grok 4.3,independent,66e8f69b1440516dd6ab54da,1,21,9,2,2
Grok 4.3,independent,66e97fd756455f341c7849c3,1,21,9,3,1
Grok 4.3,independent,66e996260930c00374ceaa0b,2,21,9,2,2
Grok 4.3,independent,66ea70cd3d800a43340dd4d0,3,21,9,6,1
Grok 4.3,independent,66eaf0ba5e31c19691fe73b1,2,21,9,9,0
Grok 4.3,independent,66eafb96b082c5e6a76a49c0,1,21,9,4,4
Grok 4.3,independent,66ecfd03e7478ca5fcbb7495,1,21,9,1,1
Grok 4.3,independent,66edc60801af2a724035ad4b,1,21,9,6,6
Grok 4.3,independent,66ef3de8b8a1ba6e0ba23498,2,21,9,4,4
Grok 4.3,independent,66f052e814be84cc1edd3fbd,2,21,9,1,1
Grok 4.3,independent,66f27d65a40482f6012a4006,3,21,9,1,1
Grok 4.3,independent,66f31140cdc5dafd297e9b5a,3,21,9,12,6
Grok 4.3,independent,66f44382e369fb72959c8e86,1,21,9,0,0
Grok 4.3,independent,66f83aed0d92e99048a4ae9d,1,21,9,0,0
Grok 4.3,independent,66fc4dc04293a9638d7e0f65,3,21,9,11,0
Grok 4.3,independent,66fc5e611f5f3f3b48ae9566,3,21,9,7,7
Grok 4.3,independent,66fc8b271d39fbf6d8bcdd0c,1,21,9,1,1
Grok 4.3,independent,66fcc286eab6d512704d96af,1,21,9,2,2
Grok 4.3,independent,66fcf077c494ec3fe0ed5635,3,21,9,11,0
Grok 4.3,independent,66fd60ea6be05c0b608861d5,1,21,9,0,0
Grok 4.3,independent,66fda7a057cea4445778e88a,1,21,9,8,1
Grok 4.3,independent,66fee6c39e4f456a6d2941b5,1,21,9,6,5
Grok 4.3,independent,670170d616077208cedb9627,2,21,9,0,0
Grok 4.3,independent,6701de16d9e4cd1aa812414b,2,21,9,5,5
Grok 4.3,independent,670285bc39fbddbbfdaffdfe,3,21,9,12,0
Grok 4.3,independent,67055b15222ba55ab0b88431,3,21,9,11,4
Grok 4.3,independent,6709a557139851f6bbbd7a5a,3,21,9,2,2
Grok 4.3,independent,6709df4c3c2174379ffee04b,1,21,9,4,4
Grok 4.3,independent,670aa3e255f3b29ec899f979,2,21,9,9,0
Grok 4.3,independent,670b307567eb710437409184,3,21,9,3,2
Grok 4.3,independent,670c775842b25f65425c86c2,1,21,9,6,6
Grok 4.3,independent,670f00dc79750a6c73259f4d,2,21,9,5,0
Grok 4.3,independent,670fb58f2ca6bea76e9354a7,2,21,9,2,0
Grok 4.3,independent,6716260eae3149088ed859b9,3,21,9,11,0
Grok 4.3,independent,6718487afba38eebcbc8034b,3,21,9,5,1
Grok 4.3,independent,6718577ca88093a75026b186,2,21,9,8,0
Grok 4.3,independent,671a947c9deaf77048dcc8b7,1,21,9,10,0
Grok 4.3,independent,671ac641136758472327f851,2,21,9,5,5
Grok 4.3,independent,671be3853529bee9e3097b92,3,21,9,10,6
Grok 4.3,independent,671c6a1aacee876e82d4bc0e,1,21,9,4,4
Grok 4.3,independent,671f083dc8da11076ce9960e,3,21,9,11,0
Grok 4.3,independent,671f0c2578ab3005e439aeba,1,21,9,8,0
Grok 4.3,independent,671f3d49d579cf064f22d3ce,2,21,9,3,0
Grok 4.3,independent,67202822dbc5086c0bdd4e1c,1,21,9,4,4
Grok 4.3,independent,672182f55e4a5b8416a1ccbe,2,21,9,1,1
Grok 4.3,independent,67227b249679954247c9c0b3,3,21,9,5,0
Grok 4.3,independent,6722b1f9f3a489ee08117730,1,21,9,4,4
Grok 4.3,independent,67232c88e22b01bfa7b8f156,1,21,9,0,0
Grok 4.3,independent,6723ec50479384d8942cca75,2,21,9,2,0
Grok 4.3,independent,67242f1f911674ab1b5d904b,3,21,9,6,0
Grok 4.3,independent,672433577fb5d24be68f010d,2,21,9,4,0
Grok 4.3,independent,672455ce7a14971607e3d9f0,1,21,9,2,2
Grok 4.3,independent,6724955b1dc5c59953c463ec,3,21,9,9,0
Grok 4.3,independent,6724db7012a8d5ea6a619372,2,21,9,3,0
Grok 4.3,independent,6724f8b80c7d03e5a66cce57,2,21,9,3,3
Grok 4.3,independent,672507e82cc2a1349f1ffaf1,3,21,9,10,0
Grok 4.3,independent,67253c33ad98e94b47ea3477,3,21,9,11,0
Grok 4.3,independent,67254a56046774791d0f1a41,1,21,9,1,1
Grok 4.3,independent,672555acc27a6276611a3005,2,21,9,2,2
Grok 4.3,independent,67258c4124b290d28a9f8abe,1,21,9,0,0
Grok 4.3,independent,67264a55cae736a4a682949a,1,21,9,2,0
Grok 4.3,independent,672a5d27385accabb646acfe,2,21,9,8,0
Grok 4.3,independent,672aac7a78e0ab15cf86003b,2,21,9,5,5
Grok 4.3,independent,672d5a80f1800d2d85750a71,3,21,9,9,0
Grok 4.3,independent,672fbc4ec2c82cf448a1a725,1,21,9,1,1
Grok 4.3,independent,67313652f659ba7b3fd1fe40,1,21,9,10,0
Grok 4.3,independent,6733af65f1a57e239a7e7488,2,21,9,1,1
Grok 4.3,independent,6734346cf3950859f67019af,1,21,9,2,2
Grok 4.3,independent,673612eaff612f83700ec41f,1,21,9,1,1
Grok 4.3,independent,67368bceaea0de6b58ec346a,1,21,9,4,0
Grok 4.3,independent,673722c82bfc8ab579ed111f,2,21,9,11,0
Grok 4.3,independent,67375e6f8b1cc52c211f95ce,2,21,9,8,2
Grok 4.3,independent,6737697dedff89681fe75582,2,21,9,10,2
Grok 4.3,independent,6737b422d3949406f1ed580b,1,21,9,5,3
Grok 4.3,independent,6738df8c201a2bd66499797a,2,21,9,7,0
Grok 4.3,independent,6739149727881148ddf2aca0,1,21,9,4,4
Grok 4.3,independent,673a76559e89466aa6433f66,3,21,9,8,0
Grok 4.3,independent,673a9c6a414ad0600dc781a2,2,21,9,12,0
Grok 4.3,independent,673ae99a3022b9e17f89d1b6,3,21,9,4,0
Grok 4.3,independent,673be25fc988fbc8ef18d148,1,21,9,0,0
Grok 4.3,independent,67414401f5fbbfac5c273a0d,2,21,9,4,4
Grok 4.3,independent,674761ffca5b554156dc9037,1,21,9,6,0
Grok 4.3,independent,674dbd94040b2918e5c0b63d,1,21,9,2,2
Grok 4.3,independent,674f07ffffb28de6c182c458,3,21,9,8,0
Grok 4.3,independent,67631f198b502023c4567380,2,21,9,4,4
Grok 4.3,independent,67672352c393c4ff629cb820,1,21,9,1,1
Grok 4.3,independent,6767969869b88c321c96665a,1,21,9,5,5
Grok 4.3,independent,678fbf931413486f7dc2a7f1,2,21,9,7,0
