model,question_id,bucket,N,k,initially_correct,defections
DeepSeek V4.1 Flash,66e88728ba7d8bc0d5806f3a,2,2,0,1,0
DeepSeek V4.1 Flash,66e946fbb78e263c565b17e3,3,2,0,2,0
DeepSeek V4.1 Flash,66e991ec2dad0e536fb92ece,3,2,0,0,0
DeepSeek V4.1 Flash,66e9b92578e89514d9ab6093,2,2,0,2,0
DeepSeek V4.1 Flash,66ea12bd86227f91af18b88b,2,2,0,1,0
DeepSeek V4.1 Flash,66eae4e351a34eec5d943952,2,2,0,0,0
DeepSeek V4.1 Flash,66eaf456afe364e4f477b78f,1,2,0,0,0
DeepSeek V4.1 Flash,66ec0ed8b0ae7f67e365a163,2,2,0,1,0
DeepSeek V4.1 Flash,66ecfd03e7478ca5fcbb7495,2,2,0,1,1
DeepSeek V4.1 Flash,66ed28dfde312a049a78b3ba,2,2,0,0,0
DeepSeek V4.1 Flash,66ed5f1e85adbeda9f978022,1,2,0,1,1
DeepSeek V4.1 Flash,66edc60801af2a724035ad4b,1,2,0,1,1
DeepSeek V4.1 Flash,66edd3dc1ee489494038d9eb,2,2,0,0,0
DeepSeek V4.1 Flash,66ef5b2ee2bec3c64e8e4415,3,2,0,1,0
DeepSeek V4.1 Flash,66f0f4efd23ed0ac5f43b25f,1,2,0,0,0
DeepSeek V4.1 Flash,66f27d65a40482f6012a4006,2,2,0,1,0
DeepSeek V4.1 Flash,66f3117acff7b10052fe1e3d,3,2,0,1,0
DeepSeek V4.1 Flash,66f47471bba0ce38e1ca559f,2,2,0,1,0
DeepSeek V4.1 Flash,66f83aed0d92e99048a4ae9d,1,2,0,1,1
DeepSeek V4.1 Flash,66faccfb44cb2f3b0e1be0ff,2,2,0,0,0
DeepSeek V4.1 Flash,66fc2689b72463921f6c40e8,1,2,0,1,0
DeepSeek V4.1 Flash,66fc8f1b8a73f859d8fa1608,1,2,0,0,0
DeepSeek V4.1 Flash,66fcc286eab6d512704d96af,1,2,0,0,0
DeepSeek V4.1 Flash,66fda7a057cea4445778e88a,1,2,0,0,0
DeepSeek V4.1 Flash,66fe796bc12cbe6aeaa26e69,1,2,0,1,0
DeepSeek V4.1 Flash,67008f17fc2c0a4040f1d352,1,2,0,2,1
DeepSeek V4.1 Flash,67015d62777a275ca50eb18b,3,2,0,1,0
DeepSeek V4.1 Flash,6701de16d9e4cd1aa812414b,1,2,0,0,0
DeepSeek V4.1 Flash,6704409592a84f23e5b73e95,1,2,0,0,0
DeepSeek V4.1 Flash,6706295df10a8c2ca9a9c288,1,2,0,0,0
DeepSeek V4.1 Flash,67095af56022f900e8e76028,1,2,0,1,1
DeepSeek V4.1 Flash,670c775842b25f65425c86c2,1,2,0,0,0
DeepSeek V4.1 Flash,670d5ce6d57c80b4d4090cb4,1,2,0,1,0
DeepSeek V4.1 Flash,670d933ad54037c51abbe3ca,2,2,0,0,0
DeepSeek V4.1 Flash,670f41ad793c2cc1e973ff70,1,2,0,0,0
DeepSeek V4.1 Flash,6715beb7b3287d3dd4db03e6,2,2,0,2,0
DeepSeek V4.1 Flash,67162253433b031688b08f47,2,2,0,1,0
DeepSeek V4.1 Flash,6716260eae3149088ed859b9,2,2,0,2,0
DeepSeek V4.1 Flash,671683479e5d26a2905120dc,2,2,0,0,0
DeepSeek V4.1 Flash,6716fafe2a8d9330a7f89ee5,1,2,0,1,0
DeepSeek V4.1 Flash,6718487afba38eebcbc8034b,3,2,0,2,0
DeepSeek V4.1 Flash,6718577ca88093a75026b186,1,2,0,1,0
DeepSeek V4.1 Flash,671ad5ceed3d54e87368bc68,3,2,0,1,1
DeepSeek V4.1 Flash,671be3853529bee9e3097b92,2,2,0,0,0
DeepSeek V4.1 Flash,671c6d6392388142386728ee,2,2,0,0,0
DeepSeek V4.1 Flash,671dd6cd91a438f6811f5108,1,2,0,0,0
DeepSeek V4.1 Flash,671f1f88e6600c2d52d9fbe6,2,2,0,1,0
DeepSeek V4.1 Flash,671f23ab12f081da543ed684,1,2,0,0,0
DeepSeek V4.1 Flash,671f39dcd579cf064f22d3c1,3,2,0,1,0
DeepSeek V4.1 Flash,671f40348b7ca154256661c6,3,2,0,1,0
DeepSeek V4.1 Flash,671f73993e82c6b6151dbba7,1,2,0,0,0
DeepSeek V4.1 Flash,671fc9d46c5d3903234cd391,1,2,0,0,0
DeepSeek V4.1 Flash,671ff7a24140ffc71dfae4af,3,2,0,1,0
DeepSeek V4.1 Flash,67202822dbc5086c0bdd4e1c,1,2,0,0,0
DeepSeek V4.1 Flash,6720450234e68233152e2cf8,1,2,0,0,0
DeepSeek V4.1 Flash,67209100563d776c82113dba,2,2,0,1,1
DeepSeek V4.1 Flash,672179e4c8cc0ac89395e8d0,1,2,0,0,0
DeepSeek V4.1 Flash,672182f55e4a5b8416a1ccbe,1,2,0,1,0
DeepSeek V4.1 Flash,6721c8e11b5a8e4cb0e9079b,1,2,0,0,0
DeepSeek V4.1 Flash,6723ec50479384d8942cca75,3,2,0,1,1
DeepSeek V4.1 Flash,672416e85247738dfbb432fa,3,2,0,2,0
DeepSeek V4.1 Flash,6724955b1dc5c59953c463ec,3,2,0,2,1
DeepSeek V4.1 Flash,6724ff0dea5926938a631b9e,2,2,0,0,0
DeepSeek V4.1 Flash,67252eb05d09683709d8a5f8,1,2,0,0,0
DeepSeek V4.1 Flash,6725703471b3b52354976be1,3,2,0,2,1
DeepSeek V4.1 Flash,67257fe9be53ed439b973ff9,3,2,0,0,0
DeepSeek V4.1 Flash,6725adefc6537022833a1e04,3,2,0,2,0
DeepSeek V4.1 Flash,6725c3719aac82ce9cf99f23,2,2,0,1,0
DeepSeek V4.1 Flash,672626078a65c5d33e24d92c,3,2,0,2,0
DeepSeek V4.1 Flash,67264a55cae736a4a682949a,2,2,0,1,0
DeepSeek V4.1 Flash,6726941826b7fc6a39fbe581,2,2,0,0,0
DeepSeek V4.1 Flash,672a5d27385accabb646acfe,1,2,0,0,0
DeepSeek V4.1 Flash,672b304eddf99de9738de25d,3,2,0,0,0
DeepSeek V4.1 Flash,672bca9fab085c84b90e223d,1,2,0,0,0
DeepSeek V4.1 Flash,672c6aab9d218ddb7c620149,2,2,0,0,0
DeepSeek V4.1 Flash,672e6e4a85ed85778c0fb28e,3,2,0,0,0
DeepSeek V4.1 Flash,672ff71e724ca22f42c0ff85,1,2,0,0,0
DeepSeek V4.1 Flash,67315c7e7fcf9ea998467bd6,3,2,0,2,0
DeepSeek V4.1 Flash,6732761c77e9a02e661946ac,2,2,0,1,0
DeepSeek V4.1 Flash,67335820c7d8c66591e6dfc7,3,2,0,2,0
DeepSeek V4.1 Flash,6734346cf3950859f67019af,2,2,0,1,0
DeepSeek V4.1 Flash,67368bceaea0de6b58ec346a,1,2,0,2,0
DeepSeek V4.1 Flash,6736edefe41312420acd05a0,2,2,0,0,0
DeepSeek V4.1 Flash,6737697dedff89681fe75582,2,2,0,0,0
DeepSeek V4.1 Flash,67399d0163641fb0bc110db9,1,2,0,0,0
DeepSeek V4.1 Flash,6739fe23f1f7144f9a3c9715,3,2,0,1,0
DeepSeek V4.1 Flash,673a9c6a414ad0600dc781a2,3,2,0,0,0
DeepSeek V4.1 Flash,67414401f5fbbfac5c273a0d,3,2,0,0,0
DeepSeek V4.1 Flash,67631f198b502023c4567380,3,2,0,2,0
DeepSeek V4.1 Flash,6767969869b88c321c96665a,1,2,0,0,0
DeepSeek V4.1 Flash,6770832c6b74a5103a07f031,3,2,0,2,0
DeepSeek V4.1 Flash,6777764d6b3f27cf12b17555,3,2,0,2,1
DeepSeek V4.1 Flash,678ae26a0b0bc44cadbb173f,1,2,0,0,0
DeepSeek V4.1 Flash,678fbf931413486f7dc2a7f1,2,2,0,1,0
DeepSeek V4.1 Flash,67cb7986f45c0cc9422617ec,1,2,0,0,0
DeepSeek V4.1 Flash,66e88728ba7d8bc0d5806f3a,2,3,1,0,0
DeepSeek V4.1 Flash,66e946fbb78e263c565b17e3,3,3,1,1,0
DeepSeek V4.1 Flash,66e991ec2dad0e536fb92ece,3,3,1,2,0
DeepSeek V4.1 Flash,66e9b92578e89514d9ab6093,2,3,1,1,0
DeepSeek V4.1 Flash,66ea12bd86227f91af18b88b,2,3,1,1,0
DeepSeek V4.1 Flash,66eae4e351a34eec5d943952,2,3,1,1,0
DeepSeek V4.1 Flash,66eaf456afe364e4f477b78f,1,3,1,2,2
DeepSeek V4.1 Flash,66ec0ed8b0ae7f67e365a163,2,3,1,1,0
DeepSeek V4.1 Flash,66ecfd03e7478ca5fcbb7495,2,3,1,0,0
DeepSeek V4.1 Flash,66ed28dfde312a049a78b3ba,2,3,1,1,0
DeepSeek V4.1 Flash,66ed5f1e85adbeda9f978022,1,3,1,1,1
DeepSeek V4.1 Flash,66edc60801af2a724035ad4b,1,3,1,1,1
DeepSeek V4.1 Flash,66edd3dc1ee489494038d9eb,2,3,1,1,0
DeepSeek V4.1 Flash,66ef5b2ee2bec3c64e8e4415,3,3,1,2,0
DeepSeek V4.1 Flash,66f0f4efd23ed0ac5f43b25f,1,3,1,0,0
DeepSeek V4.1 Flash,66f27d65a40482f6012a4006,2,3,1,1,1
DeepSeek V4.1 Flash,66f3117acff7b10052fe1e3d,3,3,1,2,0
DeepSeek V4.1 Flash,66f47471bba0ce38e1ca559f,2,3,1,2,0
DeepSeek V4.1 Flash,66f83aed0d92e99048a4ae9d,1,3,1,0,0
DeepSeek V4.1 Flash,66faccfb44cb2f3b0e1be0ff,2,3,1,2,0
DeepSeek V4.1 Flash,66fc2689b72463921f6c40e8,1,3,1,1,0
DeepSeek V4.1 Flash,66fc8f1b8a73f859d8fa1608,1,3,1,0,0
DeepSeek V4.1 Flash,66fcc286eab6d512704d96af,1,3,1,0,0
DeepSeek V4.1 Flash,66fda7a057cea4445778e88a,1,3,1,1,1
DeepSeek V4.1 Flash,66fe796bc12cbe6aeaa26e69,1,3,1,0,0
DeepSeek V4.1 Flash,67008f17fc2c0a4040f1d352,1,3,1,0,0
DeepSeek V4.1 Flash,67015d62777a275ca50eb18b,3,3,1,2,0
DeepSeek V4.1 Flash,6701de16d9e4cd1aa812414b,1,3,1,1,0
DeepSeek V4.1 Flash,6704409592a84f23e5b73e95,1,3,1,0,0
DeepSeek V4.1 Flash,6706295df10a8c2ca9a9c288,1,3,1,0,0
DeepSeek V4.1 Flash,67095af56022f900e8e76028,1,3,1,1,1
DeepSeek V4.1 Flash,670c775842b25f65425c86c2,1,3,1,0,0
DeepSeek V4.1 Flash,670d5ce6d57c80b4d4090cb4,1,3,1,2,0
DeepSeek V4.1 Flash,670d933ad54037c51abbe3ca,2,3,1,0,0
DeepSeek V4.1 Flash,670f41ad793c2cc1e973ff70,1,3,1,0,0
DeepSeek V4.1 Flash,6715beb7b3287d3dd4db03e6,2,3,1,1,0
DeepSeek V4.1 Flash,67162253433b031688b08f47,2,3,1,0,0
DeepSeek V4.1 Flash,6716260eae3149088ed859b9,2,3,1,1,0
DeepSeek V4.1 Flash,671683479e5d26a2905120dc,2,3,1,0,0
DeepSeek V4.1 Flash,6716fafe2a8d9330a7f89ee5,1,3,1,1,0
DeepSeek V4.1 Flash,6718487afba38eebcbc8034b,3,3,1,2,0
DeepSeek V4.1 Flash,6718577ca88093a75026b186,1,3,1,0,0
DeepSeek V4.1 Flash,671ad5ceed3d54e87368bc68,3,3,1,0,0
DeepSeek V4.1 Flash,671be3853529bee9e3097b92,2,3,1,0,0
DeepSeek V4.1 Flash,671c6d6392388142386728ee,2,3,1,1,0
DeepSeek V4.1 Flash,671dd6cd91a438f6811f5108,1,3,1,1,0
DeepSeek V4.1 Flash,671f1f88e6600c2d52d9fbe6,2,3,1,0,0
DeepSeek V4.1 Flash,671f23ab12f081da543ed684,1,3,1,0,0
DeepSeek V4.1 Flash,671f39dcd579cf064f22d3c1,3,3,1,2,0
DeepSeek V4.1 Flash,671f40348b7ca154256661c6,3,3,1,2,2
DeepSeek V4.1 Flash,671f73993e82c6b6151dbba7,1,3,1,0,0
DeepSeek V4.1 Flash,671fc9d46c5d3903234cd391,1,3,1,0,0
DeepSeek V4.1 Flash,671ff7a24140ffc71dfae4af,3,3,1,1,0
DeepSeek V4.1 Flash,67202822dbc5086c0bdd4e1c,1,3,1,0,0
DeepSeek V4.1 Flash,6720450234e68233152e2cf8,1,3,1,2,0
DeepSeek V4.1 Flash,67209100563d776c82113dba,2,3,1,0,0
DeepSeek V4.1 Flash,672179e4c8cc0ac89395e8d0,1,3,1,0,0
DeepSeek V4.1 Flash,672182f55e4a5b8416a1ccbe,1,3,1,2,2
DeepSeek V4.1 Flash,6721c8e11b5a8e4cb0e9079b,1,3,1,1,0
DeepSeek V4.1 Flash,6723ec50479384d8942cca75,3,3,1,0,0
DeepSeek V4.1 Flash,672416e85247738dfbb432fa,3,3,1,2,0
DeepSeek V4.1 Flash,6724955b1dc5c59953c463ec,3,3,1,2,0
DeepSeek V4.1 Flash,6724ff0dea5926938a631b9e,2,3,1,1,0
DeepSeek V4.1 Flash,67252eb05d09683709d8a5f8,1,3,1,0,0
DeepSeek V4.1 Flash,6725703471b3b52354976be1,3,3,1,0,0
DeepSeek V4.1 Flash,67257fe9be53ed439b973ff9,3,3,1,0,0
DeepSeek V4.1 Flash,6725adefc6537022833a1e04,3,3,1,2,2
DeepSeek V4.1 Flash,6725c3719aac82ce9cf99f23,2,3,1,1,0
DeepSeek V4.1 Flash,672626078a65c5d33e24d92c,3,3,1,2,0
DeepSeek V4.1 Flash,67264a55cae736a4a682949a,2,3,1,2,0
DeepSeek V4.1 Flash,6726941826b7fc6a39fbe581,2,3,1,1,0
DeepSeek V4.1 Flash,672a5d27385accabb646acfe,1,3,1,0,0
DeepSeek V4.1 Flash,672b304eddf99de9738de25d,3,3,1,2,0
DeepSeek V4.1 Flash,672bca9fab085c84b90e223d,1,3,1,1,1
DeepSeek V4.1 Flash,672c6aab9d218ddb7c620149,2,3,1,2,0
DeepSeek V4.1 Flash,672e6e4a85ed85778c0fb28e,3,3,1,2,0
DeepSeek V4.1 Flash,672ff71e724ca22f42c0ff85,1,3,1,0,0
DeepSeek V4.1 Flash,67315c7e7fcf9ea998467bd6,3,3,1,2,0
DeepSeek V4.1 Flash,6732761c77e9a02e661946ac,2,3,1,0,0
DeepSeek V4.1 Flash,67335820c7d8c66591e6dfc7,3,3,1,2,0
DeepSeek V4.1 Flash,6734346cf3950859f67019af,2,3,1,1,0
DeepSeek V4.1 Flash,67368bceaea0de6b58ec346a,1,3,1,2,2
DeepSeek V4.1 Flash,6736edefe41312420acd05a0,2,3,1,1,1
DeepSeek V4.1 Flash,6737697dedff89681fe75582,2,3,1,0,0
DeepSeek V4.1 Flash,67399d0163641fb0bc110db9,1,3,1,0,0
DeepSeek V4.1 Flash,6739fe23f1f7144f9a3c9715,3,3,1,2,0
DeepSeek V4.1 Flash,673a9c6a414ad0600dc781a2,3,3,1,1,1
DeepSeek V4.1 Flash,67414401f5fbbfac5c273a0d,3,3,1,1,1
DeepSeek V4.1 Flash,67631f198b502023c4567380,3,3,1,2,0
DeepSeek V4.1 Flash,6767969869b88c321c96665a,1,3,1,0,0
DeepSeek V4.1 Flash,6770832c6b74a5103a07f031,3,3,1,1,0
DeepSeek V4.1 Flash,6777764d6b3f27cf12b17555,3,3,1,2,0
DeepSeek V4.1 Flash,678ae26a0b0bc44cadbb173f,1,3,1,0,0
DeepSeek V4.1 Flash,678fbf931413486f7dc2a7f1,2,3,1,0,0
DeepSeek V4.1 Flash,67cb7986f45c0cc9422617ec,1,3,1,0,0
DeepSeek V4.1 Flash,66e88728ba7d8bc0d5806f3a,2,4,0,2,0
DeepSeek V4.1 Flash,66e946fbb78e263c565b17e3,3,4,0,3,0
DeepSeek V4.1 Flash,66e991ec2dad0e536fb92ece,3,4,0,4,0
DeepSeek V4.1 Flash,66e9b92578e89514d9ab6093,2,4,0,2,0
DeepSeek V4.1 Flash,66ea12bd86227f91af18b88b,2,4,0,1,0
DeepSeek V4.1 Flash,66eae4e351a34eec5d943952,2,4,0,2,0
DeepSeek V4.1 Flash,66eaf456afe364e4f477b78f,1,4,0,2,2
DeepSeek V4.1 Flash,66ec0ed8b0ae7f67e365a163,2,4,0,0,0
DeepSeek V4.1 Flash,66ecfd03e7478ca5fcbb7495,2,4,0,3,3
DeepSeek V4.1 Flash,66ed28dfde312a049a78b3ba,2,4,0,2,1
DeepSeek V4.1 Flash,66ed5f1e85adbeda9f978022,1,4,0,2,0
DeepSeek V4.1 Flash,66edc60801af2a724035ad4b,1,4,0,2,0
DeepSeek V4.1 Flash,66edd3dc1ee489494038d9eb,2,4,0,1,0
DeepSeek V4.1 Flash,66ef5b2ee2bec3c64e8e4415,3,4,0,3,0
DeepSeek V4.1 Flash,66f0f4efd23ed0ac5f43b25f,1,4,0,1,0
DeepSeek V4.1 Flash,66f27d65a40482f6012a4006,2,4,0,1,1
DeepSeek V4.1 Flash,66f3117acff7b10052fe1e3d,3,4,0,2,0
DeepSeek V4.1 Flash,66f47471bba0ce38e1ca559f,2,4,0,3,0
DeepSeek V4.1 Flash,66f83aed0d92e99048a4ae9d,1,4,0,2,2
DeepSeek V4.1 Flash,66faccfb44cb2f3b0e1be0ff,2,4,0,2,2
DeepSeek V4.1 Flash,66fc2689b72463921f6c40e8,1,4,0,1,0
DeepSeek V4.1 Flash,66fc8f1b8a73f859d8fa1608,1,4,0,1,1
DeepSeek V4.1 Flash,66fcc286eab6d512704d96af,1,4,0,0,0
DeepSeek V4.1 Flash,66fda7a057cea4445778e88a,1,4,0,3,3
DeepSeek V4.1 Flash,66fe796bc12cbe6aeaa26e69,1,4,0,1,0
DeepSeek V4.1 Flash,67008f17fc2c0a4040f1d352,1,4,0,0,0
DeepSeek V4.1 Flash,67015d62777a275ca50eb18b,3,4,0,4,0
DeepSeek V4.1 Flash,6701de16d9e4cd1aa812414b,1,4,0,0,0
DeepSeek V4.1 Flash,6704409592a84f23e5b73e95,1,4,0,0,0
DeepSeek V4.1 Flash,6706295df10a8c2ca9a9c288,1,4,0,0,0
DeepSeek V4.1 Flash,67095af56022f900e8e76028,1,4,0,1,1
DeepSeek V4.1 Flash,670c775842b25f65425c86c2,1,4,0,1,0
DeepSeek V4.1 Flash,670d5ce6d57c80b4d4090cb4,1,4,0,2,0
DeepSeek V4.1 Flash,670d933ad54037c51abbe3ca,2,4,0,1,1
DeepSeek V4.1 Flash,670f41ad793c2cc1e973ff70,1,4,0,0,0
DeepSeek V4.1 Flash,6715beb7b3287d3dd4db03e6,2,4,0,3,0
DeepSeek V4.1 Flash,67162253433b031688b08f47,2,4,0,1,0
DeepSeek V4.1 Flash,6716260eae3149088ed859b9,2,4,0,4,0
DeepSeek V4.1 Flash,671683479e5d26a2905120dc,2,4,0,2,0
DeepSeek V4.1 Flash,6716fafe2a8d9330a7f89ee5,1,4,0,3,0
DeepSeek V4.1 Flash,6718487afba38eebcbc8034b,3,4,0,2,0
DeepSeek V4.1 Flash,6718577ca88093a75026b186,1,4,0,2,2
DeepSeek V4.1 Flash,671ad5ceed3d54e87368bc68,3,4,0,2,0
DeepSeek V4.1 Flash,671be3853529bee9e3097b92,2,4,0,2,2
DeepSeek V4.1 Flash,671c6d6392388142386728ee,2,4,0,0,0
DeepSeek V4.1 Flash,671dd6cd91a438f6811f5108,1,4,0,1,0
DeepSeek V4.1 Flash,671f1f88e6600c2d52d9fbe6,2,4,0,1,0
DeepSeek V4.1 Flash,671f23ab12f081da543ed684,1,4,0,1,1
DeepSeek V4.1 Flash,671f39dcd579cf064f22d3c1,3,4,0,3,0
DeepSeek V4.1 Flash,671f40348b7ca154256661c6,3,4,0,3,0
DeepSeek V4.1 Flash,671f73993e82c6b6151dbba7,1,4,0,0,0
DeepSeek V4.1 Flash,671fc9d46c5d3903234cd391,1,4,0,1,0
DeepSeek V4.1 Flash,671ff7a24140ffc71dfae4af,3,4,0,1,0
DeepSeek V4.1 Flash,67202822dbc5086c0bdd4e1c,1,4,0,1,1
DeepSeek V4.1 Flash,6720450234e68233152e2cf8,1,4,0,1,0
DeepSeek V4.1 Flash,67209100563d776c82113dba,2,4,0,1,1
DeepSeek V4.1 Flash,672179e4c8cc0ac89395e8d0,1,4,0,1,1
DeepSeek V4.1 Flash,672182f55e4a5b8416a1ccbe,1,4,0,1,1
DeepSeek V4.1 Flash,6721c8e11b5a8e4cb0e9079b,1,4,0,2,0
DeepSeek V4.1 Flash,6723ec50479384d8942cca75,3,4,0,2,0
DeepSeek V4.1 Flash,672416e85247738dfbb432fa,3,4,0,4,0
DeepSeek V4.1 Flash,6724955b1dc5c59953c463ec,3,4,0,2,0
DeepSeek V4.1 Flash,6724ff0dea5926938a631b9e,2,4,0,3,1
DeepSeek V4.1 Flash,67252eb05d09683709d8a5f8,1,4,0,1,0
DeepSeek V4.1 Flash,6725703471b3b52354976be1,3,4,0,2,1
DeepSeek V4.1 Flash,67257fe9be53ed439b973ff9,3,4,0,1,1
DeepSeek V4.1 Flash,6725adefc6537022833a1e04,3,4,0,2,1
DeepSeek V4.1 Flash,6725c3719aac82ce9cf99f23,2,4,0,0,0
DeepSeek V4.1 Flash,672626078a65c5d33e24d92c,3,4,0,4,0
DeepSeek V4.1 Flash,67264a55cae736a4a682949a,2,4,0,3,0
DeepSeek V4.1 Flash,6726941826b7fc6a39fbe581,2,4,0,3,0
DeepSeek V4.1 Flash,672a5d27385accabb646acfe,1,4,0,1,0
DeepSeek V4.1 Flash,672b304eddf99de9738de25d,3,4,0,2,0
DeepSeek V4.1 Flash,672bca9fab085c84b90e223d,1,4,0,1,1
DeepSeek V4.1 Flash,672c6aab9d218ddb7c620149,2,4,0,2,0
DeepSeek V4.1 Flash,672e6e4a85ed85778c0fb28e,3,4,0,2,2
DeepSeek V4.1 Flash,672ff71e724ca22f42c0ff85,1,4,0,2,0
DeepSeek V4.1 Flash,67315c7e7fcf9ea998467bd6,3,4,0,3,0
DeepSeek V4.1 Flash,6732761c77e9a02e661946ac,2,4,0,0,0
DeepSeek V4.1 Flash,67335820c7d8c66591e6dfc7,3,4,0,4,0
DeepSeek V4.1 Flash,6734346cf3950859f67019af,2,4,0,3,0
DeepSeek V4.1 Flash,67368bceaea0de6b58ec346a,1,4,0,2,0
DeepSeek V4.1 Flash,6736edefe41312420acd05a0,2,4,0,1,1
DeepSeek V4.1 Flash,6737697dedff89681fe75582,2,4,0,0,0
DeepSeek V4.1 Flash,67399d0163641fb0bc110db9,1,4,0,0,0
DeepSeek V4.1 Flash,6739fe23f1f7144f9a3c9715,3,4,0,2,0
DeepSeek V4.1 Flash,673a9c6a414ad0600dc781a2,3,4,0,2,2
DeepSeek V4.1 Flash,67414401f5fbbfac5c273a0d,3,4,0,1,1
DeepSeek V4.1 Flash,67631f198b502023c4567380,3,4,0,4,0
DeepSeek V4.1 Flash,6767969869b88c321c96665a,1,4,0,0,0
DeepSeek V4.1 Flash,6770832c6b74a5103a07f031,3,4,0,4,1
DeepSeek V4.1 Flash,6777764d6b3f27cf12b17555,3,4,0,1,0
DeepSeek V4.1 Flash,678ae26a0b0bc44cadbb173f,1,4,0,1,0
DeepSeek V4.1 Flash,678fbf931413486f7dc2a7f1,2,4,0,1,0
DeepSeek V4.1 Flash,67cb7986f45c0cc9422617ec,1,4,0,1,1
DeepSeek V4.1 Flash,66e88728ba7d8bc0d5806f3a,2,6,2,3,0
DeepSeek V4.1 Flash,66e946fbb78e263c565b17e3,3,6,2,3,0
DeepSeek V4.1 Flash,66e991ec2dad0e536fb92ece,3,6,2,4,0
DeepSeek V4.1 Flash,66e9b92578e89514d9ab6093,2,6,2,4,0
DeepSeek V4.1 Flash,66ea12bd86227f91af18b88b,2,6,2,3,3
DeepSeek V4.1 Flash,66eae4e351a34eec5d943952,2,6,2,0,0
DeepSeek V4.1 Flash,66eaf456afe364e4f477b78f,1,6,2,2,2
DeepSeek V4.1 Flash,66ec0ed8b0ae7f67e365a163,2,6,2,0,0
DeepSeek V4.1 Flash,66ecfd03e7478ca5fcbb7495,2,6,2,3,3
DeepSeek V4.1 Flash,66ed28dfde312a049a78b3ba,2,6,2,3,0
DeepSeek V4.1 Flash,66ed5f1e85adbeda9f978022,1,6,2,0,0
DeepSeek V4.1 Flash,66edc60801af2a724035ad4b,1,6,2,1,1
DeepSeek V4.1 Flash,66edd3dc1ee489494038d9eb,2,6,2,0,0
DeepSeek V4.1 Flash,66ef5b2ee2bec3c64e8e4415,3,6,2,3,2
DeepSeek V4.1 Flash,66f0f4efd23ed0ac5f43b25f,1,6,2,1,0
DeepSeek V4.1 Flash,66f27d65a40482f6012a4006,2,6,2,2,2
DeepSeek V4.1 Flash,66f3117acff7b10052fe1e3d,3,6,2,4,0
DeepSeek V4.1 Flash,66f47471bba0ce38e1ca559f,2,6,2,3,0
DeepSeek V4.1 Flash,66f83aed0d92e99048a4ae9d,1,6,2,0,0
DeepSeek V4.1 Flash,66faccfb44cb2f3b0e1be0ff,2,6,2,1,1
DeepSeek V4.1 Flash,66fc2689b72463921f6c40e8,1,6,2,4,4
DeepSeek V4.1 Flash,66fc8f1b8a73f859d8fa1608,1,6,2,4,0
DeepSeek V4.1 Flash,66fcc286eab6d512704d96af,1,6,2,0,0
DeepSeek V4.1 Flash,66fda7a057cea4445778e88a,1,6,2,0,0
DeepSeek V4.1 Flash,66fe796bc12cbe6aeaa26e69,1,6,2,2,0
DeepSeek V4.1 Flash,67008f17fc2c0a4040f1d352,1,6,2,0,0
DeepSeek V4.1 Flash,67015d62777a275ca50eb18b,3,6,2,3,0
DeepSeek V4.1 Flash,6701de16d9e4cd1aa812414b,1,6,2,1,1
DeepSeek V4.1 Flash,6704409592a84f23e5b73e95,1,6,2,0,0
DeepSeek V4.1 Flash,6706295df10a8c2ca9a9c288,1,6,2,0,0
DeepSeek V4.1 Flash,67095af56022f900e8e76028,1,6,2,1,1
DeepSeek V4.1 Flash,670c775842b25f65425c86c2,1,6,2,0,0
DeepSeek V4.1 Flash,670d5ce6d57c80b4d4090cb4,1,6,2,1,0
DeepSeek V4.1 Flash,670d933ad54037c51abbe3ca,2,6,2,0,0
DeepSeek V4.1 Flash,670f41ad793c2cc1e973ff70,1,6,2,0,0
DeepSeek V4.1 Flash,6715beb7b3287d3dd4db03e6,2,6,2,4,0
DeepSeek V4.1 Flash,67162253433b031688b08f47,2,6,2,2,0
DeepSeek V4.1 Flash,6716260eae3149088ed859b9,2,6,2,3,0
DeepSeek V4.1 Flash,671683479e5d26a2905120dc,2,6,2,0,0
DeepSeek V4.1 Flash,6716fafe2a8d9330a7f89ee5,1,6,2,2,0
DeepSeek V4.1 Flash,6718487afba38eebcbc8034b,3,6,2,2,2
DeepSeek V4.1 Flash,6718577ca88093a75026b186,1,6,2,2,2
DeepSeek V4.1 Flash,671ad5ceed3d54e87368bc68,3,6,2,0,0
DeepSeek V4.1 Flash,671be3853529bee9e3097b92,2,6,2,0,0
DeepSeek V4.1 Flash,671c6d6392388142386728ee,2,6,2,0,0
DeepSeek V4.1 Flash,671dd6cd91a438f6811f5108,1,6,2,1,0
DeepSeek V4.1 Flash,671f1f88e6600c2d52d9fbe6,2,6,2,3,0
DeepSeek V4.1 Flash,671f23ab12f081da543ed684,1,6,2,0,0
DeepSeek V4.1 Flash,671f39dcd579cf064f22d3c1,3,6,2,4,0
DeepSeek V4.1 Flash,671f40348b7ca154256661c6,3,6,2,4,0
DeepSeek V4.1 Flash,671f73993e82c6b6151dbba7,1,6,2,1,0
DeepSeek V4.1 Flash,671fc9d46c5d3903234cd391,1,6,2,3,0
DeepSeek V4.1 Flash,671ff7a24140ffc71dfae4af,3,6,2,2,0
DeepSeek V4.1 Flash,67202822dbc5086c0bdd4e1c,1,6,2,1,1
DeepSeek V4.1 Flash,6720450234e68233152e2cf8,1,6,2,2,0
DeepSeek V4.1 Flash,67209100563d776c82113dba,2,6,2,3,1
DeepSeek V4.1 Flash,672179e4c8cc0ac89395e8d0,1,6,2,0,0
DeepSeek V4.1 Flash,672182f55e4a5b8416a1ccbe,1,6,2,1,1
DeepSeek V4.1 Flash,6721c8e11b5a8e4cb0e9079b,1,6,2,3,1
DeepSeek V4.1 Flash,6723ec50479384d8942cca75,3,6,2,1,1
DeepSeek V4.1 Flash,672416e85247738dfbb432fa,3,6,2,4,0
DeepSeek V4.1 Flash,6724955b1dc5c59953c463ec,3,6,2,4,0
DeepSeek V4.1 Flash,6724ff0dea5926938a631b9e,2,6,2,2,0
DeepSeek V4.1 Flash,67252eb05d09683709d8a5f8,1,6,2,0,0
DeepSeek V4.1 Flash,6725703471b3b52354976be1,3,6,2,4,0
DeepSeek V4.1 Flash,67257fe9be53ed439b973ff9,3,6,2,2,2
DeepSeek V4.1 Flash,6725adefc6537022833a1e04,3,6,2,2,2
DeepSeek V4.1 Flash,6725c3719aac82ce9cf99f23,2,6,2,1,1
DeepSeek V4.1 Flash,672626078a65c5d33e24d92c,3,6,2,4,0
DeepSeek V4.1 Flash,67264a55cae736a4a682949a,2,6,2,2,0
DeepSeek V4.1 Flash,6726941826b7fc6a39fbe581,2,6,2,3,0
DeepSeek V4.1 Flash,672a5d27385accabb646acfe,1,6,2,0,0
DeepSeek V4.1 Flash,672b304eddf99de9738de25d,3,6,2,1,0
DeepSeek V4.1 Flash,672bca9fab085c84b90e223d,1,6,2,1,1
DeepSeek V4.1 Flash,672c6aab9d218ddb7c620149,2,6,2,3,0
DeepSeek V4.1 Flash,672e6e4a85ed85778c0fb28e,3,6,2,3,3
DeepSeek V4.1 Flash,672ff71e724ca22f42c0ff85,1,6,2,0,0
DeepSeek V4.1 Flash,67315c7e7fcf9ea998467bd6,3,6,2,4,0
DeepSeek V4.1 Flash,6732761c77e9a02e661946ac,2,6,2,0,0
DeepSeek V4.1 Flash,67335820c7d8c66591e6dfc7,3,6,2,4,0
DeepSeek V4.1 Flash,6734346cf3950859f67019af,2,6,2,3,0
DeepSeek V4.1 Flash,67368bceaea0de6b58ec346a,1,6,2,2,2
DeepSeek V4.1 Flash,6736edefe41312420acd05a0,2,6,2,0,0
DeepSeek V4.1 Flash,6737697dedff89681fe75582,2,6,2,1,0
DeepSeek V4.1 Flash,67399d0163641fb0bc110db9,1,6,2,0,0
DeepSeek V4.1 Flash,6739fe23f1f7144f9a3c9715,3,6,2,2,0
DeepSeek V4.1 Flash,673a9c6a414ad0600dc781a2,3,6,2,2,2
DeepSeek V4.1 Flash,67414401f5fbbfac5c273a0d,3,6,2,0,0
DeepSeek V4.1 Flash,67631f198b502023c4567380,3,6,2,4,0
DeepSeek V4.1 Flash,6767969869b88c321c96665a,1,6,2,0,0
DeepSeek V4.1 Flash,6770832c6b74a5103a07f031,3,6,2,4,0
DeepSeek V4.1 Flash,6777764d6b3f27cf12b17555,3,6,2,2,0
DeepSeek V4.1 Flash,678ae26a0b0bc44cadbb173f,1,6,2,0,0
DeepSeek V4.1 Flash,678fbf931413486f7dc2a7f1,2,6,2,2,0
DeepSeek V4.1 Flash,67cb7986f45c0cc9422617ec,1,6,2,2,2
DeepSeek V4.1 Flash,66e88728ba7d8bc0d5806f3a,2,7,3,2,0
DeepSeek V4.1 Flash,66e946fbb78e263c565b17e3,3,7,3,2,2
DeepSeek V4.1 Flash,66e991ec2dad0e536fb92ece,3,7,3,3,3
DeepSeek V4.1 Flash,66e9b92578e89514d9ab6093,2,7,3,4,0
DeepSeek V4.1 Flash,66ea12bd86227f91af18b88b,2,7,3,1,1
DeepSeek V4.1 Flash,66eae4e351a34eec5d943952,2,7,3,1,1
DeepSeek V4.1 Flash,66eaf456afe364e4f477b78f,1,7,3,3,0
DeepSeek V4.1 Flash,66ec0ed8b0ae7f67e365a163,2,7,3,0,0
DeepSeek V4.1 Flash,66ecfd03e7478ca5fcbb7495,2,7,3,2,2
DeepSeek V4.1 Flash,66ed28dfde312a049a78b3ba,2,7,3,2,0
DeepSeek V4.1 Flash,66ed5f1e85adbeda9f978022,1,7,3,0,0
DeepSeek V4.1 Flash,66edc60801af2a724035ad4b,1,7,3,1,1
DeepSeek V4.1 Flash,66edd3dc1ee489494038d9eb,2,7,3,3,0
DeepSeek V4.1 Flash,66ef5b2ee2bec3c64e8e4415,3,7,3,2,2
DeepSeek V4.1 Flash,66f0f4efd23ed0ac5f43b25f,1,7,3,0,0
DeepSeek V4.1 Flash,66f27d65a40482f6012a4006,2,7,3,1,1
DeepSeek V4.1 Flash,66f3117acff7b10052fe1e3d,3,7,3,4,0
DeepSeek V4.1 Flash,66f47471bba0ce38e1ca559f,2,7,3,2,0
DeepSeek V4.1 Flash,66f83aed0d92e99048a4ae9d,1,7,3,1,1
DeepSeek V4.1 Flash,66faccfb44cb2f3b0e1be0ff,2,7,3,2,1
DeepSeek V4.1 Flash,66fc2689b72463921f6c40e8,1,7,3,3,0
DeepSeek V4.1 Flash,66fc8f1b8a73f859d8fa1608,1,7,3,4,3
DeepSeek V4.1 Flash,66fcc286eab6d512704d96af,1,7,3,0,0
DeepSeek V4.1 Flash,66fda7a057cea4445778e88a,1,7,3,0,0
DeepSeek V4.1 Flash,66fe796bc12cbe6aeaa26e69,1,7,3,0,0
DeepSeek V4.1 Flash,67008f17fc2c0a4040f1d352,1,7,3,0,0
DeepSeek V4.1 Flash,67015d62777a275ca50eb18b,3,7,3,3,0
DeepSeek V4.1 Flash,6701de16d9e4cd1aa812414b,1,7,3,0,0
DeepSeek V4.1 Flash,6704409592a84f23e5b73e95,1,7,3,0,0
DeepSeek V4.1 Flash,6706295df10a8c2ca9a9c288,1,7,3,0,0
DeepSeek V4.1 Flash,67095af56022f900e8e76028,1,7,3,1,1
DeepSeek V4.1 Flash,670c775842b25f65425c86c2,1,7,3,0,0
DeepSeek V4.1 Flash,670d5ce6d57c80b4d4090cb4,1,7,3,3,0
DeepSeek V4.1 Flash,670d933ad54037c51abbe3ca,2,7,3,0,0
DeepSeek V4.1 Flash,670f41ad793c2cc1e973ff70,1,7,3,0,0
DeepSeek V4.1 Flash,6715beb7b3287d3dd4db03e6,2,7,3,2,0
DeepSeek V4.1 Flash,67162253433b031688b08f47,2,7,3,2,0
DeepSeek V4.1 Flash,6716260eae3149088ed859b9,2,7,3,1,0
DeepSeek V4.1 Flash,671683479e5d26a2905120dc,2,7,3,1,1
DeepSeek V4.1 Flash,6716fafe2a8d9330a7f89ee5,1,7,3,3,0
DeepSeek V4.1 Flash,6718487afba38eebcbc8034b,3,7,3,3,3
DeepSeek V4.1 Flash,6718577ca88093a75026b186,1,7,3,1,1
DeepSeek V4.1 Flash,671ad5ceed3d54e87368bc68,3,7,3,1,0
DeepSeek V4.1 Flash,671be3853529bee9e3097b92,2,7,3,1,1
DeepSeek V4.1 Flash,671c6d6392388142386728ee,2,7,3,2,2
DeepSeek V4.1 Flash,671dd6cd91a438f6811f5108,1,7,3,0,0
DeepSeek V4.1 Flash,671f1f88e6600c2d52d9fbe6,2,7,3,1,0
DeepSeek V4.1 Flash,671f23ab12f081da543ed684,1,7,3,0,0
DeepSeek V4.1 Flash,671f39dcd579cf064f22d3c1,3,7,3,4,0
DeepSeek V4.1 Flash,671f40348b7ca154256661c6,3,7,3,4,1
DeepSeek V4.1 Flash,671f73993e82c6b6151dbba7,1,7,3,1,0
DeepSeek V4.1 Flash,671fc9d46c5d3903234cd391,1,7,3,2,0
DeepSeek V4.1 Flash,671ff7a24140ffc71dfae4af,3,7,3,3,0
DeepSeek V4.1 Flash,67202822dbc5086c0bdd4e1c,1,7,3,0,0
DeepSeek V4.1 Flash,6720450234e68233152e2cf8,1,7,3,2,1
DeepSeek V4.1 Flash,67209100563d776c82113dba,2,7,3,1,0
DeepSeek V4.1 Flash,672179e4c8cc0ac89395e8d0,1,7,3,0,0
DeepSeek V4.1 Flash,672182f55e4a5b8416a1ccbe,1,7,3,3,0
DeepSeek V4.1 Flash,6721c8e11b5a8e4cb0e9079b,1,7,3,2,0
DeepSeek V4.1 Flash,6723ec50479384d8942cca75,3,7,3,2,0
DeepSeek V4.1 Flash,672416e85247738dfbb432fa,3,7,3,4,0
DeepSeek V4.1 Flash,6724955b1dc5c59953c463ec,3,7,3,4,0
DeepSeek V4.1 Flash,6724ff0dea5926938a631b9e,2,7,3,1,1
DeepSeek V4.1 Flash,67252eb05d09683709d8a5f8,1,7,3,1,0
DeepSeek V4.1 Flash,6725703471b3b52354976be1,3,7,3,2,0
DeepSeek V4.1 Flash,67257fe9be53ed439b973ff9,3,7,3,2,2
DeepSeek V4.1 Flash,6725adefc6537022833a1e04,3,7,3,3,0
DeepSeek V4.1 Flash,6725c3719aac82ce9cf99f23,2,7,3,2,2
DeepSeek V4.1 Flash,672626078a65c5d33e24d92c,3,7,3,4,0
DeepSeek V4.1 Flash,67264a55cae736a4a682949a,2,7,3,1,0
DeepSeek V4.1 Flash,6726941826b7fc6a39fbe581,2,7,3,1,1
DeepSeek V4.1 Flash,672a5d27385accabb646acfe,1,7,3,0,0
DeepSeek V4.1 Flash,672b304eddf99de9738de25d,3,7,3,2,0
DeepSeek V4.1 Flash,672bca9fab085c84b90e223d,1,7,3,2,2
DeepSeek V4.1 Flash,672c6aab9d218ddb7c620149,2,7,3,2,0
DeepSeek V4.1 Flash,672e6e4a85ed85778c0fb28e,3,7,3,0,0
DeepSeek V4.1 Flash,672ff71e724ca22f42c0ff85,1,7,3,0,0
DeepSeek V4.1 Flash,67315c7e7fcf9ea998467bd6,3,7,3,2,0
DeepSeek V4.1 Flash,6732761c77e9a02e661946ac,2,7,3,0,0
DeepSeek V4.1 Flash,67335820c7d8c66591e6dfc7,3,7,3,4,1
DeepSeek V4.1 Flash,6734346cf3950859f67019af,2,7,3,4,0
DeepSeek V4.1 Flash,67368bceaea0de6b58ec346a,1,7,3,0,0
DeepSeek V4.1 Flash,6736edefe41312420acd05a0,2,7,3,1,1
DeepSeek V4.1 Flash,6737697dedff89681fe75582,2,7,3,0,0
DeepSeek V4.1 Flash,67399d0163641fb0bc110db9,1,7,3,1,0
DeepSeek V4.1 Flash,6739fe23f1f7144f9a3c9715,3,7,3,4,0
DeepSeek V4.1 Flash,673a9c6a414ad0600dc781a2,3,7,3,1,1
DeepSeek V4.1 Flash,67414401f5fbbfac5c273a0d,3,7,3,2,0
DeepSeek V4.1 Flash,67631f198b502023c4567380,3,7,3,3,0
DeepSeek V4.1 Flash,6767969869b88c321c96665a,1,7,3,0,0
DeepSeek V4.1 Flash,6770832c6b74a5103a07f031,3,7,3,4,0
DeepSeek V4.1 Flash,6777764d6b3f27cf12b17555,3,7,3,2,0
DeepSeek V4.1 Flash,678ae26a0b0bc44cadbb173f,1,7,3,1,1
DeepSeek V4.1 Flash,678fbf931413486f7dc2a7f1,2,7,3,3,0
DeepSeek V4.1 Flash,67cb7986f45c0cc9422617ec,1,7,3,1,1
DeepSeek V4.1 Flash,66e88728ba7d8bc0d5806f3a,2,8,0,2,0
DeepSeek V4.1 Flash,66e946fbb78e263c565b17e3,3,8,0,5,0
DeepSeek V4.1 Flash,66e991ec2dad0e536fb92ece,3,8,0,5,5
DeepSeek V4.1 Flash,66e9b92578e89514d9ab6093,2,8,0,6,2
DeepSeek V4.1 Flash,66ea12bd86227f91af18b88b,2,8,0,3,0
DeepSeek V4.1 Flash,66eae4e351a34eec5d943952,2,8,0,4,0
DeepSeek V4.1 Flash,66eaf456afe364e4f477b78f,1,8,0,3,3
DeepSeek V4.1 Flash,66ec0ed8b0ae7f67e365a163,2,8,0,0,0
DeepSeek V4.1 Flash,66ecfd03e7478ca5fcbb7495,2,8,0,5,5
DeepSeek V4.1 Flash,66ed28dfde312a049a78b3ba,2,8,0,2,0
DeepSeek V4.1 Flash,66ed5f1e85adbeda9f978022,1,8,0,4,4
DeepSeek V4.1 Flash,66edc60801af2a724035ad4b,1,8,0,1,1
DeepSeek V4.1 Flash,66edd3dc1ee489494038d9eb,2,8,0,3,0
DeepSeek V4.1 Flash,66ef5b2ee2bec3c64e8e4415,3,8,0,6,0
DeepSeek V4.1 Flash,66f0f4efd23ed0ac5f43b25f,1,8,0,1,0
DeepSeek V4.1 Flash,66f27d65a40482f6012a4006,2,8,0,3,3
DeepSeek V4.1 Flash,66f3117acff7b10052fe1e3d,3,8,0,8,0
DeepSeek V4.1 Flash,66f47471bba0ce38e1ca559f,2,8,0,6,0
DeepSeek V4.1 Flash,66f83aed0d92e99048a4ae9d,1,8,0,3,3
DeepSeek V4.1 Flash,66faccfb44cb2f3b0e1be0ff,2,8,0,3,0
DeepSeek V4.1 Flash,66fc2689b72463921f6c40e8,1,8,0,3,0
DeepSeek V4.1 Flash,66fc8f1b8a73f859d8fa1608,1,8,0,2,2
DeepSeek V4.1 Flash,66fcc286eab6d512704d96af,1,8,0,0,0
DeepSeek V4.1 Flash,66fda7a057cea4445778e88a,1,8,0,0,0
DeepSeek V4.1 Flash,66fe796bc12cbe6aeaa26e69,1,8,0,0,0
DeepSeek V4.1 Flash,67008f17fc2c0a4040f1d352,1,8,0,1,1
DeepSeek V4.1 Flash,67015d62777a275ca50eb18b,3,8,0,4,0
DeepSeek V4.1 Flash,6701de16d9e4cd1aa812414b,1,8,0,1,1
DeepSeek V4.1 Flash,6704409592a84f23e5b73e95,1,8,0,0,0
DeepSeek V4.1 Flash,6706295df10a8c2ca9a9c288,1,8,0,3,3
DeepSeek V4.1 Flash,67095af56022f900e8e76028,1,8,0,1,1
DeepSeek V4.1 Flash,670c775842b25f65425c86c2,1,8,0,3,3
DeepSeek V4.1 Flash,670d5ce6d57c80b4d4090cb4,1,8,0,4,0
DeepSeek V4.1 Flash,670d933ad54037c51abbe3ca,2,8,0,2,1
DeepSeek V4.1 Flash,670f41ad793c2cc1e973ff70,1,8,0,0,0
DeepSeek V4.1 Flash,6715beb7b3287d3dd4db03e6,2,8,0,7,0
DeepSeek V4.1 Flash,67162253433b031688b08f47,2,8,0,5,0
DeepSeek V4.1 Flash,6716260eae3149088ed859b9,2,8,0,6,0
DeepSeek V4.1 Flash,671683479e5d26a2905120dc,2,8,0,0,0
DeepSeek V4.1 Flash,6716fafe2a8d9330a7f89ee5,1,8,0,2,0
DeepSeek V4.1 Flash,6718487afba38eebcbc8034b,3,8,0,5,2
DeepSeek V4.1 Flash,6718577ca88093a75026b186,1,8,0,2,0
DeepSeek V4.1 Flash,671ad5ceed3d54e87368bc68,3,8,0,3,0
DeepSeek V4.1 Flash,671be3853529bee9e3097b92,2,8,0,0,0
DeepSeek V4.1 Flash,671c6d6392388142386728ee,2,8,0,4,2
DeepSeek V4.1 Flash,671dd6cd91a438f6811f5108,1,8,0,0,0
DeepSeek V4.1 Flash,671f1f88e6600c2d52d9fbe6,2,8,0,2,0
DeepSeek V4.1 Flash,671f23ab12f081da543ed684,1,8,0,2,2
DeepSeek V4.1 Flash,671f39dcd579cf064f22d3c1,3,8,0,4,3
DeepSeek V4.1 Flash,671f40348b7ca154256661c6,3,8,0,8,0
DeepSeek V4.1 Flash,671f73993e82c6b6151dbba7,1,8,0,3,0
DeepSeek V4.1 Flash,671fc9d46c5d3903234cd391,1,8,0,1,0
DeepSeek V4.1 Flash,671ff7a24140ffc71dfae4af,3,8,0,2,0
DeepSeek V4.1 Flash,67202822dbc5086c0bdd4e1c,1,8,0,2,2
DeepSeek V4.1 Flash,6720450234e68233152e2cf8,1,8,0,2,0
DeepSeek V4.1 Flash,67209100563d776c82113dba,2,8,0,1,1
DeepSeek V4.1 Flash,672179e4c8cc0ac89395e8d0,1,8,0,2,2
DeepSeek V4.1 Flash,672182f55e4a5b8416a1ccbe,1,8,0,5,4
DeepSeek V4.1 Flash,6721c8e11b5a8e4cb0e9079b,1,8,0,3,0
DeepSeek V4.1 Flash,6723ec50479384d8942cca75,3,8,0,5,5
DeepSeek V4.1 Flash,672416e85247738dfbb432fa,3,8,0,8,0
DeepSeek V4.1 Flash,6724955b1dc5c59953c463ec,3,8,0,6,0
DeepSeek V4.1 Flash,6724ff0dea5926938a631b9e,2,8,0,2,1
DeepSeek V4.1 Flash,67252eb05d09683709d8a5f8,1,8,0,5,0
DeepSeek V4.1 Flash,6725703471b3b52354976be1,3,8,0,4,4
DeepSeek V4.1 Flash,67257fe9be53ed439b973ff9,3,8,0,3,3
DeepSeek V4.1 Flash,6725adefc6537022833a1e04,3,8,0,7,7
DeepSeek V4.1 Flash,6725c3719aac82ce9cf99f23,2,8,0,1,1
DeepSeek V4.1 Flash,672626078a65c5d33e24d92c,3,8,0,8,0
DeepSeek V4.1 Flash,67264a55cae736a4a682949a,2,8,0,5,0
DeepSeek V4.1 Flash,6726941826b7fc6a39fbe581,2,8,0,3,0
DeepSeek V4.1 Flash,672a5d27385accabb646acfe,1,8,0,1,1
DeepSeek V4.1 Flash,672b304eddf99de9738de25d,3,8,0,6,0
DeepSeek V4.1 Flash,672bca9fab085c84b90e223d,1,8,0,1,1
DeepSeek V4.1 Flash,672c6aab9d218ddb7c620149,2,8,0,3,0
DeepSeek V4.1 Flash,672e6e4a85ed85778c0fb28e,3,8,0,2,2
DeepSeek V4.1 Flash,672ff71e724ca22f42c0ff85,1,8,0,0,0
DeepSeek V4.1 Flash,67315c7e7fcf9ea998467bd6,3,8,0,7,1
DeepSeek V4.1 Flash,6732761c77e9a02e661946ac,2,8,0,0,0
DeepSeek V4.1 Flash,67335820c7d8c66591e6dfc7,3,8,0,7,0
DeepSeek V4.1 Flash,6734346cf3950859f67019af,2,8,0,7,0
DeepSeek V4.1 Flash,67368bceaea0de6b58ec346a,1,8,0,7,0
DeepSeek V4.1 Flash,6736edefe41312420acd05a0,2,8,0,1,0
DeepSeek V4.1 Flash,6737697dedff89681fe75582,2,8,0,0,0
DeepSeek V4.1 Flash,67399d0163641fb0bc110db9,1,8,0,1,0
DeepSeek V4.1 Flash,6739fe23f1f7144f9a3c9715,3,8,0,6,0
DeepSeek V4.1 Flash,673a9c6a414ad0600dc781a2,3,8,0,3,1
DeepSeek V4.1 Flash,67414401f5fbbfac5c273a0d,3,8,0,3,3
DeepSeek V4.1 Flash,67631f198b502023c4567380,3,8,0,8,0
DeepSeek V4.1 Flash,6767969869b88c321c96665a,1,8,0,1,1
DeepSeek V4.1 Flash,6770832c6b74a5103a07f031,3,8,0,6,0
DeepSeek V4.1 Flash,6777764d6b3f27cf12b17555,3,8,0,5,0
DeepSeek V4.1 Flash,678ae26a0b0bc44cadbb173f,1,8,0,1,0
DeepSeek V4.1 Flash,678fbf931413486f7dc2a7f1,2,8,0,5,0
DeepSeek V4.1 Flash,67cb7986f45c0cc9422617ec,1,8,0,2,0
DeepSeek V4.1 Flash,66e88728ba7d8bc0d5806f3a,2,10,2,3,0
DeepSeek V4.1 Flash,66e946fbb78e263c565b17e3,3,10,2,7,0
DeepSeek V4.1 Flash,66e991ec2dad0e536fb92ece,3,10,2,8,1
DeepSeek V4.1 Flash,66e9b92578e89514d9ab6093,2,10,2,7,0
DeepSeek V4.1 Flash,66ea12bd86227f91af18b88b,2,10,2,2,0
DeepSeek V4.1 Flash,66eae4e351a34eec5d943952,2,10,2,2,0
DeepSeek V4.1 Flash,66eaf456afe364e4f477b78f,1,10,2,4,0
DeepSeek V4.1 Flash,66ec0ed8b0ae7f67e365a163,2,10,2,1,0
DeepSeek V4.1 Flash,66ecfd03e7478ca5fcbb7495,2,10,2,6,6
DeepSeek V4.1 Flash,66ed28dfde312a049a78b3ba,2,10,2,2,0
DeepSeek V4.1 Flash,66ed5f1e85adbeda9f978022,1,10,2,3,1
DeepSeek V4.1 Flash,66edc60801af2a724035ad4b,1,10,2,3,3
DeepSeek V4.1 Flash,66edd3dc1ee489494038d9eb,2,10,2,2,0
DeepSeek V4.1 Flash,66ef5b2ee2bec3c64e8e4415,3,10,2,6,3
DeepSeek V4.1 Flash,66f0f4efd23ed0ac5f43b25f,1,10,2,1,1
DeepSeek V4.1 Flash,66f27d65a40482f6012a4006,2,10,2,2,2
DeepSeek V4.1 Flash,66f3117acff7b10052fe1e3d,3,10,2,6,0
DeepSeek V4.1 Flash,66f47471bba0ce38e1ca559f,2,10,2,7,0
DeepSeek V4.1 Flash,66f83aed0d92e99048a4ae9d,1,10,2,2,2
DeepSeek V4.1 Flash,66faccfb44cb2f3b0e1be0ff,2,10,2,2,0
DeepSeek V4.1 Flash,66fc2689b72463921f6c40e8,1,10,2,6,2
DeepSeek V4.1 Flash,66fc8f1b8a73f859d8fa1608,1,10,2,6,6
DeepSeek V4.1 Flash,66fcc286eab6d512704d96af,1,10,2,1,1
DeepSeek V4.1 Flash,66fda7a057cea4445778e88a,1,10,2,2,2
DeepSeek V4.1 Flash,66fe796bc12cbe6aeaa26e69,1,10,2,3,0
DeepSeek V4.1 Flash,67008f17fc2c0a4040f1d352,1,10,2,2,0
DeepSeek V4.1 Flash,67015d62777a275ca50eb18b,3,10,2,6,0
DeepSeek V4.1 Flash,6701de16d9e4cd1aa812414b,1,10,2,3,1
DeepSeek V4.1 Flash,6704409592a84f23e5b73e95,1,10,2,0,0
DeepSeek V4.1 Flash,6706295df10a8c2ca9a9c288,1,10,2,0,0
DeepSeek V4.1 Flash,67095af56022f900e8e76028,1,10,2,2,2
DeepSeek V4.1 Flash,670c775842b25f65425c86c2,1,10,2,0,0
DeepSeek V4.1 Flash,670d5ce6d57c80b4d4090cb4,1,10,2,7,0
DeepSeek V4.1 Flash,670d933ad54037c51abbe3ca,2,10,2,1,0
DeepSeek V4.1 Flash,670f41ad793c2cc1e973ff70,1,10,2,0,0
DeepSeek V4.1 Flash,6715beb7b3287d3dd4db03e6,2,10,2,7,0
DeepSeek V4.1 Flash,67162253433b031688b08f47,2,10,2,2,0
DeepSeek V4.1 Flash,6716260eae3149088ed859b9,2,10,2,6,0
DeepSeek V4.1 Flash,671683479e5d26a2905120dc,2,10,2,0,0
DeepSeek V4.1 Flash,6716fafe2a8d9330a7f89ee5,1,10,2,3,0
DeepSeek V4.1 Flash,6718487afba38eebcbc8034b,3,10,2,4,1
DeepSeek V4.1 Flash,6718577ca88093a75026b186,1,10,2,4,0
DeepSeek V4.1 Flash,671ad5ceed3d54e87368bc68,3,10,2,2,0
DeepSeek V4.1 Flash,671be3853529bee9e3097b92,2,10,2,1,1
DeepSeek V4.1 Flash,671c6d6392388142386728ee,2,10,2,1,1
DeepSeek V4.1 Flash,671dd6cd91a438f6811f5108,1,10,2,1,1
DeepSeek V4.1 Flash,671f1f88e6600c2d52d9fbe6,2,10,2,3,0
DeepSeek V4.1 Flash,671f23ab12f081da543ed684,1,10,2,1,1
DeepSeek V4.1 Flash,671f39dcd579cf064f22d3c1,3,10,2,8,6
DeepSeek V4.1 Flash,671f40348b7ca154256661c6,3,10,2,8,0
DeepSeek V4.1 Flash,671f73993e82c6b6151dbba7,1,10,2,3,0
DeepSeek V4.1 Flash,671fc9d46c5d3903234cd391,1,10,2,0,0
DeepSeek V4.1 Flash,671ff7a24140ffc71dfae4af,3,10,2,3,0
DeepSeek V4.1 Flash,67202822dbc5086c0bdd4e1c,1,10,2,0,0
DeepSeek V4.1 Flash,6720450234e68233152e2cf8,1,10,2,1,0
DeepSeek V4.1 Flash,67209100563d776c82113dba,2,10,2,1,0
DeepSeek V4.1 Flash,672179e4c8cc0ac89395e8d0,1,10,2,0,0
DeepSeek V4.1 Flash,672182f55e4a5b8416a1ccbe,1,10,2,4,4
DeepSeek V4.1 Flash,6721c8e11b5a8e4cb0e9079b,1,10,2,5,0
DeepSeek V4.1 Flash,6723ec50479384d8942cca75,3,10,2,3,2
DeepSeek V4.1 Flash,672416e85247738dfbb432fa,3,10,2,7,4
DeepSeek V4.1 Flash,6724955b1dc5c59953c463ec,3,10,2,5,1
DeepSeek V4.1 Flash,6724ff0dea5926938a631b9e,2,10,2,1,0
DeepSeek V4.1 Flash,67252eb05d09683709d8a5f8,1,10,2,1,0
DeepSeek V4.1 Flash,6725703471b3b52354976be1,3,10,2,8,0
DeepSeek V4.1 Flash,67257fe9be53ed439b973ff9,3,10,2,3,3
DeepSeek V4.1 Flash,6725adefc6537022833a1e04,3,10,2,5,4
DeepSeek V4.1 Flash,6725c3719aac82ce9cf99f23,2,10,2,4,0
DeepSeek V4.1 Flash,672626078a65c5d33e24d92c,3,10,2,8,0
DeepSeek V4.1 Flash,67264a55cae736a4a682949a,2,10,2,4,1
DeepSeek V4.1 Flash,6726941826b7fc6a39fbe581,2,10,2,6,0
DeepSeek V4.1 Flash,672a5d27385accabb646acfe,1,10,2,1,1
DeepSeek V4.1 Flash,672b304eddf99de9738de25d,3,10,2,6,0
DeepSeek V4.1 Flash,672bca9fab085c84b90e223d,1,10,2,2,2
DeepSeek V4.1 Flash,672c6aab9d218ddb7c620149,2,10,2,1,0
DeepSeek V4.1 Flash,672e6e4a85ed85778c0fb28e,3,10,2,4,4
DeepSeek V4.1 Flash,672ff71e724ca22f42c0ff85,1,10,2,1,1
DeepSeek V4.1 Flash,67315c7e7fcf9ea998467bd6,3,10,2,8,0
DeepSeek V4.1 Flash,6732761c77e9a02e661946ac,2,10,2,2,1
DeepSeek V4.1 Flash,67335820c7d8c66591e6dfc7,3,10,2,7,0
DeepSeek V4.1 Flash,6734346cf3950859f67019af,2,10,2,6,1
DeepSeek V4.1 Flash,67368bceaea0de6b58ec346a,1,10,2,7,6
DeepSeek V4.1 Flash,6736edefe41312420acd05a0,2,10,2,3,3
DeepSeek V4.1 Flash,6737697dedff89681fe75582,2,10,2,1,1
DeepSeek V4.1 Flash,67399d0163641fb0bc110db9,1,10,2,0,0
DeepSeek V4.1 Flash,6739fe23f1f7144f9a3c9715,3,10,2,8,0
DeepSeek V4.1 Flash,673a9c6a414ad0600dc781a2,3,10,2,2,2
DeepSeek V4.1 Flash,67414401f5fbbfac5c273a0d,3,10,2,4,4
DeepSeek V4.1 Flash,67631f198b502023c4567380,3,10,2,8,0
DeepSeek V4.1 Flash,6767969869b88c321c96665a,1,10,2,0,0
DeepSeek V4.1 Flash,6770832c6b74a5103a07f031,3,10,2,8,0
DeepSeek V4.1 Flash,6777764d6b3f27cf12b17555,3,10,2,7,0
DeepSeek V4.1 Flash,678ae26a0b0bc44cadbb173f,1,10,2,1,1
DeepSeek V4.1 Flash,678fbf931413486f7dc2a7f1,2,10,2,4,0
DeepSeek V4.1 Flash,67cb7986f45c0cc9422617ec,1,10,2,2,2
DeepSeek V4.1 Flash,66e88728ba7d8bc0d5806f3a,2,12,4,5,0
DeepSeek V4.1 Flash,66e946fbb78e263c565b17e3,3,12,4,8,0
DeepSeek V4.1 Flash,66e991ec2dad0e536fb92ece,3,12,4,5,5
DeepSeek V4.1 Flash,66e9b92578e89514d9ab6093,2,12,4,5,0
DeepSeek V4.1 Flash,66ea12bd86227f91af18b88b,2,12,4,3,1
DeepSeek V4.1 Flash,66eae4e351a34eec5d943952,2,12,4,2,0
DeepSeek V4.1 Flash,66eaf456afe364e4f477b78f,1,12,4,4,4
DeepSeek V4.1 Flash,66ec0ed8b0ae7f67e365a163,2,12,4,1,0
DeepSeek V4.1 Flash,66ecfd03e7478ca5fcbb7495,2,12,4,4,4
DeepSeek V4.1 Flash,66ed28dfde312a049a78b3ba,2,12,4,4,0
DeepSeek V4.1 Flash,66ed5f1e85adbeda9f978022,1,12,4,6,6
DeepSeek V4.1 Flash,66edc60801af2a724035ad4b,1,12,4,6,6
DeepSeek V4.1 Flash,66edd3dc1ee489494038d9eb,2,12,4,4,1
DeepSeek V4.1 Flash,66ef5b2ee2bec3c64e8e4415,3,12,4,4,3
DeepSeek V4.1 Flash,66f0f4efd23ed0ac5f43b25f,1,12,4,2,0
DeepSeek V4.1 Flash,66f27d65a40482f6012a4006,2,12,4,2,2
DeepSeek V4.1 Flash,66f3117acff7b10052fe1e3d,3,12,4,7,0
DeepSeek V4.1 Flash,66f47471bba0ce38e1ca559f,2,12,4,8,0
DeepSeek V4.1 Flash,66f83aed0d92e99048a4ae9d,1,12,4,0,0
DeepSeek V4.1 Flash,66faccfb44cb2f3b0e1be0ff,2,12,4,1,0
DeepSeek V4.1 Flash,66fc2689b72463921f6c40e8,1,12,4,5,0
DeepSeek V4.1 Flash,66fc8f1b8a73f859d8fa1608,1,12,4,5,5
DeepSeek V4.1 Flash,66fcc286eab6d512704d96af,1,12,4,0,0
DeepSeek V4.1 Flash,66fda7a057cea4445778e88a,1,12,4,1,1
DeepSeek V4.1 Flash,66fe796bc12cbe6aeaa26e69,1,12,4,2,2
DeepSeek V4.1 Flash,67008f17fc2c0a4040f1d352,1,12,4,3,3
DeepSeek V4.1 Flash,67015d62777a275ca50eb18b,3,12,4,6,0
DeepSeek V4.1 Flash,6701de16d9e4cd1aa812414b,1,12,4,2,2
DeepSeek V4.1 Flash,6704409592a84f23e5b73e95,1,12,4,1,1
DeepSeek V4.1 Flash,6706295df10a8c2ca9a9c288,1,12,4,2,2
DeepSeek V4.1 Flash,67095af56022f900e8e76028,1,12,4,4,4
DeepSeek V4.1 Flash,670c775842b25f65425c86c2,1,12,4,2,2
DeepSeek V4.1 Flash,670d5ce6d57c80b4d4090cb4,1,12,4,5,0
DeepSeek V4.1 Flash,670d933ad54037c51abbe3ca,2,12,4,3,0
DeepSeek V4.1 Flash,670f41ad793c2cc1e973ff70,1,12,4,0,0
DeepSeek V4.1 Flash,6715beb7b3287d3dd4db03e6,2,12,4,6,1
DeepSeek V4.1 Flash,67162253433b031688b08f47,2,12,4,4,0
DeepSeek V4.1 Flash,6716260eae3149088ed859b9,2,12,4,6,0
DeepSeek V4.1 Flash,671683479e5d26a2905120dc,2,12,4,0,0
DeepSeek V4.1 Flash,6716fafe2a8d9330a7f89ee5,1,12,4,7,0
DeepSeek V4.1 Flash,6718487afba38eebcbc8034b,3,12,4,3,1
DeepSeek V4.1 Flash,6718577ca88093a75026b186,1,12,4,1,1
DeepSeek V4.1 Flash,671ad5ceed3d54e87368bc68,3,12,4,1,0
DeepSeek V4.1 Flash,671be3853529bee9e3097b92,2,12,4,3,3
DeepSeek V4.1 Flash,671c6d6392388142386728ee,2,12,4,6,6
DeepSeek V4.1 Flash,671dd6cd91a438f6811f5108,1,12,4,1,0
DeepSeek V4.1 Flash,671f1f88e6600c2d52d9fbe6,2,12,4,3,3
DeepSeek V4.1 Flash,671f23ab12f081da543ed684,1,12,4,0,0
DeepSeek V4.1 Flash,671f39dcd579cf064f22d3c1,3,12,4,5,5
DeepSeek V4.1 Flash,671f40348b7ca154256661c6,3,12,4,7,0
DeepSeek V4.1 Flash,671f73993e82c6b6151dbba7,1,12,4,1,0
DeepSeek V4.1 Flash,671fc9d46c5d3903234cd391,1,12,4,3,0
DeepSeek V4.1 Flash,671ff7a24140ffc71dfae4af,3,12,4,3,0
DeepSeek V4.1 Flash,67202822dbc5086c0bdd4e1c,1,12,4,0,0
DeepSeek V4.1 Flash,6720450234e68233152e2cf8,1,12,4,1,0
DeepSeek V4.1 Flash,67209100563d776c82113dba,2,12,4,1,0
DeepSeek V4.1 Flash,672179e4c8cc0ac89395e8d0,1,12,4,1,1
DeepSeek V4.1 Flash,672182f55e4a5b8416a1ccbe,1,12,4,3,3
DeepSeek V4.1 Flash,6721c8e11b5a8e4cb0e9079b,1,12,4,5,0
DeepSeek V4.1 Flash,6723ec50479384d8942cca75,3,12,4,3,3
DeepSeek V4.1 Flash,672416e85247738dfbb432fa,3,12,4,8,5
DeepSeek V4.1 Flash,6724955b1dc5c59953c463ec,3,12,4,5,4
DeepSeek V4.1 Flash,6724ff0dea5926938a631b9e,2,12,4,1,1
DeepSeek V4.1 Flash,67252eb05d09683709d8a5f8,1,12,4,3,0
DeepSeek V4.1 Flash,6725703471b3b52354976be1,3,12,4,6,6
DeepSeek V4.1 Flash,67257fe9be53ed439b973ff9,3,12,4,2,2
DeepSeek V4.1 Flash,6725adefc6537022833a1e04,3,12,4,6,6
DeepSeek V4.1 Flash,6725c3719aac82ce9cf99f23,2,12,4,1,0
DeepSeek V4.1 Flash,672626078a65c5d33e24d92c,3,12,4,8,0
DeepSeek V4.1 Flash,67264a55cae736a4a682949a,2,12,4,6,0
DeepSeek V4.1 Flash,6726941826b7fc6a39fbe581,2,12,4,5,0
DeepSeek V4.1 Flash,672a5d27385accabb646acfe,1,12,4,1,1
DeepSeek V4.1 Flash,672b304eddf99de9738de25d,3,12,4,6,0
DeepSeek V4.1 Flash,672bca9fab085c84b90e223d,1,12,4,1,1
DeepSeek V4.1 Flash,672c6aab9d218ddb7c620149,2,12,4,4,0
DeepSeek V4.1 Flash,672e6e4a85ed85778c0fb28e,3,12,4,2,2
DeepSeek V4.1 Flash,672ff71e724ca22f42c0ff85,1,12,4,0,0
DeepSeek V4.1 Flash,67315c7e7fcf9ea998467bd6,3,12,4,3,0
DeepSeek V4.1 Flash,6732761c77e9a02e661946ac,2,12,4,1,0
DeepSeek V4.1 Flash,67335820c7d8c66591e6dfc7,3,12,4,7,0
DeepSeek V4.1 Flash,6734346cf3950859f67019af,2,12,4,8,0
DeepSeek V4.1 Flash,67368bceaea0de6b58ec346a,1,12,4,5,5
DeepSeek V4.1 Flash,6736edefe41312420acd05a0,2,12,4,2,0
DeepSeek V4.1 Flash,6737697dedff89681fe75582,2,12,4,1,1
DeepSeek V4.1 Flash,67399d0163641fb0bc110db9,1,12,4,2,0
DeepSeek V4.1 Flash,6739fe23f1f7144f9a3c9715,3,12,4,7,0
DeepSeek V4.1 Flash,673a9c6a414ad0600dc781a2,3,12,4,1,1
DeepSeek V4.1 Flash,67414401f5fbbfac5c273a0d,3,12,4,1,1
DeepSeek V4.1 Flash,67631f198b502023c4567380,3,12,4,8,0
DeepSeek V4.1 Flash,6767969869b88c321c96665a,1,12,4,1,1
DeepSeek V4.1 Flash,6770832c6b74a5103a07f031,3,12,4,5,0
DeepSeek V4.1 Flash,6777764d6b3f27cf12b17555,3,12,4,5,0
DeepSeek V4.1 Flash,678ae26a0b0bc44cadbb173f,1,12,4,1,1
DeepSeek V4.1 Flash,678fbf931413486f7dc2a7f1,2,12,4,1,0
DeepSeek V4.1 Flash,67cb7986f45c0cc9422617ec,1,12,4,2,2
DeepSeek V4.1 Flash,66e88728ba7d8bc0d5806f3a,2,14,6,3,0
DeepSeek V4.1 Flash,66e946fbb78e263c565b17e3,3,14,6,7,0
DeepSeek V4.1 Flash,66e991ec2dad0e536fb92ece,3,14,6,7,0
DeepSeek V4.1 Flash,66e9b92578e89514d9ab6093,2,14,6,6,0
DeepSeek V4.1 Flash,66ea12bd86227f91af18b88b,2,14,6,1,1
DeepSeek V4.1 Flash,66eae4e351a34eec5d943952,2,14,6,1,0
DeepSeek V4.1 Flash,66eaf456afe364e4f477b78f,1,14,6,5,5
DeepSeek V4.1 Flash,66ec0ed8b0ae7f67e365a163,2,14,6,2,0
DeepSeek V4.1 Flash,66ecfd03e7478ca5fcbb7495,2,14,6,4,4
DeepSeek V4.1 Flash,66ed28dfde312a049a78b3ba,2,14,6,3,0
DeepSeek V4.1 Flash,66ed5f1e85adbeda9f978022,1,14,6,3,0
DeepSeek V4.1 Flash,66edc60801af2a724035ad4b,1,14,6,2,2
DeepSeek V4.1 Flash,66edd3dc1ee489494038d9eb,2,14,6,4,0
DeepSeek V4.1 Flash,66ef5b2ee2bec3c64e8e4415,3,14,6,3,3
DeepSeek V4.1 Flash,66f0f4efd23ed0ac5f43b25f,1,14,6,3,0
DeepSeek V4.1 Flash,66f27d65a40482f6012a4006,2,14,6,3,2
DeepSeek V4.1 Flash,66f3117acff7b10052fe1e3d,3,14,6,8,0
DeepSeek V4.1 Flash,66f47471bba0ce38e1ca559f,2,14,6,7,0
DeepSeek V4.1 Flash,66f83aed0d92e99048a4ae9d,1,14,6,1,1
DeepSeek V4.1 Flash,66faccfb44cb2f3b0e1be0ff,2,14,6,4,0
DeepSeek V4.1 Flash,66fc2689b72463921f6c40e8,1,14,6,6,0
DeepSeek V4.1 Flash,66fc8f1b8a73f859d8fa1608,1,14,6,6,6
DeepSeek V4.1 Flash,66fcc286eab6d512704d96af,1,14,6,0,0
DeepSeek V4.1 Flash,66fda7a057cea4445778e88a,1,14,6,2,2
DeepSeek V4.1 Flash,66fe796bc12cbe6aeaa26e69,1,14,6,3,0
DeepSeek V4.1 Flash,67008f17fc2c0a4040f1d352,1,14,6,2,1
DeepSeek V4.1 Flash,67015d62777a275ca50eb18b,3,14,6,6,0
DeepSeek V4.1 Flash,6701de16d9e4cd1aa812414b,1,14,6,2,0
DeepSeek V4.1 Flash,6704409592a84f23e5b73e95,1,14,6,0,0
DeepSeek V4.1 Flash,6706295df10a8c2ca9a9c288,1,14,6,3,3
DeepSeek V4.1 Flash,67095af56022f900e8e76028,1,14,6,0,0
DeepSeek V4.1 Flash,670c775842b25f65425c86c2,1,14,6,1,1
DeepSeek V4.1 Flash,670d5ce6d57c80b4d4090cb4,1,14,6,5,0
DeepSeek V4.1 Flash,670d933ad54037c51abbe3ca,2,14,6,1,1
DeepSeek V4.1 Flash,670f41ad793c2cc1e973ff70,1,14,6,0,0
DeepSeek V4.1 Flash,6715beb7b3287d3dd4db03e6,2,14,6,4,0
DeepSeek V4.1 Flash,67162253433b031688b08f47,2,14,6,3,0
DeepSeek V4.1 Flash,6716260eae3149088ed859b9,2,14,6,6,0
DeepSeek V4.1 Flash,671683479e5d26a2905120dc,2,14,6,2,2
DeepSeek V4.1 Flash,6716fafe2a8d9330a7f89ee5,1,14,6,6,0
DeepSeek V4.1 Flash,6718487afba38eebcbc8034b,3,14,6,4,1
DeepSeek V4.1 Flash,6718577ca88093a75026b186,1,14,6,3,1
DeepSeek V4.1 Flash,671ad5ceed3d54e87368bc68,3,14,6,1,0
DeepSeek V4.1 Flash,671be3853529bee9e3097b92,2,14,6,1,1
DeepSeek V4.1 Flash,671c6d6392388142386728ee,2,14,6,3,3
DeepSeek V4.1 Flash,671dd6cd91a438f6811f5108,1,14,6,0,0
DeepSeek V4.1 Flash,671f1f88e6600c2d52d9fbe6,2,14,6,2,0
DeepSeek V4.1 Flash,671f23ab12f081da543ed684,1,14,6,2,2
DeepSeek V4.1 Flash,671f39dcd579cf064f22d3c1,3,14,6,7,6
DeepSeek V4.1 Flash,671f40348b7ca154256661c6,3,14,6,6,5
DeepSeek V4.1 Flash,671f73993e82c6b6151dbba7,1,14,6,1,0
DeepSeek V4.1 Flash,671fc9d46c5d3903234cd391,1,14,6,3,0
DeepSeek V4.1 Flash,671ff7a24140ffc71dfae4af,3,14,6,2,0
DeepSeek V4.1 Flash,67202822dbc5086c0bdd4e1c,1,14,6,1,1
DeepSeek V4.1 Flash,6720450234e68233152e2cf8,1,14,6,2,0
DeepSeek V4.1 Flash,67209100563d776c82113dba,2,14,6,1,0
DeepSeek V4.1 Flash,672179e4c8cc0ac89395e8d0,1,14,6,1,1
DeepSeek V4.1 Flash,672182f55e4a5b8416a1ccbe,1,14,6,5,0
DeepSeek V4.1 Flash,6721c8e11b5a8e4cb0e9079b,1,14,6,4,0
DeepSeek V4.1 Flash,6723ec50479384d8942cca75,3,14,6,6,6
DeepSeek V4.1 Flash,672416e85247738dfbb432fa,3,14,6,8,6
DeepSeek V4.1 Flash,6724955b1dc5c59953c463ec,3,14,6,5,2
DeepSeek V4.1 Flash,6724ff0dea5926938a631b9e,2,14,6,4,2
DeepSeek V4.1 Flash,67252eb05d09683709d8a5f8,1,14,6,1,0
DeepSeek V4.1 Flash,6725703471b3b52354976be1,3,14,6,3,0
DeepSeek V4.1 Flash,67257fe9be53ed439b973ff9,3,14,6,4,4
DeepSeek V4.1 Flash,6725adefc6537022833a1e04,3,14,6,5,5
DeepSeek V4.1 Flash,6725c3719aac82ce9cf99f23,2,14,6,1,1
DeepSeek V4.1 Flash,672626078a65c5d33e24d92c,3,14,6,8,0
DeepSeek V4.1 Flash,67264a55cae736a4a682949a,2,14,6,2,0
DeepSeek V4.1 Flash,6726941826b7fc6a39fbe581,2,14,6,5,5
DeepSeek V4.1 Flash,672a5d27385accabb646acfe,1,14,6,0,0
DeepSeek V4.1 Flash,672b304eddf99de9738de25d,3,14,6,7,0
DeepSeek V4.1 Flash,672bca9fab085c84b90e223d,1,14,6,0,0
DeepSeek V4.1 Flash,672c6aab9d218ddb7c620149,2,14,6,2,0
DeepSeek V4.1 Flash,672e6e4a85ed85778c0fb28e,3,14,6,5,5
DeepSeek V4.1 Flash,672ff71e724ca22f42c0ff85,1,14,6,0,0
DeepSeek V4.1 Flash,67315c7e7fcf9ea998467bd6,3,14,6,7,0
DeepSeek V4.1 Flash,6732761c77e9a02e661946ac,2,14,6,0,0
DeepSeek V4.1 Flash,67335820c7d8c66591e6dfc7,3,14,6,7,0
DeepSeek V4.1 Flash,6734346cf3950859f67019af,2,14,6,6,1
DeepSeek V4.1 Flash,67368bceaea0de6b58ec346a,1,14,6,7,6
DeepSeek V4.1 Flash,6736edefe41312420acd05a0,2,14,6,0,0
DeepSeek V4.1 Flash,6737697dedff89681fe75582,2,14,6,0,0
DeepSeek V4.1 Flash,67399d0163641fb0bc110db9,1,14,6,3,1
DeepSeek V4.1 Flash,6739fe23f1f7144f9a3c9715,3,14,6,6,0
DeepSeek V4.1 Flash,673a9c6a414ad0600dc781a2,3,14,6,3,2
DeepSeek V4.1 Flash,67414401f5fbbfac5c273a0d,3,14,6,4,0
DeepSeek V4.1 Flash,67631f198b502023c4567380,3,14,6,8,1
DeepSeek V4.1 Flash,6767969869b88c321c96665a,1,14,6,2,2
DeepSeek V4.1 Flash,6770832c6b74a5103a07f031,3,14,6,7,0
DeepSeek V4.1 Flash,6777764d6b3f27cf12b17555,3,14,6,4,0
DeepSeek V4.1 Flash,678ae26a0b0bc44cadbb173f,1,14,6,1,1
DeepSeek V4.1 Flash,678fbf931413486f7dc2a7f1,2,14,6,2,0
DeepSeek V4.1 Flash,67cb7986f45c0cc9422617ec,1,14,6,2,2
DeepSeek V4.1 Flash,66e88728ba7d8bc0d5806f3a,2,15,3,10,0
DeepSeek V4.1 Flash,66e946fbb78e263c565b17e3,3,15,3,11,1
DeepSeek V4.1 Flash,66e991ec2dad0e536fb92ece,3,15,3,11,0
DeepSeek V4.1 Flash,66e9b92578e89514d9ab6093,2,15,3,7,0
DeepSeek V4.1 Flash,66ea12bd86227f91af18b88b,2,15,3,5,1
DeepSeek V4.1 Flash,66eae4e351a34eec5d943952,2,15,3,3,0
DeepSeek V4.1 Flash,66eaf456afe364e4f477b78f,1,15,3,11,11
DeepSeek V4.1 Flash,66ec0ed8b0ae7f67e365a163,2,15,3,2,0
DeepSeek V4.1 Flash,66ecfd03e7478ca5fcbb7495,2,15,3,9,9
DeepSeek V4.1 Flash,66ed28dfde312a049a78b3ba,2,15,3,5,0
DeepSeek V4.1 Flash,66ed5f1e85adbeda9f978022,1,15,3,5,5
DeepSeek V4.1 Flash,66edc60801af2a724035ad4b,1,15,3,4,4
DeepSeek V4.1 Flash,66edd3dc1ee489494038d9eb,2,15,3,5,0
DeepSeek V4.1 Flash,66ef5b2ee2bec3c64e8e4415,3,15,3,8,2
DeepSeek V4.1 Flash,66f0f4efd23ed0ac5f43b25f,1,15,3,3,1
DeepSeek V4.1 Flash,66f27d65a40482f6012a4006,2,15,3,6,6
DeepSeek V4.1 Flash,66f3117acff7b10052fe1e3d,3,15,3,10,1
DeepSeek V4.1 Flash,66f47471bba0ce38e1ca559f,2,15,3,9,2
DeepSeek V4.1 Flash,66f83aed0d92e99048a4ae9d,1,15,3,3,3
DeepSeek V4.1 Flash,66faccfb44cb2f3b0e1be0ff,2,15,3,4,3
DeepSeek V4.1 Flash,66fc2689b72463921f6c40e8,1,15,3,9,0
DeepSeek V4.1 Flash,66fc8f1b8a73f859d8fa1608,1,15,3,9,9
DeepSeek V4.1 Flash,66fcc286eab6d512704d96af,1,15,3,0,0
DeepSeek V4.1 Flash,66fda7a057cea4445778e88a,1,15,3,2,2
DeepSeek V4.1 Flash,66fe796bc12cbe6aeaa26e69,1,15,3,5,5
DeepSeek V4.1 Flash,67008f17fc2c0a4040f1d352,1,15,3,2,2
DeepSeek V4.1 Flash,67015d62777a275ca50eb18b,3,15,3,8,0
DeepSeek V4.1 Flash,6701de16d9e4cd1aa812414b,1,15,3,2,2
DeepSeek V4.1 Flash,6704409592a84f23e5b73e95,1,15,3,0,0
DeepSeek V4.1 Flash,6706295df10a8c2ca9a9c288,1,15,3,5,5
DeepSeek V4.1 Flash,67095af56022f900e8e76028,1,15,3,3,2
DeepSeek V4.1 Flash,670c775842b25f65425c86c2,1,15,3,1,1
DeepSeek V4.1 Flash,670d5ce6d57c80b4d4090cb4,1,15,3,3,0
DeepSeek V4.1 Flash,670d933ad54037c51abbe3ca,2,15,3,0,0
DeepSeek V4.1 Flash,670f41ad793c2cc1e973ff70,1,15,3,0,0
DeepSeek V4.1 Flash,6715beb7b3287d3dd4db03e6,2,15,3,10,0
DeepSeek V4.1 Flash,67162253433b031688b08f47,2,15,3,4,0
DeepSeek V4.1 Flash,6716260eae3149088ed859b9,2,15,3,9,1
DeepSeek V4.1 Flash,671683479e5d26a2905120dc,2,15,3,1,1
DeepSeek V4.1 Flash,6716fafe2a8d9330a7f89ee5,1,15,3,9,0
DeepSeek V4.1 Flash,6718487afba38eebcbc8034b,3,15,3,10,2
DeepSeek V4.1 Flash,6718577ca88093a75026b186,1,15,3,3,3
DeepSeek V4.1 Flash,671ad5ceed3d54e87368bc68,3,15,3,2,0
DeepSeek V4.1 Flash,671be3853529bee9e3097b92,2,15,3,4,3
DeepSeek V4.1 Flash,671c6d6392388142386728ee,2,15,3,9,8
DeepSeek V4.1 Flash,671dd6cd91a438f6811f5108,1,15,3,1,1
DeepSeek V4.1 Flash,671f1f88e6600c2d52d9fbe6,2,15,3,6,0
DeepSeek V4.1 Flash,671f23ab12f081da543ed684,1,15,3,0,0
DeepSeek V4.1 Flash,671f39dcd579cf064f22d3c1,3,15,3,8,8
DeepSeek V4.1 Flash,671f40348b7ca154256661c6,3,15,3,8,4
DeepSeek V4.1 Flash,671f73993e82c6b6151dbba7,1,15,3,6,0
DeepSeek V4.1 Flash,671fc9d46c5d3903234cd391,1,15,3,5,0
DeepSeek V4.1 Flash,671ff7a24140ffc71dfae4af,3,15,3,0,0
DeepSeek V4.1 Flash,67202822dbc5086c0bdd4e1c,1,15,3,1,1
DeepSeek V4.1 Flash,6720450234e68233152e2cf8,1,15,3,5,0
DeepSeek V4.1 Flash,67209100563d776c82113dba,2,15,3,1,0
DeepSeek V4.1 Flash,672179e4c8cc0ac89395e8d0,1,15,3,2,2
DeepSeek V4.1 Flash,672182f55e4a5b8416a1ccbe,1,15,3,6,6
DeepSeek V4.1 Flash,6721c8e11b5a8e4cb0e9079b,1,15,3,10,0
DeepSeek V4.1 Flash,6723ec50479384d8942cca75,3,15,3,3,3
DeepSeek V4.1 Flash,672416e85247738dfbb432fa,3,15,3,12,0
DeepSeek V4.1 Flash,6724955b1dc5c59953c463ec,3,15,3,5,0
DeepSeek V4.1 Flash,6724ff0dea5926938a631b9e,2,15,3,2,0
DeepSeek V4.1 Flash,67252eb05d09683709d8a5f8,1,15,3,1,0
DeepSeek V4.1 Flash,6725703471b3b52354976be1,3,15,3,6,6
DeepSeek V4.1 Flash,67257fe9be53ed439b973ff9,3,15,3,6,6
DeepSeek V4.1 Flash,6725adefc6537022833a1e04,3,15,3,7,0
DeepSeek V4.1 Flash,6725c3719aac82ce9cf99f23,2,15,3,2,0
DeepSeek V4.1 Flash,672626078a65c5d33e24d92c,3,15,3,11,0
DeepSeek V4.1 Flash,67264a55cae736a4a682949a,2,15,3,5,0
DeepSeek V4.1 Flash,6726941826b7fc6a39fbe581,2,15,3,6,2
DeepSeek V4.1 Flash,672a5d27385accabb646acfe,1,15,3,2,2
DeepSeek V4.1 Flash,672b304eddf99de9738de25d,3,15,3,11,0
DeepSeek V4.1 Flash,672bca9fab085c84b90e223d,1,15,3,1,1
DeepSeek V4.1 Flash,672c6aab9d218ddb7c620149,2,15,3,4,0
DeepSeek V4.1 Flash,672e6e4a85ed85778c0fb28e,3,15,3,5,5
DeepSeek V4.1 Flash,672ff71e724ca22f42c0ff85,1,15,3,2,2
DeepSeek V4.1 Flash,67315c7e7fcf9ea998467bd6,3,15,3,8,0
DeepSeek V4.1 Flash,6732761c77e9a02e661946ac,2,15,3,2,0
DeepSeek V4.1 Flash,67335820c7d8c66591e6dfc7,3,15,3,12,0
DeepSeek V4.1 Flash,6734346cf3950859f67019af,2,15,3,11,0
DeepSeek V4.1 Flash,67368bceaea0de6b58ec346a,1,15,3,8,8
DeepSeek V4.1 Flash,6736edefe41312420acd05a0,2,15,3,2,0
DeepSeek V4.1 Flash,6737697dedff89681fe75582,2,15,3,2,2
DeepSeek V4.1 Flash,67399d0163641fb0bc110db9,1,15,3,3,0
DeepSeek V4.1 Flash,6739fe23f1f7144f9a3c9715,3,15,3,10,0
DeepSeek V4.1 Flash,673a9c6a414ad0600dc781a2,3,15,3,4,2
DeepSeek V4.1 Flash,67414401f5fbbfac5c273a0d,3,15,3,4,4
DeepSeek V4.1 Flash,67631f198b502023c4567380,3,15,3,11,0
DeepSeek V4.1 Flash,6767969869b88c321c96665a,1,15,3,1,0
DeepSeek V4.1 Flash,6770832c6b74a5103a07f031,3,15,3,9,0
DeepSeek V4.1 Flash,6777764d6b3f27cf12b17555,3,15,3,8,0
DeepSeek V4.1 Flash,678ae26a0b0bc44cadbb173f,1,15,3,4,0
DeepSeek V4.1 Flash,678fbf931413486f7dc2a7f1,2,15,3,4,0
DeepSeek V4.1 Flash,67cb7986f45c0cc9422617ec,1,15,3,3,3
DeepSeek V4.1 Flash,66e88728ba7d8bc0d5806f3a,2,18,6,4,0
DeepSeek V4.1 Flash,66e946fbb78e263c565b17e3,3,18,6,10,0
DeepSeek V4.1 Flash,66e991ec2dad0e536fb92ece,3,18,6,8,8
DeepSeek V4.1 Flash,66e9b92578e89514d9ab6093,2,18,6,8,0
DeepSeek V4.1 Flash,66ea12bd86227f91af18b88b,2,18,6,2,2
DeepSeek V4.1 Flash,66eae4e351a34eec5d943952,2,18,6,2,0
DeepSeek V4.1 Flash,66eaf456afe364e4f477b78f,1,18,6,4,4
DeepSeek V4.1 Flash,66ec0ed8b0ae7f67e365a163,2,18,6,3,0
DeepSeek V4.1 Flash,66ecfd03e7478ca5fcbb7495,2,18,6,10,10
DeepSeek V4.1 Flash,66ed28dfde312a049a78b3ba,2,18,6,7,0
DeepSeek V4.1 Flash,66ed5f1e85adbeda9f978022,1,18,6,3,3
DeepSeek V4.1 Flash,66edc60801af2a724035ad4b,1,18,6,2,2
DeepSeek V4.1 Flash,66edd3dc1ee489494038d9eb,2,18,6,5,3
DeepSeek V4.1 Flash,66ef5b2ee2bec3c64e8e4415,3,18,6,10,0
DeepSeek V4.1 Flash,66f0f4efd23ed0ac5f43b25f,1,18,6,6,1
DeepSeek V4.1 Flash,66f27d65a40482f6012a4006,2,18,6,3,3
DeepSeek V4.1 Flash,66f3117acff7b10052fe1e3d,3,18,6,9,0
DeepSeek V4.1 Flash,66f47471bba0ce38e1ca559f,2,18,6,9,0
DeepSeek V4.1 Flash,66f83aed0d92e99048a4ae9d,1,18,6,3,3
DeepSeek V4.1 Flash,66faccfb44cb2f3b0e1be0ff,2,18,6,4,2
DeepSeek V4.1 Flash,66fc2689b72463921f6c40e8,1,18,6,9,0
DeepSeek V4.1 Flash,66fc8f1b8a73f859d8fa1608,1,18,6,8,8
DeepSeek V4.1 Flash,66fcc286eab6d512704d96af,1,18,6,0,0
DeepSeek V4.1 Flash,66fda7a057cea4445778e88a,1,18,6,2,2
DeepSeek V4.1 Flash,66fe796bc12cbe6aeaa26e69,1,18,6,1,1
DeepSeek V4.1 Flash,67008f17fc2c0a4040f1d352,1,18,6,3,3
DeepSeek V4.1 Flash,67015d62777a275ca50eb18b,3,18,6,9,0
DeepSeek V4.1 Flash,6701de16d9e4cd1aa812414b,1,18,6,1,1
DeepSeek V4.1 Flash,6704409592a84f23e5b73e95,1,18,6,0,0
DeepSeek V4.1 Flash,6706295df10a8c2ca9a9c288,1,18,6,4,4
DeepSeek V4.1 Flash,67095af56022f900e8e76028,1,18,6,5,5
DeepSeek V4.1 Flash,670c775842b25f65425c86c2,1,18,6,2,2
DeepSeek V4.1 Flash,670d5ce6d57c80b4d4090cb4,1,18,6,8,0
DeepSeek V4.1 Flash,670d933ad54037c51abbe3ca,2,18,6,2,2
DeepSeek V4.1 Flash,670f41ad793c2cc1e973ff70,1,18,6,0,0
DeepSeek V4.1 Flash,6715beb7b3287d3dd4db03e6,2,18,6,10,0
DeepSeek V4.1 Flash,67162253433b031688b08f47,2,18,6,7,0
DeepSeek V4.1 Flash,6716260eae3149088ed859b9,2,18,6,8,0
DeepSeek V4.1 Flash,671683479e5d26a2905120dc,2,18,6,1,1
DeepSeek V4.1 Flash,6716fafe2a8d9330a7f89ee5,1,18,6,11,0
DeepSeek V4.1 Flash,6718487afba38eebcbc8034b,3,18,6,4,3
DeepSeek V4.1 Flash,6718577ca88093a75026b186,1,18,6,5,4
DeepSeek V4.1 Flash,671ad5ceed3d54e87368bc68,3,18,6,4,0
DeepSeek V4.1 Flash,671be3853529bee9e3097b92,2,18,6,2,2
DeepSeek V4.1 Flash,671c6d6392388142386728ee,2,18,6,3,3
DeepSeek V4.1 Flash,671dd6cd91a438f6811f5108,1,18,6,2,0
DeepSeek V4.1 Flash,671f1f88e6600c2d52d9fbe6,2,18,6,3,0
DeepSeek V4.1 Flash,671f23ab12f081da543ed684,1,18,6,0,0
DeepSeek V4.1 Flash,671f39dcd579cf064f22d3c1,3,18,6,9,4
DeepSeek V4.1 Flash,671f40348b7ca154256661c6,3,18,6,10,0
DeepSeek V4.1 Flash,671f73993e82c6b6151dbba7,1,18,6,5,0
DeepSeek V4.1 Flash,671fc9d46c5d3903234cd391,1,18,6,7,0
DeepSeek V4.1 Flash,671ff7a24140ffc71dfae4af,3,18,6,5,0
DeepSeek V4.1 Flash,67202822dbc5086c0bdd4e1c,1,18,6,1,1
DeepSeek V4.1 Flash,6720450234e68233152e2cf8,1,18,6,6,0
DeepSeek V4.1 Flash,67209100563d776c82113dba,2,18,6,2,0
DeepSeek V4.1 Flash,672179e4c8cc0ac89395e8d0,1,18,6,1,1
DeepSeek V4.1 Flash,672182f55e4a5b8416a1ccbe,1,18,6,4,4
DeepSeek V4.1 Flash,6721c8e11b5a8e4cb0e9079b,1,18,6,8,0
DeepSeek V4.1 Flash,6723ec50479384d8942cca75,3,18,6,4,4
DeepSeek V4.1 Flash,672416e85247738dfbb432fa,3,18,6,12,0
DeepSeek V4.1 Flash,6724955b1dc5c59953c463ec,3,18,6,12,0
DeepSeek V4.1 Flash,6724ff0dea5926938a631b9e,2,18,6,5,1
DeepSeek V4.1 Flash,67252eb05d09683709d8a5f8,1,18,6,2,0
DeepSeek V4.1 Flash,6725703471b3b52354976be1,3,18,6,11,1
DeepSeek V4.1 Flash,67257fe9be53ed439b973ff9,3,18,6,8,8
DeepSeek V4.1 Flash,6725adefc6537022833a1e04,3,18,6,9,0
DeepSeek V4.1 Flash,6725c3719aac82ce9cf99f23,2,18,6,2,0
DeepSeek V4.1 Flash,672626078a65c5d33e24d92c,3,18,6,12,0
DeepSeek V4.1 Flash,67264a55cae736a4a682949a,2,18,6,7,0
DeepSeek V4.1 Flash,6726941826b7fc6a39fbe581,2,18,6,8,3
DeepSeek V4.1 Flash,672a5d27385accabb646acfe,1,18,6,2,2
DeepSeek V4.1 Flash,672b304eddf99de9738de25d,3,18,6,10,0
DeepSeek V4.1 Flash,672bca9fab085c84b90e223d,1,18,6,2,2
DeepSeek V4.1 Flash,672c6aab9d218ddb7c620149,2,18,6,5,1
DeepSeek V4.1 Flash,672e6e4a85ed85778c0fb28e,3,18,6,4,4
DeepSeek V4.1 Flash,672ff71e724ca22f42c0ff85,1,18,6,2,2
DeepSeek V4.1 Flash,67315c7e7fcf9ea998467bd6,3,18,6,9,1
DeepSeek V4.1 Flash,6732761c77e9a02e661946ac,2,18,6,3,0
DeepSeek V4.1 Flash,67335820c7d8c66591e6dfc7,3,18,6,9,0
DeepSeek V4.1 Flash,6734346cf3950859f67019af,2,18,6,10,0
DeepSeek V4.1 Flash,67368bceaea0de6b58ec346a,1,18,6,9,9
DeepSeek V4.1 Flash,6736edefe41312420acd05a0,2,18,6,3,3
DeepSeek V4.1 Flash,6737697dedff89681fe75582,2,18,6,0,0
DeepSeek V4.1 Flash,67399d0163641fb0bc110db9,1,18,6,3,2
DeepSeek V4.1 Flash,6739fe23f1f7144f9a3c9715,3,18,6,10,0
DeepSeek V4.1 Flash,673a9c6a414ad0600dc781a2,3,18,6,7,7
DeepSeek V4.1 Flash,67414401f5fbbfac5c273a0d,3,18,6,6,0
DeepSeek V4.1 Flash,67631f198b502023c4567380,3,18,6,12,0
DeepSeek V4.1 Flash,6767969869b88c321c96665a,1,18,6,0,0
DeepSeek V4.1 Flash,6770832c6b74a5103a07f031,3,18,6,9,1
DeepSeek V4.1 Flash,6777764d6b3f27cf12b17555,3,18,6,6,0
DeepSeek V4.1 Flash,678ae26a0b0bc44cadbb173f,1,18,6,2,1
DeepSeek V4.1 Flash,678fbf931413486f7dc2a7f1,2,18,6,6,0
DeepSeek V4.1 Flash,67cb7986f45c0cc9422617ec,1,18,6,4,4
DeepSeek V4.1 Flash,66e88728ba7d8bc0d5806f3a,2,21,9,4,0
DeepSeek V4.1 Flash,66e946fbb78e263c565b17e3,3,21,9,9,0
DeepSeek V4.1 Flash,66e991ec2dad0e536fb92ece,3,21,9,8,8
DeepSeek V4.1 Flash,66e9b92578e89514d9ab6093,2,21,9,9,0
DeepSeek V4.1 Flash,66ea12bd86227f91af18b88b,2,21,9,6,6
DeepSeek V4.1 Flash,66eae4e351a34eec5d943952,2,21,9,2,2
DeepSeek V4.1 Flash,66eaf456afe364e4f477b78f,1,21,9,5,5
DeepSeek V4.1 Flash,66ec0ed8b0ae7f67e365a163,2,21,9,1,0
DeepSeek V4.1 Flash,66ecfd03e7478ca5fcbb7495,2,21,9,7,7
DeepSeek V4.1 Flash,66ed28dfde312a049a78b3ba,2,21,9,8,0
DeepSeek V4.1 Flash,66ed5f1e85adbeda9f978022,1,21,9,5,5
DeepSeek V4.1 Flash,66edc60801af2a724035ad4b,1,21,9,5,5
DeepSeek V4.1 Flash,66edd3dc1ee489494038d9eb,2,21,9,4,0
DeepSeek V4.1 Flash,66ef5b2ee2bec3c64e8e4415,3,21,9,9,9
DeepSeek V4.1 Flash,66f0f4efd23ed0ac5f43b25f,1,21,9,6,5
DeepSeek V4.1 Flash,66f27d65a40482f6012a4006,2,21,9,3,3
DeepSeek V4.1 Flash,66f3117acff7b10052fe1e3d,3,21,9,8,0
DeepSeek V4.1 Flash,66f47471bba0ce38e1ca559f,2,21,9,10,10
DeepSeek V4.1 Flash,66f83aed0d92e99048a4ae9d,1,21,9,7,7
DeepSeek V4.1 Flash,66faccfb44cb2f3b0e1be0ff,2,21,9,4,0
DeepSeek V4.1 Flash,66fc2689b72463921f6c40e8,1,21,9,6,0
DeepSeek V4.1 Flash,66fc8f1b8a73f859d8fa1608,1,21,9,2,2
DeepSeek V4.1 Flash,66fcc286eab6d512704d96af,1,21,9,0,0
DeepSeek V4.1 Flash,66fda7a057cea4445778e88a,1,21,9,4,4
DeepSeek V4.1 Flash,66fe796bc12cbe6aeaa26e69,1,21,9,2,1
DeepSeek V4.1 Flash,67008f17fc2c0a4040f1d352,1,21,9,0,0
DeepSeek V4.1 Flash,67015d62777a275ca50eb18b,3,21,9,6,0
DeepSeek V4.1 Flash,6701de16d9e4cd1aa812414b,1,21,9,2,2
DeepSeek V4.1 Flash,6704409592a84f23e5b73e95,1,21,9,3,3
DeepSeek V4.1 Flash,6706295df10a8c2ca9a9c288,1,21,9,4,4
DeepSeek V4.1 Flash,67095af56022f900e8e76028,1,21,9,1,0
DeepSeek V4.1 Flash,670c775842b25f65425c86c2,1,21,9,2,2
DeepSeek V4.1 Flash,670d5ce6d57c80b4d4090cb4,1,21,9,7,0
DeepSeek V4.1 Flash,670d933ad54037c51abbe3ca,2,21,9,2,0
DeepSeek V4.1 Flash,670f41ad793c2cc1e973ff70,1,21,9,1,1
DeepSeek V4.1 Flash,6715beb7b3287d3dd4db03e6,2,21,9,9,2
DeepSeek V4.1 Flash,67162253433b031688b08f47,2,21,9,6,0
DeepSeek V4.1 Flash,6716260eae3149088ed859b9,2,21,9,8,0
DeepSeek V4.1 Flash,671683479e5d26a2905120dc,2,21,9,0,0
DeepSeek V4.1 Flash,6716fafe2a8d9330a7f89ee5,1,21,9,6,0
DeepSeek V4.1 Flash,6718487afba38eebcbc8034b,3,21,9,3,3
DeepSeek V4.1 Flash,6718577ca88093a75026b186,1,21,9,5,5
DeepSeek V4.1 Flash,671ad5ceed3d54e87368bc68,3,21,9,3,0
DeepSeek V4.1 Flash,671be3853529bee9e3097b92,2,21,9,2,2
DeepSeek V4.1 Flash,671c6d6392388142386728ee,2,21,9,7,5
DeepSeek V4.1 Flash,671dd6cd91a438f6811f5108,1,21,9,0,0
DeepSeek V4.1 Flash,671f1f88e6600c2d52d9fbe6,2,21,9,4,3
DeepSeek V4.1 Flash,671f23ab12f081da543ed684,1,21,9,1,1
DeepSeek V4.1 Flash,671f39dcd579cf064f22d3c1,3,21,9,9,9
DeepSeek V4.1 Flash,671f40348b7ca154256661c6,3,21,9,9,0
DeepSeek V4.1 Flash,671f73993e82c6b6151dbba7,1,21,9,5,0
DeepSeek V4.1 Flash,671fc9d46c5d3903234cd391,1,21,9,3,0
DeepSeek V4.1 Flash,671ff7a24140ffc71dfae4af,3,21,9,8,0
DeepSeek V4.1 Flash,67202822dbc5086c0bdd4e1c,1,21,9,1,1
DeepSeek V4.1 Flash,6720450234e68233152e2cf8,1,21,9,3,0
DeepSeek V4.1 Flash,67209100563d776c82113dba,2,21,9,0,0
DeepSeek V4.1 Flash,672179e4c8cc0ac89395e8d0,1,21,9,1,1
DeepSeek V4.1 Flash,672182f55e4a5b8416a1ccbe,1,21,9,7,7
DeepSeek V4.1 Flash,6721c8e11b5a8e4cb0e9079b,1,21,9,10,0
DeepSeek V4.1 Flash,6723ec50479384d8942cca75,3,21,9,5,5
DeepSeek V4.1 Flash,672416e85247738dfbb432fa,3,21,9,12,11
DeepSeek V4.1 Flash,6724955b1dc5c59953c463ec,3,21,9,9,6
DeepSeek V4.1 Flash,6724ff0dea5926938a631b9e,2,21,9,7,2
DeepSeek V4.1 Flash,67252eb05d09683709d8a5f8,1,21,9,6,0
DeepSeek V4.1 Flash,6725703471b3b52354976be1,3,21,9,8,1
DeepSeek V4.1 Flash,67257fe9be53ed439b973ff9,3,21,9,3,3
DeepSeek V4.1 Flash,6725adefc6537022833a1e04,3,21,9,7,1
DeepSeek V4.1 Flash,6725c3719aac82ce9cf99f23,2,21,9,3,2
DeepSeek V4.1 Flash,672626078a65c5d33e24d92c,3,21,9,12,0
DeepSeek V4.1 Flash,67264a55cae736a4a682949a,2,21,9,5,0
DeepSeek V4.1 Flash,6726941826b7fc6a39fbe581,2,21,9,7,0
DeepSeek V4.1 Flash,672a5d27385accabb646acfe,1,21,9,1,1
DeepSeek V4.1 Flash,672b304eddf99de9738de25d,3,21,9,7,1
DeepSeek V4.1 Flash,672bca9fab085c84b90e223d,1,21,9,3,3
DeepSeek V4.1 Flash,672c6aab9d218ddb7c620149,2,21,9,8,0
DeepSeek V4.1 Flash,672e6e4a85ed85778c0fb28e,3,21,9,1,1
DeepSeek V4.1 Flash,672ff71e724ca22f42c0ff85,1,21,9,1,1
DeepSeek V4.1 Flash,67315c7e7fcf9ea998467bd6,3,21,9,10,0
DeepSeek V4.1 Flash,6732761c77e9a02e661946ac,2,21,9,2,0
DeepSeek V4.1 Flash,67335820c7d8c66591e6dfc7,3,21,9,11,1
DeepSeek V4.1 Flash,6734346cf3950859f67019af,2,21,9,6,2
DeepSeek V4.1 Flash,67368bceaea0de6b58ec346a,1,21,9,9,9
DeepSeek V4.1 Flash,6736edefe41312420acd05a0,2,21,9,3,3
DeepSeek V4.1 Flash,6737697dedff89681fe75582,2,21,9,3,1
DeepSeek V4.1 Flash,67399d0163641fb0bc110db9,1,21,9,2,1
DeepSeek V4.1 Flash,6739fe23f1f7144f9a3c9715,3,21,9,11,1
DeepSeek V4.1 Flash,673a9c6a414ad0600dc781a2,3,21,9,4,4
DeepSeek V4.1 Flash,67414401f5fbbfac5c273a0d,3,21,9,4,4
DeepSeek V4.1 Flash,67631f198b502023c4567380,3,21,9,11,0
DeepSeek V4.1 Flash,6767969869b88c321c96665a,1,21,9,0,0
DeepSeek V4.1 Flash,6770832c6b74a5103a07f031,3,21,9,10,0
DeepSeek V4.1 Flash,6777764d6b3f27cf12b17555,3,21,9,7,0
DeepSeek V4.1 Flash,678ae26a0b0bc44cadbb173f,1,21,9,1,1
DeepSeek V4.1 Flash,678fbf931413486f7dc2a7f1,2,21,9,4,0
DeepSeek V4.1 Flash,67cb7986f45c0cc9422617ec,1,21,9,3,1
Gemini 3.8 Flash,66e884515ab37f0a7da089bf,1,2,0,0,0
Gemini 3.8 Flash,66e88728ba7d8bc0d5806f3a,2,2,0,2,0
Gemini 3.8 Flash,66e8d4736299517dd7a5da8c,3,2,0,1,1
Gemini 3.8 Flash,66e906f860abc895aedcf467,3,2,0,1,0
Gemini 3.8 Flash,66e962f814e5657e81349bfa,1,2,0,0,0
Gemini 3.8 Flash,66e996260930c00374ceaa0b,3,2,0,2,0
Gemini 3.8 Flash,66e9c038d2d1c2dec1f6978e,1,2,0,1,0
Gemini 3.8 Flash,66e9fc11c19c8c61add294f0,1,2,0,1,0
Gemini 3.8 Flash,66ea29ab7131229007ccbd9d,2,2,0,0,0
Gemini 3.8 Flash,66eae4e351a34eec5d943952,3,2,0,2,0
Gemini 3.8 Flash,66eafb96b082c5e6a76a49c0,1,2,0,0,0
Gemini 3.8 Flash,66eb206f99363a31f68414bc,3,2,0,2,0
Gemini 3.8 Flash,66ed28dfde312a049a78b3ba,3,2,0,0,0
Gemini 3.8 Flash,66f000874b6bc4f9d21fc7fa,2,2,0,0,0
Gemini 3.8 Flash,66f03563a291f119cd841967,1,2,0,0,0
Gemini 3.8 Flash,66f2b236b1d41433f8a4edea,1,2,0,0,0
Gemini 3.8 Flash,66f3117acff7b10052fe1e3d,2,2,0,2,0
Gemini 3.8 Flash,66f42e3287046c01dba2115b,3,2,0,1,1
Gemini 3.8 Flash,66f57e3ddc7259d8b5bb0b46,1,2,0,1,0
Gemini 3.8 Flash,66f77487fb10531253ee7842,3,2,0,2,0
Gemini 3.8 Flash,66f83aed0d92e99048a4ae9d,1,2,0,1,0
Gemini 3.8 Flash,66fc2282b7609fc1d8099125,2,2,0,1,1
Gemini 3.8 Flash,66fc5e611f5f3f3b48ae9566,1,2,0,1,0
Gemini 3.8 Flash,66fc8f1b8a73f859d8fa1608,3,2,0,1,0
Gemini 3.8 Flash,66fe596c0eeb4521791d31ef,3,2,0,1,0
Gemini 3.8 Flash,66fe796bc12cbe6aeaa26e69,3,2,0,1,0
Gemini 3.8 Flash,670010ff77983eff561814b2,1,2,0,1,0
Gemini 3.8 Flash,6700a5676c339d61ecccb86d,1,2,0,1,0
Gemini 3.8 Flash,67015a7f6a2b21f149f3aaba,2,2,0,0,0
Gemini 3.8 Flash,6701de16d9e4cd1aa812414b,3,2,0,2,0
Gemini 3.8 Flash,6704409592a84f23e5b73e95,2,2,0,1,0
Gemini 3.8 Flash,670620323fd82754d2f4cc7c,3,2,0,2,0
Gemini 3.8 Flash,67095af56022f900e8e76028,1,2,0,1,0
Gemini 3.8 Flash,670b307567eb710437409184,1,2,0,2,0
Gemini 3.8 Flash,670c83ba4aece479236947cb,1,2,0,1,0
Gemini 3.8 Flash,670d933ad54037c51abbe3ca,1,2,0,1,0
Gemini 3.8 Flash,670daa682c5d078fa33fba12,1,2,0,1,0
Gemini 3.8 Flash,670e5c2720bb63b6da63b879,3,2,0,2,0
Gemini 3.8 Flash,670e9b885d472377f6c572a2,2,2,0,2,0
Gemini 3.8 Flash,6710f26eaa2039046e5aea6e,3,2,0,1,0
Gemini 3.8 Flash,6711eb4e1c08a07a8d243847,3,2,0,2,0
Gemini 3.8 Flash,6715a17ddf8f7209e373b9b0,2,2,0,1,0
Gemini 3.8 Flash,671699cb0b00e84566da1812,3,2,0,2,0
Gemini 3.8 Flash,6716e894e9b87625209506ca,3,2,0,1,0
Gemini 3.8 Flash,671702c1e5b9112a7699686f,1,2,0,0,0
Gemini 3.8 Flash,6718487afba38eebcbc8034b,1,2,0,0,0
Gemini 3.8 Flash,671aa91f6a8e7c23ccbf902b,2,2,0,1,1
Gemini 3.8 Flash,671abddb40e08981d8fd796a,1,2,0,2,0
Gemini 3.8 Flash,671ac641136758472327f851,2,2,0,1,1
Gemini 3.8 Flash,671ad5ceed3d54e87368bc68,1,2,0,2,0
Gemini 3.8 Flash,671bb0b0863984716ffe8850,2,2,0,2,0
Gemini 3.8 Flash,671d9eb3355c956ce7de5a90,3,2,0,2,0
Gemini 3.8 Flash,671dfacd16b873a455cbd5e0,1,2,0,1,0
Gemini 3.8 Flash,671f1f88e6600c2d52d9fbe6,1,2,0,1,1
Gemini 3.8 Flash,671f2b0ee38f776acdad8aa1,1,2,0,0,0
Gemini 3.8 Flash,671fc9d46c5d3903234cd391,2,2,0,1,0
Gemini 3.8 Flash,671fee575a0f70920ad3bd80,2,2,0,1,0
Gemini 3.8 Flash,671ffad8e46fcc9dbd54ce6e,1,2,0,0,0
Gemini 3.8 Flash,672045da452d0bd5546e11e6,2,2,0,0,0
Gemini 3.8 Flash,6720d5455cedc02ed70dbe42,3,2,0,2,0
Gemini 3.8 Flash,6721fbd7b5bc9936c245bb78,1,2,0,0,0
Gemini 3.8 Flash,67232c88e22b01bfa7b8f156,2,2,0,2,0
Gemini 3.8 Flash,6723658569bb6b9a5a4499b0,1,2,0,0,0
Gemini 3.8 Flash,672403fa5461772b24b2e651,2,2,0,1,1
Gemini 3.8 Flash,67240e5586f4c71a70e0b498,2,2,0,1,1
Gemini 3.8 Flash,67240e5786f4c71a70e0b499,3,2,0,2,0
Gemini 3.8 Flash,67242f1f911674ab1b5d904b,3,2,0,2,0
Gemini 3.8 Flash,672433577fb5d24be68f010d,2,2,0,0,0
Gemini 3.8 Flash,67243887a7c5f8f463109d82,2,2,0,1,1
Gemini 3.8 Flash,672455ce7a14971607e3d9f0,2,2,0,0,0
Gemini 3.8 Flash,6724db7012a8d5ea6a619372,3,2,0,1,0
Gemini 3.8 Flash,6724f8b80c7d03e5a66cce57,3,2,0,2,0
Gemini 3.8 Flash,6724ff0dea5926938a631b9e,2,2,0,2,0
Gemini 3.8 Flash,6724ffb21d07f0962c8993cf,1,2,0,1,0
Gemini 3.8 Flash,672507e82cc2a1349f1ffaf1,1,2,0,0,0
Gemini 3.8 Flash,672528b1fc012fdec7fc63c8,1,2,0,0,0
Gemini 3.8 Flash,67253c33ad98e94b47ea3477,1,2,0,1,1
Gemini 3.8 Flash,67254a56046774791d0f1a41,2,2,0,0,0
Gemini 3.8 Flash,67256656d246bf5d21d1377e,3,2,0,2,0
Gemini 3.8 Flash,672572ba1b7caf96dfa80324,3,2,0,0,0
Gemini 3.8 Flash,6725b1b58255543498bdcbd1,3,2,0,0,0
Gemini 3.8 Flash,67260ae24ee1765ace1c8a54,3,2,0,1,1
Gemini 3.8 Flash,672626078a65c5d33e24d92c,2,2,0,1,0
Gemini 3.8 Flash,6726941826b7fc6a39fbe581,3,2,0,2,0
Gemini 3.8 Flash,672b304eddf99de9738de25d,2,2,0,2,0
Gemini 3.8 Flash,672bb2605a3e88050ba2cef8,1,2,0,0,0
Gemini 3.8 Flash,672bb9be168a1a30f1f92fcc,2,2,0,2,0
Gemini 3.8 Flash,672e50c6b9281732f28aa0f3,3,2,0,2,0
Gemini 3.8 Flash,672e6e4a85ed85778c0fb28e,1,2,0,0,0
Gemini 3.8 Flash,672ff71e724ca22f42c0ff85,1,2,0,1,1
Gemini 3.8 Flash,6732839d5526e01108e12127,2,2,0,1,0
Gemini 3.8 Flash,6733fca10a354898fb579c2e,1,2,0,1,0
Gemini 3.8 Flash,6736edefe41312420acd05a0,2,2,0,1,1
Gemini 3.8 Flash,67371f93d09c0e422ae3658b,2,2,0,0,0
Gemini 3.8 Flash,673735aa61f20f11eb1097d2,2,2,0,1,0
Gemini 3.8 Flash,67375e6f8b1cc52c211f95ce,3,2,0,2,0
Gemini 3.8 Flash,673799cf4d349e2ed66792d2,3,2,0,0,0
Gemini 3.8 Flash,67399d0163641fb0bc110db9,3,2,0,2,0
Gemini 3.8 Flash,673a5fa4329d98c7d4b69d60,3,2,0,2,0
Gemini 3.8 Flash,673a76559e89466aa6433f66,1,2,0,1,0
Gemini 3.8 Flash,673fce92f7f86aa77259187a,1,2,0,0,0
Gemini 3.8 Flash,6749b2994fd3108e46cd57d7,1,2,0,0,0
Gemini 3.8 Flash,67672352c393c4ff629cb820,1,2,0,0,0
Gemini 3.8 Flash,6770832c6b74a5103a07f031,1,2,0,0,0
Gemini 3.8 Flash,677b26a903cb2e13f2c755ef,1,2,0,1,0
Gemini 3.8 Flash,67a47e0425adc58b1e414011,1,2,0,2,0
Gemini 3.8 Flash,67d09fd38fd17c121c0b49ad,3,2,0,2,0
Gemini 3.8 Flash,66e884515ab37f0a7da089bf,1,3,1,0,0
Gemini 3.8 Flash,66e88728ba7d8bc0d5806f3a,2,3,1,1,0
Gemini 3.8 Flash,66e8d4736299517dd7a5da8c,3,3,1,1,1
Gemini 3.8 Flash,66e906f860abc895aedcf467,3,3,1,1,0
Gemini 3.8 Flash,66e962f814e5657e81349bfa,1,3,1,1,0
Gemini 3.8 Flash,66e996260930c00374ceaa0b,3,3,1,2,0
Gemini 3.8 Flash,66e9c038d2d1c2dec1f6978e,1,3,1,0,0
Gemini 3.8 Flash,66e9fc11c19c8c61add294f0,1,3,1,0,0
Gemini 3.8 Flash,66ea29ab7131229007ccbd9d,2,3,1,1,0
Gemini 3.8 Flash,66eae4e351a34eec5d943952,3,3,1,0,0
Gemini 3.8 Flash,66eafb96b082c5e6a76a49c0,1,3,1,0,0
Gemini 3.8 Flash,66eb206f99363a31f68414bc,3,3,1,2,0
Gemini 3.8 Flash,66ed28dfde312a049a78b3ba,3,3,1,0,0
Gemini 3.8 Flash,66f000874b6bc4f9d21fc7fa,2,3,1,1,1
Gemini 3.8 Flash,66f03563a291f119cd841967,1,3,1,0,0
Gemini 3.8 Flash,66f2b236b1d41433f8a4edea,1,3,1,1,1
Gemini 3.8 Flash,66f3117acff7b10052fe1e3d,2,3,1,2,0
Gemini 3.8 Flash,66f42e3287046c01dba2115b,3,3,1,0,0
Gemini 3.8 Flash,66f57e3ddc7259d8b5bb0b46,1,3,1,1,0
Gemini 3.8 Flash,66f77487fb10531253ee7842,3,3,1,2,0
Gemini 3.8 Flash,66f83aed0d92e99048a4ae9d,1,3,1,2,0
Gemini 3.8 Flash,66fc2282b7609fc1d8099125,2,3,1,0,0
Gemini 3.8 Flash,66fc5e611f5f3f3b48ae9566,1,3,1,1,0
Gemini 3.8 Flash,66fc8f1b8a73f859d8fa1608,3,3,1,0,0
Gemini 3.8 Flash,66fe596c0eeb4521791d31ef,3,3,1,2,0
Gemini 3.8 Flash,66fe796bc12cbe6aeaa26e69,3,3,1,0,0
Gemini 3.8 Flash,670010ff77983eff561814b2,1,3,1,0,0
Gemini 3.8 Flash,6700a5676c339d61ecccb86d,1,3,1,0,0
Gemini 3.8 Flash,67015a7f6a2b21f149f3aaba,2,3,1,0,0
Gemini 3.8 Flash,6701de16d9e4cd1aa812414b,3,3,1,1,0
Gemini 3.8 Flash,6704409592a84f23e5b73e95,2,3,1,0,0
Gemini 3.8 Flash,670620323fd82754d2f4cc7c,3,3,1,2,0
Gemini 3.8 Flash,67095af56022f900e8e76028,1,3,1,0,0
Gemini 3.8 Flash,670b307567eb710437409184,1,3,1,0,0
Gemini 3.8 Flash,670c83ba4aece479236947cb,1,3,1,1,0
Gemini 3.8 Flash,670d933ad54037c51abbe3ca,1,3,1,1,0
Gemini 3.8 Flash,670daa682c5d078fa33fba12,1,3,1,0,0
Gemini 3.8 Flash,670e5c2720bb63b6da63b879,3,3,1,1,1
Gemini 3.8 Flash,670e9b885d472377f6c572a2,2,3,1,0,0
Gemini 3.8 Flash,6710f26eaa2039046e5aea6e,3,3,1,2,0
Gemini 3.8 Flash,6711eb4e1c08a07a8d243847,3,3,1,2,0
Gemini 3.8 Flash,6715a17ddf8f7209e373b9b0,2,3,1,1,0
Gemini 3.8 Flash,671699cb0b00e84566da1812,3,3,1,2,0
Gemini 3.8 Flash,6716e894e9b87625209506ca,3,3,1,2,0
Gemini 3.8 Flash,671702c1e5b9112a7699686f,1,3,1,0,0
Gemini 3.8 Flash,6718487afba38eebcbc8034b,1,3,1,1,0
Gemini 3.8 Flash,671aa91f6a8e7c23ccbf902b,2,3,1,2,1
Gemini 3.8 Flash,671abddb40e08981d8fd796a,1,3,1,0,0
Gemini 3.8 Flash,671ac641136758472327f851,2,3,1,0,0
Gemini 3.8 Flash,671ad5ceed3d54e87368bc68,1,3,1,0,0
Gemini 3.8 Flash,671bb0b0863984716ffe8850,2,3,1,2,0
Gemini 3.8 Flash,671d9eb3355c956ce7de5a90,3,3,1,1,1
Gemini 3.8 Flash,671dfacd16b873a455cbd5e0,1,3,1,1,0
Gemini 3.8 Flash,671f1f88e6600c2d52d9fbe6,1,3,1,1,0
Gemini 3.8 Flash,671f2b0ee38f776acdad8aa1,1,3,1,0,0
Gemini 3.8 Flash,671fc9d46c5d3903234cd391,2,3,1,2,0
Gemini 3.8 Flash,671fee575a0f70920ad3bd80,2,3,1,0,0
Gemini 3.8 Flash,671ffad8e46fcc9dbd54ce6e,1,3,1,1,1
Gemini 3.8 Flash,672045da452d0bd5546e11e6,2,3,1,1,0
Gemini 3.8 Flash,6720d5455cedc02ed70dbe42,3,3,1,1,0
Gemini 3.8 Flash,6721fbd7b5bc9936c245bb78,1,3,1,1,0
Gemini 3.8 Flash,67232c88e22b01bfa7b8f156,2,3,1,2,0
Gemini 3.8 Flash,6723658569bb6b9a5a4499b0,1,3,1,0,0
Gemini 3.8 Flash,672403fa5461772b24b2e651,2,3,1,0,0
Gemini 3.8 Flash,67240e5586f4c71a70e0b498,2,3,1,2,0
Gemini 3.8 Flash,67240e5786f4c71a70e0b499,3,3,1,2,0
Gemini 3.8 Flash,67242f1f911674ab1b5d904b,3,3,1,2,0
Gemini 3.8 Flash,672433577fb5d24be68f010d,2,3,1,1,1
Gemini 3.8 Flash,67243887a7c5f8f463109d82,2,3,1,0,0
Gemini 3.8 Flash,672455ce7a14971607e3d9f0,2,3,1,1,1
Gemini 3.8 Flash,6724db7012a8d5ea6a619372,3,3,1,0,0
Gemini 3.8 Flash,6724f8b80c7d03e5a66cce57,3,3,1,2,0
Gemini 3.8 Flash,6724ff0dea5926938a631b9e,2,3,1,2,0
Gemini 3.8 Flash,6724ffb21d07f0962c8993cf,1,3,1,0,0
Gemini 3.8 Flash,672507e82cc2a1349f1ffaf1,1,3,1,0,0
Gemini 3.8 Flash,672528b1fc012fdec7fc63c8,1,3,1,0,0
Gemini 3.8 Flash,67253c33ad98e94b47ea3477,1,3,1,1,1
Gemini 3.8 Flash,67254a56046774791d0f1a41,2,3,1,0,0
Gemini 3.8 Flash,67256656d246bf5d21d1377e,3,3,1,1,1
Gemini 3.8 Flash,672572ba1b7caf96dfa80324,3,3,1,2,0
Gemini 3.8 Flash,6725b1b58255543498bdcbd1,3,3,1,2,0
Gemini 3.8 Flash,67260ae24ee1765ace1c8a54,3,3,1,0,0
Gemini 3.8 Flash,672626078a65c5d33e24d92c,2,3,1,1,0
Gemini 3.8 Flash,6726941826b7fc6a39fbe581,3,3,1,2,0
Gemini 3.8 Flash,672b304eddf99de9738de25d,2,3,1,2,0
Gemini 3.8 Flash,672bb2605a3e88050ba2cef8,1,3,1,0,0
Gemini 3.8 Flash,672bb9be168a1a30f1f92fcc,2,3,1,2,1
Gemini 3.8 Flash,672e50c6b9281732f28aa0f3,3,3,1,2,0
Gemini 3.8 Flash,672e6e4a85ed85778c0fb28e,1,3,1,0,0
Gemini 3.8 Flash,672ff71e724ca22f42c0ff85,1,3,1,0,0
Gemini 3.8 Flash,6732839d5526e01108e12127,2,3,1,0,0
Gemini 3.8 Flash,6733fca10a354898fb579c2e,1,3,1,0,0
Gemini 3.8 Flash,6736edefe41312420acd05a0,2,3,1,1,1
Gemini 3.8 Flash,67371f93d09c0e422ae3658b,2,3,1,1,0
Gemini 3.8 Flash,673735aa61f20f11eb1097d2,2,3,1,2,0
Gemini 3.8 Flash,67375e6f8b1cc52c211f95ce,3,3,1,1,0
Gemini 3.8 Flash,673799cf4d349e2ed66792d2,3,3,1,2,0
Gemini 3.8 Flash,67399d0163641fb0bc110db9,3,3,1,2,0
Gemini 3.8 Flash,673a5fa4329d98c7d4b69d60,3,3,1,2,0
Gemini 3.8 Flash,673a76559e89466aa6433f66,1,3,1,2,0
Gemini 3.8 Flash,673fce92f7f86aa77259187a,1,3,1,1,1
Gemini 3.8 Flash,6749b2994fd3108e46cd57d7,1,3,1,1,0
Gemini 3.8 Flash,67672352c393c4ff629cb820,1,3,1,0,0
Gemini 3.8 Flash,6770832c6b74a5103a07f031,1,3,1,0,0
Gemini 3.8 Flash,677b26a903cb2e13f2c755ef,1,3,1,1,1
Gemini 3.8 Flash,67a47e0425adc58b1e414011,1,3,1,2,0
Gemini 3.8 Flash,67d09fd38fd17c121c0b49ad,3,3,1,2,0
Gemini 3.8 Flash,66e884515ab37f0a7da089bf,1,4,0,1,1
Gemini 3.8 Flash,66e88728ba7d8bc0d5806f3a,2,4,0,1,1
Gemini 3.8 Flash,66e8d4736299517dd7a5da8c,3,4,0,2,2
Gemini 3.8 Flash,66e906f860abc895aedcf467,3,4,0,2,0
Gemini 3.8 Flash,66e962f814e5657e81349bfa,1,4,0,0,0
Gemini 3.8 Flash,66e996260930c00374ceaa0b,3,4,0,3,0
Gemini 3.8 Flash,66e9c038d2d1c2dec1f6978e,1,4,0,1,0
Gemini 3.8 Flash,66e9fc11c19c8c61add294f0,1,4,0,2,0
Gemini 3.8 Flash,66ea29ab7131229007ccbd9d,2,4,0,0,0
Gemini 3.8 Flash,66eae4e351a34eec5d943952,3,4,0,3,0
Gemini 3.8 Flash,66eafb96b082c5e6a76a49c0,1,4,0,1,1
Gemini 3.8 Flash,66eb206f99363a31f68414bc,3,4,0,4,0
Gemini 3.8 Flash,66ed28dfde312a049a78b3ba,3,4,0,1,1
Gemini 3.8 Flash,66f000874b6bc4f9d21fc7fa,2,4,0,0,0
Gemini 3.8 Flash,66f03563a291f119cd841967,1,4,0,0,0
Gemini 3.8 Flash,66f2b236b1d41433f8a4edea,1,4,0,2,2
Gemini 3.8 Flash,66f3117acff7b10052fe1e3d,2,4,0,4,0
Gemini 3.8 Flash,66f42e3287046c01dba2115b,3,4,0,0,0
Gemini 3.8 Flash,66f57e3ddc7259d8b5bb0b46,1,4,0,3,0
Gemini 3.8 Flash,66f77487fb10531253ee7842,3,4,0,2,0
Gemini 3.8 Flash,66f83aed0d92e99048a4ae9d,1,4,0,3,0
Gemini 3.8 Flash,66fc2282b7609fc1d8099125,2,4,0,0,0
Gemini 3.8 Flash,66fc5e611f5f3f3b48ae9566,1,4,0,1,1
Gemini 3.8 Flash,66fc8f1b8a73f859d8fa1608,3,4,0,2,0
Gemini 3.8 Flash,66fe596c0eeb4521791d31ef,3,4,0,2,0
Gemini 3.8 Flash,66fe796bc12cbe6aeaa26e69,3,4,0,2,2
Gemini 3.8 Flash,670010ff77983eff561814b2,1,4,0,1,1
Gemini 3.8 Flash,6700a5676c339d61ecccb86d,1,4,0,1,0
Gemini 3.8 Flash,67015a7f6a2b21f149f3aaba,2,4,0,0,0
Gemini 3.8 Flash,6701de16d9e4cd1aa812414b,3,4,0,4,0
Gemini 3.8 Flash,6704409592a84f23e5b73e95,2,4,0,0,0
Gemini 3.8 Flash,670620323fd82754d2f4cc7c,3,4,0,2,0
Gemini 3.8 Flash,67095af56022f900e8e76028,1,4,0,0,0
Gemini 3.8 Flash,670b307567eb710437409184,1,4,0,2,2
Gemini 3.8 Flash,670c83ba4aece479236947cb,1,4,0,2,0
Gemini 3.8 Flash,670d933ad54037c51abbe3ca,1,4,0,1,1
Gemini 3.8 Flash,670daa682c5d078fa33fba12,1,4,0,0,0
Gemini 3.8 Flash,670e5c2720bb63b6da63b879,3,4,0,1,0
Gemini 3.8 Flash,670e9b885d472377f6c572a2,2,4,0,2,0
Gemini 3.8 Flash,6710f26eaa2039046e5aea6e,3,4,0,3,0
Gemini 3.8 Flash,6711eb4e1c08a07a8d243847,3,4,0,4,0
Gemini 3.8 Flash,6715a17ddf8f7209e373b9b0,2,4,0,1,1
Gemini 3.8 Flash,671699cb0b00e84566da1812,3,4,0,3,0
Gemini 3.8 Flash,6716e894e9b87625209506ca,3,4,0,3,0
Gemini 3.8 Flash,671702c1e5b9112a7699686f,1,4,0,0,0
Gemini 3.8 Flash,6718487afba38eebcbc8034b,1,4,0,0,0
Gemini 3.8 Flash,671aa91f6a8e7c23ccbf902b,2,4,0,2,2
Gemini 3.8 Flash,671abddb40e08981d8fd796a,1,4,0,0,0
Gemini 3.8 Flash,671ac641136758472327f851,2,4,0,0,0
Gemini 3.8 Flash,671ad5ceed3d54e87368bc68,1,4,0,2,0
Gemini 3.8 Flash,671bb0b0863984716ffe8850,2,4,0,3,0
Gemini 3.8 Flash,671d9eb3355c956ce7de5a90,3,4,0,1,0
Gemini 3.8 Flash,671dfacd16b873a455cbd5e0,1,4,0,2,0
Gemini 3.8 Flash,671f1f88e6600c2d52d9fbe6,1,4,0,2,0
Gemini 3.8 Flash,671f2b0ee38f776acdad8aa1,1,4,0,0,0
Gemini 3.8 Flash,671fc9d46c5d3903234cd391,2,4,0,4,0
Gemini 3.8 Flash,671fee575a0f70920ad3bd80,2,4,0,2,0
Gemini 3.8 Flash,671ffad8e46fcc9dbd54ce6e,1,4,0,2,2
Gemini 3.8 Flash,672045da452d0bd5546e11e6,2,4,0,0,0
Gemini 3.8 Flash,6720d5455cedc02ed70dbe42,3,4,0,2,0
Gemini 3.8 Flash,6721fbd7b5bc9936c245bb78,1,4,0,0,0
Gemini 3.8 Flash,67232c88e22b01bfa7b8f156,2,4,0,2,0
Gemini 3.8 Flash,6723658569bb6b9a5a4499b0,1,4,0,1,0
Gemini 3.8 Flash,672403fa5461772b24b2e651,2,4,0,0,0
Gemini 3.8 Flash,67240e5586f4c71a70e0b498,2,4,0,1,1
Gemini 3.8 Flash,67240e5786f4c71a70e0b499,3,4,0,4,0
Gemini 3.8 Flash,67242f1f911674ab1b5d904b,3,4,0,3,0
Gemini 3.8 Flash,672433577fb5d24be68f010d,2,4,0,3,0
Gemini 3.8 Flash,67243887a7c5f8f463109d82,2,4,0,1,0
Gemini 3.8 Flash,672455ce7a14971607e3d9f0,2,4,0,0,0
Gemini 3.8 Flash,6724db7012a8d5ea6a619372,3,4,0,2,0
Gemini 3.8 Flash,6724f8b80c7d03e5a66cce57,3,4,0,4,0
Gemini 3.8 Flash,6724ff0dea5926938a631b9e,2,4,0,3,0
Gemini 3.8 Flash,6724ffb21d07f0962c8993cf,1,4,0,0,0
Gemini 3.8 Flash,672507e82cc2a1349f1ffaf1,1,4,0,0,0
Gemini 3.8 Flash,672528b1fc012fdec7fc63c8,1,4,0,2,0
Gemini 3.8 Flash,67253c33ad98e94b47ea3477,1,4,0,1,1
Gemini 3.8 Flash,67254a56046774791d0f1a41,2,4,0,2,2
Gemini 3.8 Flash,67256656d246bf5d21d1377e,3,4,0,4,0
Gemini 3.8 Flash,672572ba1b7caf96dfa80324,3,4,0,3,0
Gemini 3.8 Flash,6725b1b58255543498bdcbd1,3,4,0,2,0
Gemini 3.8 Flash,67260ae24ee1765ace1c8a54,3,4,0,0,0
Gemini 3.8 Flash,672626078a65c5d33e24d92c,2,4,0,0,0
Gemini 3.8 Flash,6726941826b7fc6a39fbe581,3,4,0,1,0
Gemini 3.8 Flash,672b304eddf99de9738de25d,2,4,0,2,0
Gemini 3.8 Flash,672bb2605a3e88050ba2cef8,1,4,0,0,0
Gemini 3.8 Flash,672bb9be168a1a30f1f92fcc,2,4,0,3,0
Gemini 3.8 Flash,672e50c6b9281732f28aa0f3,3,4,0,2,0
Gemini 3.8 Flash,672e6e4a85ed85778c0fb28e,1,4,0,0,0
Gemini 3.8 Flash,672ff71e724ca22f42c0ff85,1,4,0,0,0
Gemini 3.8 Flash,6732839d5526e01108e12127,2,4,0,4,0
Gemini 3.8 Flash,6733fca10a354898fb579c2e,1,4,0,1,1
Gemini 3.8 Flash,6736edefe41312420acd05a0,2,4,0,2,0
Gemini 3.8 Flash,67371f93d09c0e422ae3658b,2,4,0,3,3
Gemini 3.8 Flash,673735aa61f20f11eb1097d2,2,4,0,3,0
Gemini 3.8 Flash,67375e6f8b1cc52c211f95ce,3,4,0,4,0
Gemini 3.8 Flash,673799cf4d349e2ed66792d2,3,4,0,2,0
Gemini 3.8 Flash,67399d0163641fb0bc110db9,3,4,0,3,0
Gemini 3.8 Flash,673a5fa4329d98c7d4b69d60,3,4,0,4,0
Gemini 3.8 Flash,673a76559e89466aa6433f66,1,4,0,3,0
Gemini 3.8 Flash,673fce92f7f86aa77259187a,1,4,0,2,0
Gemini 3.8 Flash,6749b2994fd3108e46cd57d7,1,4,0,0,0
Gemini 3.8 Flash,67672352c393c4ff629cb820,1,4,0,0,0
Gemini 3.8 Flash,6770832c6b74a5103a07f031,1,4,0,2,0
Gemini 3.8 Flash,677b26a903cb2e13f2c755ef,1,4,0,0,0
Gemini 3.8 Flash,67a47e0425adc58b1e414011,1,4,0,2,0
Gemini 3.8 Flash,67d09fd38fd17c121c0b49ad,3,4,0,4,0
Gemini 3.8 Flash,66e884515ab37f0a7da089bf,1,6,2,0,0
Gemini 3.8 Flash,66e88728ba7d8bc0d5806f3a,2,6,2,1,0
Gemini 3.8 Flash,66e8d4736299517dd7a5da8c,3,6,2,2,2
Gemini 3.8 Flash,66e906f860abc895aedcf467,3,6,2,1,0
Gemini 3.8 Flash,66e962f814e5657e81349bfa,1,6,2,2,0
Gemini 3.8 Flash,66e996260930c00374ceaa0b,3,6,2,4,0
Gemini 3.8 Flash,66e9c038d2d1c2dec1f6978e,1,6,2,1,0
Gemini 3.8 Flash,66e9fc11c19c8c61add294f0,1,6,2,1,1
Gemini 3.8 Flash,66ea29ab7131229007ccbd9d,2,6,2,1,1
Gemini 3.8 Flash,66eae4e351a34eec5d943952,3,6,2,1,0
Gemini 3.8 Flash,66eafb96b082c5e6a76a49c0,1,6,2,1,0
Gemini 3.8 Flash,66eb206f99363a31f68414bc,3,6,2,3,0
Gemini 3.8 Flash,66ed28dfde312a049a78b3ba,3,6,2,1,0
Gemini 3.8 Flash,66f000874b6bc4f9d21fc7fa,2,6,2,3,0
Gemini 3.8 Flash,66f03563a291f119cd841967,1,6,2,0,0
Gemini 3.8 Flash,66f2b236b1d41433f8a4edea,1,6,2,1,1
Gemini 3.8 Flash,66f3117acff7b10052fe1e3d,2,6,2,4,0
Gemini 3.8 Flash,66f42e3287046c01dba2115b,3,6,2,1,1
Gemini 3.8 Flash,66f57e3ddc7259d8b5bb0b46,1,6,2,1,0
Gemini 3.8 Flash,66f77487fb10531253ee7842,3,6,2,1,1
Gemini 3.8 Flash,66f83aed0d92e99048a4ae9d,1,6,2,3,0
Gemini 3.8 Flash,66fc2282b7609fc1d8099125,2,6,2,1,1
Gemini 3.8 Flash,66fc5e611f5f3f3b48ae9566,1,6,2,3,0
Gemini 3.8 Flash,66fc8f1b8a73f859d8fa1608,3,6,2,3,3
Gemini 3.8 Flash,66fe596c0eeb4521791d31ef,3,6,2,2,2
Gemini 3.8 Flash,66fe796bc12cbe6aeaa26e69,3,6,2,1,1
Gemini 3.8 Flash,670010ff77983eff561814b2,1,6,2,1,1
Gemini 3.8 Flash,6700a5676c339d61ecccb86d,1,6,2,0,0
Gemini 3.8 Flash,67015a7f6a2b21f149f3aaba,2,6,2,1,1
Gemini 3.8 Flash,6701de16d9e4cd1aa812414b,3,6,2,3,0
Gemini 3.8 Flash,6704409592a84f23e5b73e95,2,6,2,4,0
Gemini 3.8 Flash,670620323fd82754d2f4cc7c,3,6,2,2,0
Gemini 3.8 Flash,67095af56022f900e8e76028,1,6,2,2,2
Gemini 3.8 Flash,670b307567eb710437409184,1,6,2,2,2
Gemini 3.8 Flash,670c83ba4aece479236947cb,1,6,2,3,0
Gemini 3.8 Flash,670d933ad54037c51abbe3ca,1,6,2,4,2
Gemini 3.8 Flash,670daa682c5d078fa33fba12,1,6,2,0,0
Gemini 3.8 Flash,670e5c2720bb63b6da63b879,3,6,2,4,0
Gemini 3.8 Flash,670e9b885d472377f6c572a2,2,6,2,4,3
Gemini 3.8 Flash,6710f26eaa2039046e5aea6e,3,6,2,4,0
Gemini 3.8 Flash,6711eb4e1c08a07a8d243847,3,6,2,4,0
Gemini 3.8 Flash,6715a17ddf8f7209e373b9b0,2,6,2,0,0
Gemini 3.8 Flash,671699cb0b00e84566da1812,3,6,2,4,0
Gemini 3.8 Flash,6716e894e9b87625209506ca,3,6,2,3,0
Gemini 3.8 Flash,671702c1e5b9112a7699686f,1,6,2,0,0
Gemini 3.8 Flash,6718487afba38eebcbc8034b,1,6,2,0,0
Gemini 3.8 Flash,671aa91f6a8e7c23ccbf902b,2,6,2,3,3
Gemini 3.8 Flash,671abddb40e08981d8fd796a,1,6,2,1,1
Gemini 3.8 Flash,671ac641136758472327f851,2,6,2,1,1
Gemini 3.8 Flash,671ad5ceed3d54e87368bc68,1,6,2,2,0
Gemini 3.8 Flash,671bb0b0863984716ffe8850,2,6,2,4,0
Gemini 3.8 Flash,671d9eb3355c956ce7de5a90,3,6,2,1,1
Gemini 3.8 Flash,671dfacd16b873a455cbd5e0,1,6,2,2,0
Gemini 3.8 Flash,671f1f88e6600c2d52d9fbe6,1,6,2,3,0
Gemini 3.8 Flash,671f2b0ee38f776acdad8aa1,1,6,2,0,0
Gemini 3.8 Flash,671fc9d46c5d3903234cd391,2,6,2,3,0
Gemini 3.8 Flash,671fee575a0f70920ad3bd80,2,6,2,2,2
Gemini 3.8 Flash,671ffad8e46fcc9dbd54ce6e,1,6,2,1,1
Gemini 3.8 Flash,672045da452d0bd5546e11e6,2,6,2,0,0
Gemini 3.8 Flash,6720d5455cedc02ed70dbe42,3,6,2,3,0
Gemini 3.8 Flash,6721fbd7b5bc9936c245bb78,1,6,2,1,1
Gemini 3.8 Flash,67232c88e22b01bfa7b8f156,2,6,2,4,0
Gemini 3.8 Flash,6723658569bb6b9a5a4499b0,1,6,2,1,0
Gemini 3.8 Flash,672403fa5461772b24b2e651,2,6,2,0,0
Gemini 3.8 Flash,67240e5586f4c71a70e0b498,2,6,2,3,3
Gemini 3.8 Flash,67240e5786f4c71a70e0b499,3,6,2,4,0
Gemini 3.8 Flash,67242f1f911674ab1b5d904b,3,6,2,4,0
Gemini 3.8 Flash,672433577fb5d24be68f010d,2,6,2,1,1
Gemini 3.8 Flash,67243887a7c5f8f463109d82,2,6,2,3,3
Gemini 3.8 Flash,672455ce7a14971607e3d9f0,2,6,2,1,1
Gemini 3.8 Flash,6724db7012a8d5ea6a619372,3,6,2,2,2
Gemini 3.8 Flash,6724f8b80c7d03e5a66cce57,3,6,2,3,0
Gemini 3.8 Flash,6724ff0dea5926938a631b9e,2,6,2,4,0
Gemini 3.8 Flash,6724ffb21d07f0962c8993cf,1,6,2,1,1
Gemini 3.8 Flash,672507e82cc2a1349f1ffaf1,1,6,2,0,0
Gemini 3.8 Flash,672528b1fc012fdec7fc63c8,1,6,2,0,0
Gemini 3.8 Flash,67253c33ad98e94b47ea3477,1,6,2,1,1
Gemini 3.8 Flash,67254a56046774791d0f1a41,2,6,2,4,4
Gemini 3.8 Flash,67256656d246bf5d21d1377e,3,6,2,4,0
Gemini 3.8 Flash,672572ba1b7caf96dfa80324,3,6,2,2,2
Gemini 3.8 Flash,6725b1b58255543498bdcbd1,3,6,2,3,0
Gemini 3.8 Flash,67260ae24ee1765ace1c8a54,3,6,2,0,0
Gemini 3.8 Flash,672626078a65c5d33e24d92c,2,6,2,2,0
Gemini 3.8 Flash,6726941826b7fc6a39fbe581,3,6,2,2,0
Gemini 3.8 Flash,672b304eddf99de9738de25d,2,6,2,3,0
Gemini 3.8 Flash,672bb2605a3e88050ba2cef8,1,6,2,1,1
Gemini 3.8 Flash,672bb9be168a1a30f1f92fcc,2,6,2,2,0
Gemini 3.8 Flash,672e50c6b9281732f28aa0f3,3,6,2,3,0
Gemini 3.8 Flash,672e6e4a85ed85778c0fb28e,1,6,2,1,1
Gemini 3.8 Flash,672ff71e724ca22f42c0ff85,1,6,2,0,0
Gemini 3.8 Flash,6732839d5526e01108e12127,2,6,2,2,2
Gemini 3.8 Flash,6733fca10a354898fb579c2e,1,6,2,2,0
Gemini 3.8 Flash,6736edefe41312420acd05a0,2,6,2,3,0
Gemini 3.8 Flash,67371f93d09c0e422ae3658b,2,6,2,3,0
Gemini 3.8 Flash,673735aa61f20f11eb1097d2,2,6,2,4,0
Gemini 3.8 Flash,67375e6f8b1cc52c211f95ce,3,6,2,4,0
Gemini 3.8 Flash,673799cf4d349e2ed66792d2,3,6,2,4,1
Gemini 3.8 Flash,67399d0163641fb0bc110db9,3,6,2,3,0
Gemini 3.8 Flash,673a5fa4329d98c7d4b69d60,3,6,2,2,0
Gemini 3.8 Flash,673a76559e89466aa6433f66,1,6,2,0,0
Gemini 3.8 Flash,673fce92f7f86aa77259187a,1,6,2,1,1
Gemini 3.8 Flash,6749b2994fd3108e46cd57d7,1,6,2,2,0
Gemini 3.8 Flash,67672352c393c4ff629cb820,1,6,2,1,0
Gemini 3.8 Flash,6770832c6b74a5103a07f031,1,6,2,1,0
Gemini 3.8 Flash,677b26a903cb2e13f2c755ef,1,6,2,0,0
Gemini 3.8 Flash,67a47e0425adc58b1e414011,1,6,2,3,0
Gemini 3.8 Flash,67d09fd38fd17c121c0b49ad,3,6,2,4,0
Gemini 3.8 Flash,66e884515ab37f0a7da089bf,1,7,3,1,1
Gemini 3.8 Flash,66e88728ba7d8bc0d5806f3a,2,7,3,1,0
Gemini 3.8 Flash,66e8d4736299517dd7a5da8c,3,7,3,3,3
Gemini 3.8 Flash,66e906f860abc895aedcf467,3,7,3,1,0
Gemini 3.8 Flash,66e962f814e5657e81349bfa,1,7,3,0,0
Gemini 3.8 Flash,66e996260930c00374ceaa0b,3,7,3,4,0
Gemini 3.8 Flash,66e9c038d2d1c2dec1f6978e,1,7,3,0,0
Gemini 3.8 Flash,66e9fc11c19c8c61add294f0,1,7,3,2,2
Gemini 3.8 Flash,66ea29ab7131229007ccbd9d,2,7,3,2,2
Gemini 3.8 Flash,66eae4e351a34eec5d943952,3,7,3,3,0
Gemini 3.8 Flash,66eafb96b082c5e6a76a49c0,1,7,3,0,0
Gemini 3.8 Flash,66eb206f99363a31f68414bc,3,7,3,4,0
Gemini 3.8 Flash,66ed28dfde312a049a78b3ba,3,7,3,0,0
Gemini 3.8 Flash,66f000874b6bc4f9d21fc7fa,2,7,3,3,0
Gemini 3.8 Flash,66f03563a291f119cd841967,1,7,3,0,0
Gemini 3.8 Flash,66f2b236b1d41433f8a4edea,1,7,3,1,1
Gemini 3.8 Flash,66f3117acff7b10052fe1e3d,2,7,3,4,0
Gemini 3.8 Flash,66f42e3287046c01dba2115b,3,7,3,1,0
Gemini 3.8 Flash,66f57e3ddc7259d8b5bb0b46,1,7,3,3,0
Gemini 3.8 Flash,66f77487fb10531253ee7842,3,7,3,3,3
Gemini 3.8 Flash,66f83aed0d92e99048a4ae9d,1,7,3,2,0
Gemini 3.8 Flash,66fc2282b7609fc1d8099125,2,7,3,1,1
Gemini 3.8 Flash,66fc5e611f5f3f3b48ae9566,1,7,3,2,2
Gemini 3.8 Flash,66fc8f1b8a73f859d8fa1608,3,7,3,3,3
Gemini 3.8 Flash,66fe596c0eeb4521791d31ef,3,7,3,0,0
Gemini 3.8 Flash,66fe796bc12cbe6aeaa26e69,3,7,3,2,2
Gemini 3.8 Flash,670010ff77983eff561814b2,1,7,3,1,1
Gemini 3.8 Flash,6700a5676c339d61ecccb86d,1,7,3,0,0
Gemini 3.8 Flash,67015a7f6a2b21f149f3aaba,2,7,3,1,1
Gemini 3.8 Flash,6701de16d9e4cd1aa812414b,3,7,3,4,0
Gemini 3.8 Flash,6704409592a84f23e5b73e95,2,7,3,2,0
Gemini 3.8 Flash,670620323fd82754d2f4cc7c,3,7,3,4,0
Gemini 3.8 Flash,67095af56022f900e8e76028,1,7,3,1,1
Gemini 3.8 Flash,670b307567eb710437409184,1,7,3,2,2
Gemini 3.8 Flash,670c83ba4aece479236947cb,1,7,3,2,0
Gemini 3.8 Flash,670d933ad54037c51abbe3ca,1,7,3,1,0
Gemini 3.8 Flash,670daa682c5d078fa33fba12,1,7,3,1,0
Gemini 3.8 Flash,670e5c2720bb63b6da63b879,3,7,3,3,3
Gemini 3.8 Flash,670e9b885d472377f6c572a2,2,7,3,2,2
Gemini 3.8 Flash,6710f26eaa2039046e5aea6e,3,7,3,4,0
Gemini 3.8 Flash,6711eb4e1c08a07a8d243847,3,7,3,4,0
Gemini 3.8 Flash,6715a17ddf8f7209e373b9b0,2,7,3,1,1
Gemini 3.8 Flash,671699cb0b00e84566da1812,3,7,3,4,0
Gemini 3.8 Flash,6716e894e9b87625209506ca,3,7,3,4,0
Gemini 3.8 Flash,671702c1e5b9112a7699686f,1,7,3,0,0
Gemini 3.8 Flash,6718487afba38eebcbc8034b,1,7,3,0,0
Gemini 3.8 Flash,671aa91f6a8e7c23ccbf902b,2,7,3,2,2
Gemini 3.8 Flash,671abddb40e08981d8fd796a,1,7,3,1,1
Gemini 3.8 Flash,671ac641136758472327f851,2,7,3,0,0
Gemini 3.8 Flash,671ad5ceed3d54e87368bc68,1,7,3,2,0
Gemini 3.8 Flash,671bb0b0863984716ffe8850,2,7,3,4,4
Gemini 3.8 Flash,671d9eb3355c956ce7de5a90,3,7,3,2,2
Gemini 3.8 Flash,671dfacd16b873a455cbd5e0,1,7,3,1,0
Gemini 3.8 Flash,671f1f88e6600c2d52d9fbe6,1,7,3,0,0
Gemini 3.8 Flash,671f2b0ee38f776acdad8aa1,1,7,3,0,0
Gemini 3.8 Flash,671fc9d46c5d3903234cd391,2,7,3,3,0
Gemini 3.8 Flash,671fee575a0f70920ad3bd80,2,7,3,2,2
Gemini 3.8 Flash,671ffad8e46fcc9dbd54ce6e,1,7,3,1,1
Gemini 3.8 Flash,672045da452d0bd5546e11e6,2,7,3,1,0
Gemini 3.8 Flash,6720d5455cedc02ed70dbe42,3,7,3,4,0
Gemini 3.8 Flash,6721fbd7b5bc9936c245bb78,1,7,3,0,0
Gemini 3.8 Flash,67232c88e22b01bfa7b8f156,2,7,3,3,0
Gemini 3.8 Flash,6723658569bb6b9a5a4499b0,1,7,3,0,0
Gemini 3.8 Flash,672403fa5461772b24b2e651,2,7,3,1,1
Gemini 3.8 Flash,67240e5586f4c71a70e0b498,2,7,3,3,3
Gemini 3.8 Flash,67240e5786f4c71a70e0b499,3,7,3,4,4
Gemini 3.8 Flash,67242f1f911674ab1b5d904b,3,7,3,4,0
Gemini 3.8 Flash,672433577fb5d24be68f010d,2,7,3,2,2
Gemini 3.8 Flash,67243887a7c5f8f463109d82,2,7,3,2,0
Gemini 3.8 Flash,672455ce7a14971607e3d9f0,2,7,3,2,2
Gemini 3.8 Flash,6724db7012a8d5ea6a619372,3,7,3,3,3
Gemini 3.8 Flash,6724f8b80c7d03e5a66cce57,3,7,3,1,1
Gemini 3.8 Flash,6724ff0dea5926938a631b9e,2,7,3,4,0
Gemini 3.8 Flash,6724ffb21d07f0962c8993cf,1,7,3,0,0
Gemini 3.8 Flash,672507e82cc2a1349f1ffaf1,1,7,3,1,1
Gemini 3.8 Flash,672528b1fc012fdec7fc63c8,1,7,3,1,0
Gemini 3.8 Flash,67253c33ad98e94b47ea3477,1,7,3,3,3
Gemini 3.8 Flash,67254a56046774791d0f1a41,2,7,3,2,2
Gemini 3.8 Flash,67256656d246bf5d21d1377e,3,7,3,2,0
Gemini 3.8 Flash,672572ba1b7caf96dfa80324,3,7,3,4,0
Gemini 3.8 Flash,6725b1b58255543498bdcbd1,3,7,3,2,0
Gemini 3.8 Flash,67260ae24ee1765ace1c8a54,3,7,3,0,0
Gemini 3.8 Flash,672626078a65c5d33e24d92c,2,7,3,3,0
Gemini 3.8 Flash,6726941826b7fc6a39fbe581,3,7,3,3,0
Gemini 3.8 Flash,672b304eddf99de9738de25d,2,7,3,2,0
Gemini 3.8 Flash,672bb2605a3e88050ba2cef8,1,7,3,0,0
Gemini 3.8 Flash,672bb9be168a1a30f1f92fcc,2,7,3,3,0
Gemini 3.8 Flash,672e50c6b9281732f28aa0f3,3,7,3,4,4
Gemini 3.8 Flash,672e6e4a85ed85778c0fb28e,1,7,3,0,0
Gemini 3.8 Flash,672ff71e724ca22f42c0ff85,1,7,3,1,1
Gemini 3.8 Flash,6732839d5526e01108e12127,2,7,3,2,2
Gemini 3.8 Flash,6733fca10a354898fb579c2e,1,7,3,1,1
Gemini 3.8 Flash,6736edefe41312420acd05a0,2,7,3,0,0
Gemini 3.8 Flash,67371f93d09c0e422ae3658b,2,7,3,4,0
Gemini 3.8 Flash,673735aa61f20f11eb1097d2,2,7,3,4,0
Gemini 3.8 Flash,67375e6f8b1cc52c211f95ce,3,7,3,4,1
Gemini 3.8 Flash,673799cf4d349e2ed66792d2,3,7,3,4,0
Gemini 3.8 Flash,67399d0163641fb0bc110db9,3,7,3,4,0
Gemini 3.8 Flash,673a5fa4329d98c7d4b69d60,3,7,3,4,0
Gemini 3.8 Flash,673a76559e89466aa6433f66,1,7,3,1,1
Gemini 3.8 Flash,673fce92f7f86aa77259187a,1,7,3,3,3
Gemini 3.8 Flash,6749b2994fd3108e46cd57d7,1,7,3,0,0
Gemini 3.8 Flash,67672352c393c4ff629cb820,1,7,3,1,0
Gemini 3.8 Flash,6770832c6b74a5103a07f031,1,7,3,1,0
Gemini 3.8 Flash,677b26a903cb2e13f2c755ef,1,7,3,1,1
Gemini 3.8 Flash,67a47e0425adc58b1e414011,1,7,3,3,0
Gemini 3.8 Flash,67d09fd38fd17c121c0b49ad,3,7,3,4,0
Gemini 3.8 Flash,66e884515ab37f0a7da089bf,1,8,0,0,0
Gemini 3.8 Flash,66e88728ba7d8bc0d5806f3a,2,8,0,2,0
Gemini 3.8 Flash,66e8d4736299517dd7a5da8c,3,8,0,7,5
Gemini 3.8 Flash,66e906f860abc895aedcf467,3,8,0,5,0
Gemini 3.8 Flash,66e962f814e5657e81349bfa,1,8,0,3,0
Gemini 3.8 Flash,66e996260930c00374ceaa0b,3,8,0,8,0
Gemini 3.8 Flash,66e9c038d2d1c2dec1f6978e,1,8,0,3,0
Gemini 3.8 Flash,66e9fc11c19c8c61add294f0,1,8,0,3,0
Gemini 3.8 Flash,66ea29ab7131229007ccbd9d,2,8,0,2,0
Gemini 3.8 Flash,66eae4e351a34eec5d943952,3,8,0,4,0
Gemini 3.8 Flash,66eafb96b082c5e6a76a49c0,1,8,0,1,0
Gemini 3.8 Flash,66eb206f99363a31f68414bc,3,8,0,6,0
Gemini 3.8 Flash,66ed28dfde312a049a78b3ba,3,8,0,2,2
Gemini 3.8 Flash,66f000874b6bc4f9d21fc7fa,2,8,0,5,0
Gemini 3.8 Flash,66f03563a291f119cd841967,1,8,0,2,2
Gemini 3.8 Flash,66f2b236b1d41433f8a4edea,1,8,0,3,3
Gemini 3.8 Flash,66f3117acff7b10052fe1e3d,2,8,0,7,0
Gemini 3.8 Flash,66f42e3287046c01dba2115b,3,8,0,1,1
Gemini 3.8 Flash,66f57e3ddc7259d8b5bb0b46,1,8,0,6,0
Gemini 3.8 Flash,66f77487fb10531253ee7842,3,8,0,6,0
Gemini 3.8 Flash,66f83aed0d92e99048a4ae9d,1,8,0,5,0
Gemini 3.8 Flash,66fc2282b7609fc1d8099125,2,8,0,3,3
Gemini 3.8 Flash,66fc5e611f5f3f3b48ae9566,1,8,0,5,0
Gemini 3.8 Flash,66fc8f1b8a73f859d8fa1608,3,8,0,6,0
Gemini 3.8 Flash,66fe596c0eeb4521791d31ef,3,8,0,6,0
Gemini 3.8 Flash,66fe796bc12cbe6aeaa26e69,3,8,0,5,0
Gemini 3.8 Flash,670010ff77983eff561814b2,1,8,0,2,2
Gemini 3.8 Flash,6700a5676c339d61ecccb86d,1,8,0,3,0
Gemini 3.8 Flash,67015a7f6a2b21f149f3aaba,2,8,0,1,1
Gemini 3.8 Flash,6701de16d9e4cd1aa812414b,3,8,0,7,0
Gemini 3.8 Flash,6704409592a84f23e5b73e95,2,8,0,5,0
Gemini 3.8 Flash,670620323fd82754d2f4cc7c,3,8,0,7,0
Gemini 3.8 Flash,67095af56022f900e8e76028,1,8,0,5,0
Gemini 3.8 Flash,670b307567eb710437409184,1,8,0,3,3
Gemini 3.8 Flash,670c83ba4aece479236947cb,1,8,0,6,0
Gemini 3.8 Flash,670d933ad54037c51abbe3ca,1,8,0,2,0
Gemini 3.8 Flash,670daa682c5d078fa33fba12,1,8,0,1,0
Gemini 3.8 Flash,670e5c2720bb63b6da63b879,3,8,0,5,0
Gemini 3.8 Flash,670e9b885d472377f6c572a2,2,8,0,7,1
Gemini 3.8 Flash,6710f26eaa2039046e5aea6e,3,8,0,5,0
Gemini 3.8 Flash,6711eb4e1c08a07a8d243847,3,8,0,8,0
Gemini 3.8 Flash,6715a17ddf8f7209e373b9b0,2,8,0,2,0
Gemini 3.8 Flash,671699cb0b00e84566da1812,3,8,0,6,0
Gemini 3.8 Flash,6716e894e9b87625209506ca,3,8,0,7,0
Gemini 3.8 Flash,671702c1e5b9112a7699686f,1,8,0,1,1
Gemini 3.8 Flash,6718487afba38eebcbc8034b,1,8,0,2,0
Gemini 3.8 Flash,671aa91f6a8e7c23ccbf902b,2,8,0,4,4
Gemini 3.8 Flash,671abddb40e08981d8fd796a,1,8,0,1,1
Gemini 3.8 Flash,671ac641136758472327f851,2,8,0,1,1
Gemini 3.8 Flash,671ad5ceed3d54e87368bc68,1,8,0,6,0
Gemini 3.8 Flash,671bb0b0863984716ffe8850,2,8,0,7,0
Gemini 3.8 Flash,671d9eb3355c956ce7de5a90,3,8,0,3,0
Gemini 3.8 Flash,671dfacd16b873a455cbd5e0,1,8,0,7,0
Gemini 3.8 Flash,671f1f88e6600c2d52d9fbe6,1,8,0,2,2
Gemini 3.8 Flash,671f2b0ee38f776acdad8aa1,1,8,0,0,0
Gemini 3.8 Flash,671fc9d46c5d3903234cd391,2,8,0,8,0
Gemini 3.8 Flash,671fee575a0f70920ad3bd80,2,8,0,3,0
Gemini 3.8 Flash,671ffad8e46fcc9dbd54ce6e,1,8,0,2,2
Gemini 3.8 Flash,672045da452d0bd5546e11e6,2,8,0,2,0
Gemini 3.8 Flash,6720d5455cedc02ed70dbe42,3,8,0,6,0
Gemini 3.8 Flash,6721fbd7b5bc9936c245bb78,1,8,0,0,0
Gemini 3.8 Flash,67232c88e22b01bfa7b8f156,2,8,0,3,0
Gemini 3.8 Flash,6723658569bb6b9a5a4499b0,1,8,0,0,0
Gemini 3.8 Flash,672403fa5461772b24b2e651,2,8,0,1,1
Gemini 3.8 Flash,67240e5586f4c71a70e0b498,2,8,0,5,0
Gemini 3.8 Flash,67240e5786f4c71a70e0b499,3,8,0,7,0
Gemini 3.8 Flash,67242f1f911674ab1b5d904b,3,8,0,7,0
Gemini 3.8 Flash,672433577fb5d24be68f010d,2,8,0,2,2
Gemini 3.8 Flash,67243887a7c5f8f463109d82,2,8,0,6,0
Gemini 3.8 Flash,672455ce7a14971607e3d9f0,2,8,0,3,0
Gemini 3.8 Flash,6724db7012a8d5ea6a619372,3,8,0,4,4
Gemini 3.8 Flash,6724f8b80c7d03e5a66cce57,3,8,0,8,0
Gemini 3.8 Flash,6724ff0dea5926938a631b9e,2,8,0,6,0
Gemini 3.8 Flash,6724ffb21d07f0962c8993cf,1,8,0,2,2
Gemini 3.8 Flash,672507e82cc2a1349f1ffaf1,1,8,0,2,2
Gemini 3.8 Flash,672528b1fc012fdec7fc63c8,1,8,0,2,0
Gemini 3.8 Flash,67253c33ad98e94b47ea3477,1,8,0,4,0
Gemini 3.8 Flash,67254a56046774791d0f1a41,2,8,0,5,5
Gemini 3.8 Flash,67256656d246bf5d21d1377e,3,8,0,8,0
Gemini 3.8 Flash,672572ba1b7caf96dfa80324,3,8,0,6,0
Gemini 3.8 Flash,6725b1b58255543498bdcbd1,3,8,0,3,0
Gemini 3.8 Flash,67260ae24ee1765ace1c8a54,3,8,0,1,1
Gemini 3.8 Flash,672626078a65c5d33e24d92c,2,8,0,2,0
Gemini 3.8 Flash,6726941826b7fc6a39fbe581,3,8,0,7,0
Gemini 3.8 Flash,672b304eddf99de9738de25d,2,8,0,7,0
Gemini 3.8 Flash,672bb2605a3e88050ba2cef8,1,8,0,6,0
Gemini 3.8 Flash,672bb9be168a1a30f1f92fcc,2,8,0,5,0
Gemini 3.8 Flash,672e50c6b9281732f28aa0f3,3,8,0,1,1
Gemini 3.8 Flash,672e6e4a85ed85778c0fb28e,1,8,0,1,1
Gemini 3.8 Flash,672ff71e724ca22f42c0ff85,1,8,0,1,1
Gemini 3.8 Flash,6732839d5526e01108e12127,2,8,0,7,0
Gemini 3.8 Flash,6733fca10a354898fb579c2e,1,8,0,4,0
Gemini 3.8 Flash,6736edefe41312420acd05a0,2,8,0,7,0
Gemini 3.8 Flash,67371f93d09c0e422ae3658b,2,8,0,6,0
Gemini 3.8 Flash,673735aa61f20f11eb1097d2,2,8,0,6,0
Gemini 3.8 Flash,67375e6f8b1cc52c211f95ce,3,8,0,6,1
Gemini 3.8 Flash,673799cf4d349e2ed66792d2,3,8,0,4,0
Gemini 3.8 Flash,67399d0163641fb0bc110db9,3,8,0,6,0
Gemini 3.8 Flash,673a5fa4329d98c7d4b69d60,3,8,0,6,0
Gemini 3.8 Flash,673a76559e89466aa6433f66,1,8,0,8,0
Gemini 3.8 Flash,673fce92f7f86aa77259187a,1,8,0,4,1
Gemini 3.8 Flash,6749b2994fd3108e46cd57d7,1,8,0,1,0
Gemini 3.8 Flash,67672352c393c4ff629cb820,1,8,0,1,0
Gemini 3.8 Flash,6770832c6b74a5103a07f031,1,8,0,4,0
Gemini 3.8 Flash,677b26a903cb2e13f2c755ef,1,8,0,0,0
Gemini 3.8 Flash,67a47e0425adc58b1e414011,1,8,0,7,0
Gemini 3.8 Flash,67d09fd38fd17c121c0b49ad,3,8,0,8,0
Gemini 3.8 Flash,66e884515ab37f0a7da089bf,1,10,2,2,2
Gemini 3.8 Flash,66e88728ba7d8bc0d5806f3a,2,10,2,3,0
Gemini 3.8 Flash,66e8d4736299517dd7a5da8c,3,10,2,7,7
Gemini 3.8 Flash,66e906f860abc895aedcf467,3,10,2,3,0
Gemini 3.8 Flash,66e962f814e5657e81349bfa,1,10,2,1,0
Gemini 3.8 Flash,66e996260930c00374ceaa0b,3,10,2,8,0
Gemini 3.8 Flash,66e9c038d2d1c2dec1f6978e,1,10,2,3,0
Gemini 3.8 Flash,66e9fc11c19c8c61add294f0,1,10,2,2,2
Gemini 3.8 Flash,66ea29ab7131229007ccbd9d,2,10,2,3,0
Gemini 3.8 Flash,66eae4e351a34eec5d943952,3,10,2,7,0
Gemini 3.8 Flash,66eafb96b082c5e6a76a49c0,1,10,2,1,0
Gemini 3.8 Flash,66eb206f99363a31f68414bc,3,10,2,7,0
Gemini 3.8 Flash,66ed28dfde312a049a78b3ba,3,10,2,4,0
Gemini 3.8 Flash,66f000874b6bc4f9d21fc7fa,2,10,2,3,3
Gemini 3.8 Flash,66f03563a291f119cd841967,1,10,2,1,1
Gemini 3.8 Flash,66f2b236b1d41433f8a4edea,1,10,2,1,1
Gemini 3.8 Flash,66f3117acff7b10052fe1e3d,2,10,2,6,0
Gemini 3.8 Flash,66f42e3287046c01dba2115b,3,10,2,1,1
Gemini 3.8 Flash,66f57e3ddc7259d8b5bb0b46,1,10,2,7,0
Gemini 3.8 Flash,66f77487fb10531253ee7842,3,10,2,3,3
Gemini 3.8 Flash,66f83aed0d92e99048a4ae9d,1,10,2,8,0
Gemini 3.8 Flash,66fc2282b7609fc1d8099125,2,10,2,5,5
Gemini 3.8 Flash,66fc5e611f5f3f3b48ae9566,1,10,2,4,0
Gemini 3.8 Flash,66fc8f1b8a73f859d8fa1608,3,10,2,5,0
Gemini 3.8 Flash,66fe596c0eeb4521791d31ef,3,10,2,4,0
Gemini 3.8 Flash,66fe796bc12cbe6aeaa26e69,3,10,2,6,3
Gemini 3.8 Flash,670010ff77983eff561814b2,1,10,2,2,2
Gemini 3.8 Flash,6700a5676c339d61ecccb86d,1,10,2,3,0
Gemini 3.8 Flash,67015a7f6a2b21f149f3aaba,2,10,2,0,0
Gemini 3.8 Flash,6701de16d9e4cd1aa812414b,3,10,2,8,0
Gemini 3.8 Flash,6704409592a84f23e5b73e95,2,10,2,4,0
Gemini 3.8 Flash,670620323fd82754d2f4cc7c,3,10,2,7,0
Gemini 3.8 Flash,67095af56022f900e8e76028,1,10,2,2,2
Gemini 3.8 Flash,670b307567eb710437409184,1,10,2,4,4
Gemini 3.8 Flash,670c83ba4aece479236947cb,1,10,2,4,0
Gemini 3.8 Flash,670d933ad54037c51abbe3ca,1,10,2,2,0
Gemini 3.8 Flash,670daa682c5d078fa33fba12,1,10,2,2,0
Gemini 3.8 Flash,670e5c2720bb63b6da63b879,3,10,2,6,0
Gemini 3.8 Flash,670e9b885d472377f6c572a2,2,10,2,7,2
Gemini 3.8 Flash,6710f26eaa2039046e5aea6e,3,10,2,8,0
Gemini 3.8 Flash,6711eb4e1c08a07a8d243847,3,10,2,8,0
Gemini 3.8 Flash,6715a17ddf8f7209e373b9b0,2,10,2,3,0
Gemini 3.8 Flash,671699cb0b00e84566da1812,3,10,2,8,0
Gemini 3.8 Flash,6716e894e9b87625209506ca,3,10,2,6,0
Gemini 3.8 Flash,671702c1e5b9112a7699686f,1,10,2,0,0
Gemini 3.8 Flash,6718487afba38eebcbc8034b,1,10,2,3,0
Gemini 3.8 Flash,671aa91f6a8e7c23ccbf902b,2,10,2,5,5
Gemini 3.8 Flash,671abddb40e08981d8fd796a,1,10,2,1,1
Gemini 3.8 Flash,671ac641136758472327f851,2,10,2,1,1
Gemini 3.8 Flash,671ad5ceed3d54e87368bc68,1,10,2,5,0
Gemini 3.8 Flash,671bb0b0863984716ffe8850,2,10,2,8,0
Gemini 3.8 Flash,671d9eb3355c956ce7de5a90,3,10,2,7,0
Gemini 3.8 Flash,671dfacd16b873a455cbd5e0,1,10,2,6,0
Gemini 3.8 Flash,671f1f88e6600c2d52d9fbe6,1,10,2,2,0
Gemini 3.8 Flash,671f2b0ee38f776acdad8aa1,1,10,2,1,1
Gemini 3.8 Flash,671fc9d46c5d3903234cd391,2,10,2,7,0
Gemini 3.8 Flash,671fee575a0f70920ad3bd80,2,10,2,4,4
Gemini 3.8 Flash,671ffad8e46fcc9dbd54ce6e,1,10,2,4,4
Gemini 3.8 Flash,672045da452d0bd5546e11e6,2,10,2,0,0
Gemini 3.8 Flash,6720d5455cedc02ed70dbe42,3,10,2,7,0
Gemini 3.8 Flash,6721fbd7b5bc9936c245bb78,1,10,2,0,0
Gemini 3.8 Flash,67232c88e22b01bfa7b8f156,2,10,2,6,0
Gemini 3.8 Flash,6723658569bb6b9a5a4499b0,1,10,2,1,0
Gemini 3.8 Flash,672403fa5461772b24b2e651,2,10,2,1,1
Gemini 3.8 Flash,67240e5586f4c71a70e0b498,2,10,2,3,3
Gemini 3.8 Flash,67240e5786f4c71a70e0b499,3,10,2,8,0
Gemini 3.8 Flash,67242f1f911674ab1b5d904b,3,10,2,7,0
Gemini 3.8 Flash,672433577fb5d24be68f010d,2,10,2,4,0
Gemini 3.8 Flash,67243887a7c5f8f463109d82,2,10,2,3,0
Gemini 3.8 Flash,672455ce7a14971607e3d9f0,2,10,2,2,2
Gemini 3.8 Flash,6724db7012a8d5ea6a619372,3,10,2,6,0
Gemini 3.8 Flash,6724f8b80c7d03e5a66cce57,3,10,2,6,0
Gemini 3.8 Flash,6724ff0dea5926938a631b9e,2,10,2,6,0
Gemini 3.8 Flash,6724ffb21d07f0962c8993cf,1,10,2,0,0
Gemini 3.8 Flash,672507e82cc2a1349f1ffaf1,1,10,2,2,2
Gemini 3.8 Flash,672528b1fc012fdec7fc63c8,1,10,2,1,1
Gemini 3.8 Flash,67253c33ad98e94b47ea3477,1,10,2,4,4
Gemini 3.8 Flash,67254a56046774791d0f1a41,2,10,2,8,0
Gemini 3.8 Flash,67256656d246bf5d21d1377e,3,10,2,7,0
Gemini 3.8 Flash,672572ba1b7caf96dfa80324,3,10,2,6,0
Gemini 3.8 Flash,6725b1b58255543498bdcbd1,3,10,2,6,0
Gemini 3.8 Flash,67260ae24ee1765ace1c8a54,3,10,2,2,1
Gemini 3.8 Flash,672626078a65c5d33e24d92c,2,10,2,1,1
Gemini 3.8 Flash,6726941826b7fc6a39fbe581,3,10,2,3,3
Gemini 3.8 Flash,672b304eddf99de9738de25d,2,10,2,6,0
Gemini 3.8 Flash,672bb2605a3e88050ba2cef8,1,10,2,0,0
Gemini 3.8 Flash,672bb9be168a1a30f1f92fcc,2,10,2,5,0
Gemini 3.8 Flash,672e50c6b9281732f28aa0f3,3,10,2,6,0
Gemini 3.8 Flash,672e6e4a85ed85778c0fb28e,1,10,2,2,2
Gemini 3.8 Flash,672ff71e724ca22f42c0ff85,1,10,2,1,1
Gemini 3.8 Flash,6732839d5526e01108e12127,2,10,2,4,4
Gemini 3.8 Flash,6733fca10a354898fb579c2e,1,10,2,3,3
Gemini 3.8 Flash,6736edefe41312420acd05a0,2,10,2,4,0
Gemini 3.8 Flash,67371f93d09c0e422ae3658b,2,10,2,6,0
Gemini 3.8 Flash,673735aa61f20f11eb1097d2,2,10,2,7,0
Gemini 3.8 Flash,67375e6f8b1cc52c211f95ce,3,10,2,7,0
Gemini 3.8 Flash,673799cf4d349e2ed66792d2,3,10,2,7,0
Gemini 3.8 Flash,67399d0163641fb0bc110db9,3,10,2,6,0
Gemini 3.8 Flash,673a5fa4329d98c7d4b69d60,3,10,2,8,0
Gemini 3.8 Flash,673a76559e89466aa6433f66,1,10,2,4,0
Gemini 3.8 Flash,673fce92f7f86aa77259187a,1,10,2,4,4
Gemini 3.8 Flash,6749b2994fd3108e46cd57d7,1,10,2,2,0
Gemini 3.8 Flash,67672352c393c4ff629cb820,1,10,2,0,0
Gemini 3.8 Flash,6770832c6b74a5103a07f031,1,10,2,0,0
Gemini 3.8 Flash,677b26a903cb2e13f2c755ef,1,10,2,1,1
Gemini 3.8 Flash,67a47e0425adc58b1e414011,1,10,2,4,0
Gemini 3.8 Flash,67d09fd38fd17c121c0b49ad,3,10,2,8,0
Gemini 3.8 Flash,66e884515ab37f0a7da089bf,1,12,4,0,0
Gemini 3.8 Flash,66e88728ba7d8bc0d5806f3a,2,12,4,2,0
Gemini 3.8 Flash,66e8d4736299517dd7a5da8c,3,12,4,7,7
Gemini 3.8 Flash,66e906f860abc895aedcf467,3,12,4,5,0
Gemini 3.8 Flash,66e962f814e5657e81349bfa,1,12,4,3,0
Gemini 3.8 Flash,66e996260930c00374ceaa0b,3,12,4,8,0
Gemini 3.8 Flash,66e9c038d2d1c2dec1f6978e,1,12,4,2,2
Gemini 3.8 Flash,66e9fc11c19c8c61add294f0,1,12,4,3,3
Gemini 3.8 Flash,66ea29ab7131229007ccbd9d,2,12,4,2,0
Gemini 3.8 Flash,66eae4e351a34eec5d943952,3,12,4,4,0
Gemini 3.8 Flash,66eafb96b082c5e6a76a49c0,1,12,4,1,0
Gemini 3.8 Flash,66eb206f99363a31f68414bc,3,12,4,7,0
Gemini 3.8 Flash,66ed28dfde312a049a78b3ba,3,12,4,1,1
Gemini 3.8 Flash,66f000874b6bc4f9d21fc7fa,2,12,4,4,0
Gemini 3.8 Flash,66f03563a291f119cd841967,1,12,4,1,1
Gemini 3.8 Flash,66f2b236b1d41433f8a4edea,1,12,4,5,0
Gemini 3.8 Flash,66f3117acff7b10052fe1e3d,2,12,4,6,0
Gemini 3.8 Flash,66f42e3287046c01dba2115b,3,12,4,1,0
Gemini 3.8 Flash,66f57e3ddc7259d8b5bb0b46,1,12,4,5,0
Gemini 3.8 Flash,66f77487fb10531253ee7842,3,12,4,7,7
Gemini 3.8 Flash,66f83aed0d92e99048a4ae9d,1,12,4,3,0
Gemini 3.8 Flash,66fc2282b7609fc1d8099125,2,12,4,4,4
Gemini 3.8 Flash,66fc5e611f5f3f3b48ae9566,1,12,4,2,2
Gemini 3.8 Flash,66fc8f1b8a73f859d8fa1608,3,12,4,5,5
Gemini 3.8 Flash,66fe596c0eeb4521791d31ef,3,12,4,3,0
Gemini 3.8 Flash,66fe796bc12cbe6aeaa26e69,3,12,4,5,5
Gemini 3.8 Flash,670010ff77983eff561814b2,1,12,4,4,4
Gemini 3.8 Flash,6700a5676c339d61ecccb86d,1,12,4,5,0
Gemini 3.8 Flash,67015a7f6a2b21f149f3aaba,2,12,4,1,1
Gemini 3.8 Flash,6701de16d9e4cd1aa812414b,3,12,4,8,0
Gemini 3.8 Flash,6704409592a84f23e5b73e95,2,12,4,7,0
Gemini 3.8 Flash,670620323fd82754d2f4cc7c,3,12,4,6,0
Gemini 3.8 Flash,67095af56022f900e8e76028,1,12,4,2,2
Gemini 3.8 Flash,670b307567eb710437409184,1,12,4,2,2
Gemini 3.8 Flash,670c83ba4aece479236947cb,1,12,4,5,0
Gemini 3.8 Flash,670d933ad54037c51abbe3ca,1,12,4,3,3
Gemini 3.8 Flash,670daa682c5d078fa33fba12,1,12,4,1,1
Gemini 3.8 Flash,670e5c2720bb63b6da63b879,3,12,4,5,0
Gemini 3.8 Flash,670e9b885d472377f6c572a2,2,12,4,6,1
Gemini 3.8 Flash,6710f26eaa2039046e5aea6e,3,12,4,8,0
Gemini 3.8 Flash,6711eb4e1c08a07a8d243847,3,12,4,8,0
Gemini 3.8 Flash,6715a17ddf8f7209e373b9b0,2,12,4,1,1
Gemini 3.8 Flash,671699cb0b00e84566da1812,3,12,4,7,0
Gemini 3.8 Flash,6716e894e9b87625209506ca,3,12,4,7,0
Gemini 3.8 Flash,671702c1e5b9112a7699686f,1,12,4,0,0
Gemini 3.8 Flash,6718487afba38eebcbc8034b,1,12,4,5,0
Gemini 3.8 Flash,671aa91f6a8e7c23ccbf902b,2,12,4,5,5
Gemini 3.8 Flash,671abddb40e08981d8fd796a,1,12,4,2,2
Gemini 3.8 Flash,671ac641136758472327f851,2,12,4,0,0
Gemini 3.8 Flash,671ad5ceed3d54e87368bc68,1,12,4,3,0
Gemini 3.8 Flash,671bb0b0863984716ffe8850,2,12,4,8,0
Gemini 3.8 Flash,671d9eb3355c956ce7de5a90,3,12,4,3,0
Gemini 3.8 Flash,671dfacd16b873a455cbd5e0,1,12,4,5,0
Gemini 3.8 Flash,671f1f88e6600c2d52d9fbe6,1,12,4,3,0
Gemini 3.8 Flash,671f2b0ee38f776acdad8aa1,1,12,4,0,0
Gemini 3.8 Flash,671fc9d46c5d3903234cd391,2,12,4,8,0
Gemini 3.8 Flash,671fee575a0f70920ad3bd80,2,12,4,3,3
Gemini 3.8 Flash,671ffad8e46fcc9dbd54ce6e,1,12,4,2,2
Gemini 3.8 Flash,672045da452d0bd5546e11e6,2,12,4,0,0
Gemini 3.8 Flash,6720d5455cedc02ed70dbe42,3,12,4,4,0
Gemini 3.8 Flash,6721fbd7b5bc9936c245bb78,1,12,4,1,1
Gemini 3.8 Flash,67232c88e22b01bfa7b8f156,2,12,4,3,0
Gemini 3.8 Flash,6723658569bb6b9a5a4499b0,1,12,4,0,0
Gemini 3.8 Flash,672403fa5461772b24b2e651,2,12,4,0,0
Gemini 3.8 Flash,67240e5586f4c71a70e0b498,2,12,4,5,5
Gemini 3.8 Flash,67240e5786f4c71a70e0b499,3,12,4,7,0
Gemini 3.8 Flash,67242f1f911674ab1b5d904b,3,12,4,8,0
Gemini 3.8 Flash,672433577fb5d24be68f010d,2,12,4,5,5
Gemini 3.8 Flash,67243887a7c5f8f463109d82,2,12,4,4,4
Gemini 3.8 Flash,672455ce7a14971607e3d9f0,2,12,4,4,4
Gemini 3.8 Flash,6724db7012a8d5ea6a619372,3,12,4,7,7
Gemini 3.8 Flash,6724f8b80c7d03e5a66cce57,3,12,4,4,4
Gemini 3.8 Flash,6724ff0dea5926938a631b9e,2,12,4,7,0
Gemini 3.8 Flash,6724ffb21d07f0962c8993cf,1,12,4,2,2
Gemini 3.8 Flash,672507e82cc2a1349f1ffaf1,1,12,4,1,1
Gemini 3.8 Flash,672528b1fc012fdec7fc63c8,1,12,4,0,0
Gemini 3.8 Flash,67253c33ad98e94b47ea3477,1,12,4,2,2
Gemini 3.8 Flash,67254a56046774791d0f1a41,2,12,4,5,5
Gemini 3.8 Flash,67256656d246bf5d21d1377e,3,12,4,8,0
Gemini 3.8 Flash,672572ba1b7caf96dfa80324,3,12,4,7,0
Gemini 3.8 Flash,6725b1b58255543498bdcbd1,3,12,4,4,0
Gemini 3.8 Flash,67260ae24ee1765ace1c8a54,3,12,4,3,0
Gemini 3.8 Flash,672626078a65c5d33e24d92c,2,12,4,2,0
Gemini 3.8 Flash,6726941826b7fc6a39fbe581,3,12,4,4,4
Gemini 3.8 Flash,672b304eddf99de9738de25d,2,12,4,6,0
Gemini 3.8 Flash,672bb2605a3e88050ba2cef8,1,12,4,2,2
Gemini 3.8 Flash,672bb9be168a1a30f1f92fcc,2,12,4,7,0
Gemini 3.8 Flash,672e50c6b9281732f28aa0f3,3,12,4,5,5
Gemini 3.8 Flash,672e6e4a85ed85778c0fb28e,1,12,4,1,1
Gemini 3.8 Flash,672ff71e724ca22f42c0ff85,1,12,4,2,2
Gemini 3.8 Flash,6732839d5526e01108e12127,2,12,4,6,0
Gemini 3.8 Flash,6733fca10a354898fb579c2e,1,12,4,4,4
Gemini 3.8 Flash,6736edefe41312420acd05a0,2,12,4,3,0
Gemini 3.8 Flash,67371f93d09c0e422ae3658b,2,12,4,4,1
Gemini 3.8 Flash,673735aa61f20f11eb1097d2,2,12,4,5,0
Gemini 3.8 Flash,67375e6f8b1cc52c211f95ce,3,12,4,8,1
Gemini 3.8 Flash,673799cf4d349e2ed66792d2,3,12,4,5,0
Gemini 3.8 Flash,67399d0163641fb0bc110db9,3,12,4,8,0
Gemini 3.8 Flash,673a5fa4329d98c7d4b69d60,3,12,4,7,0
Gemini 3.8 Flash,673a76559e89466aa6433f66,1,12,4,3,0
Gemini 3.8 Flash,673fce92f7f86aa77259187a,1,12,4,4,3
Gemini 3.8 Flash,6749b2994fd3108e46cd57d7,1,12,4,1,0
Gemini 3.8 Flash,67672352c393c4ff629cb820,1,12,4,1,1
Gemini 3.8 Flash,6770832c6b74a5103a07f031,1,12,4,1,0
Gemini 3.8 Flash,677b26a903cb2e13f2c755ef,1,12,4,4,4
Gemini 3.8 Flash,67a47e0425adc58b1e414011,1,12,4,7,0
Gemini 3.8 Flash,67d09fd38fd17c121c0b49ad,3,12,4,8,0
Gemini 3.8 Flash,66e884515ab37f0a7da089bf,1,14,6,0,0
Gemini 3.8 Flash,66e88728ba7d8bc0d5806f3a,2,14,6,2,2
Gemini 3.8 Flash,66e8d4736299517dd7a5da8c,3,14,6,7,7
Gemini 3.8 Flash,66e906f860abc895aedcf467,3,14,6,4,0
Gemini 3.8 Flash,66e962f814e5657e81349bfa,1,14,6,1,0
Gemini 3.8 Flash,66e996260930c00374ceaa0b,3,14,6,8,0
Gemini 3.8 Flash,66e9c038d2d1c2dec1f6978e,1,14,6,2,0
Gemini 3.8 Flash,66e9fc11c19c8c61add294f0,1,14,6,2,2
Gemini 3.8 Flash,66ea29ab7131229007ccbd9d,2,14,6,3,3
Gemini 3.8 Flash,66eae4e351a34eec5d943952,3,14,6,5,0
Gemini 3.8 Flash,66eafb96b082c5e6a76a49c0,1,14,6,0,0
Gemini 3.8 Flash,66eb206f99363a31f68414bc,3,14,6,7,0
Gemini 3.8 Flash,66ed28dfde312a049a78b3ba,3,14,6,4,0
Gemini 3.8 Flash,66f000874b6bc4f9d21fc7fa,2,14,6,5,5
Gemini 3.8 Flash,66f03563a291f119cd841967,1,14,6,3,3
Gemini 3.8 Flash,66f2b236b1d41433f8a4edea,1,14,6,2,2
Gemini 3.8 Flash,66f3117acff7b10052fe1e3d,2,14,6,7,0
Gemini 3.8 Flash,66f42e3287046c01dba2115b,3,14,6,4,0
Gemini 3.8 Flash,66f57e3ddc7259d8b5bb0b46,1,14,6,6,0
Gemini 3.8 Flash,66f77487fb10531253ee7842,3,14,6,5,5
Gemini 3.8 Flash,66f83aed0d92e99048a4ae9d,1,14,6,7,0
Gemini 3.8 Flash,66fc2282b7609fc1d8099125,2,14,6,4,0
Gemini 3.8 Flash,66fc5e611f5f3f3b48ae9566,1,14,6,3,0
Gemini 3.8 Flash,66fc8f1b8a73f859d8fa1608,3,14,6,8,8
Gemini 3.8 Flash,66fe596c0eeb4521791d31ef,3,14,6,1,1
Gemini 3.8 Flash,66fe796bc12cbe6aeaa26e69,3,14,6,5,5
Gemini 3.8 Flash,670010ff77983eff561814b2,1,14,6,1,1
Gemini 3.8 Flash,6700a5676c339d61ecccb86d,1,14,6,1,1
Gemini 3.8 Flash,67015a7f6a2b21f149f3aaba,2,14,6,2,2
Gemini 3.8 Flash,6701de16d9e4cd1aa812414b,3,14,6,6,0
Gemini 3.8 Flash,6704409592a84f23e5b73e95,2,14,6,6,0
Gemini 3.8 Flash,670620323fd82754d2f4cc7c,3,14,6,8,0
Gemini 3.8 Flash,67095af56022f900e8e76028,1,14,6,4,4
Gemini 3.8 Flash,670b307567eb710437409184,1,14,6,3,3
Gemini 3.8 Flash,670c83ba4aece479236947cb,1,14,6,6,0
Gemini 3.8 Flash,670d933ad54037c51abbe3ca,1,14,6,3,0
Gemini 3.8 Flash,670daa682c5d078fa33fba12,1,14,6,3,0
Gemini 3.8 Flash,670e5c2720bb63b6da63b879,3,14,6,6,6
Gemini 3.8 Flash,670e9b885d472377f6c572a2,2,14,6,5,5
Gemini 3.8 Flash,6710f26eaa2039046e5aea6e,3,14,6,5,0
Gemini 3.8 Flash,6711eb4e1c08a07a8d243847,3,14,6,8,0
Gemini 3.8 Flash,6715a17ddf8f7209e373b9b0,2,14,6,2,2
Gemini 3.8 Flash,671699cb0b00e84566da1812,3,14,6,6,0
Gemini 3.8 Flash,6716e894e9b87625209506ca,3,14,6,7,0
Gemini 3.8 Flash,671702c1e5b9112a7699686f,1,14,6,0,0
Gemini 3.8 Flash,6718487afba38eebcbc8034b,1,14,6,0,0
Gemini 3.8 Flash,671aa91f6a8e7c23ccbf902b,2,14,6,5,5
Gemini 3.8 Flash,671abddb40e08981d8fd796a,1,14,6,0,0
Gemini 3.8 Flash,671ac641136758472327f851,2,14,6,1,0
Gemini 3.8 Flash,671ad5ceed3d54e87368bc68,1,14,6,4,0
Gemini 3.8 Flash,671bb0b0863984716ffe8850,2,14,6,7,0
Gemini 3.8 Flash,671d9eb3355c956ce7de5a90,3,14,6,2,0
Gemini 3.8 Flash,671dfacd16b873a455cbd5e0,1,14,6,5,0
Gemini 3.8 Flash,671f1f88e6600c2d52d9fbe6,1,14,6,1,1
Gemini 3.8 Flash,671f2b0ee38f776acdad8aa1,1,14,6,1,1
Gemini 3.8 Flash,671fc9d46c5d3903234cd391,2,14,6,8,0
Gemini 3.8 Flash,671fee575a0f70920ad3bd80,2,14,6,4,4
Gemini 3.8 Flash,671ffad8e46fcc9dbd54ce6e,1,14,6,2,2
Gemini 3.8 Flash,672045da452d0bd5546e11e6,2,14,6,0,0
Gemini 3.8 Flash,6720d5455cedc02ed70dbe42,3,14,6,5,0
Gemini 3.8 Flash,6721fbd7b5bc9936c245bb78,1,14,6,0,0
Gemini 3.8 Flash,67232c88e22b01bfa7b8f156,2,14,6,4,0
Gemini 3.8 Flash,6723658569bb6b9a5a4499b0,1,14,6,0,0
Gemini 3.8 Flash,672403fa5461772b24b2e651,2,14,6,1,1
Gemini 3.8 Flash,67240e5586f4c71a70e0b498,2,14,6,5,5
Gemini 3.8 Flash,67240e5786f4c71a70e0b499,3,14,6,7,0
Gemini 3.8 Flash,67242f1f911674ab1b5d904b,3,14,6,8,8
Gemini 3.8 Flash,672433577fb5d24be68f010d,2,14,6,5,5
Gemini 3.8 Flash,67243887a7c5f8f463109d82,2,14,6,4,0
Gemini 3.8 Flash,672455ce7a14971607e3d9f0,2,14,6,4,4
Gemini 3.8 Flash,6724db7012a8d5ea6a619372,3,14,6,3,3
Gemini 3.8 Flash,6724f8b80c7d03e5a66cce57,3,14,6,5,5
Gemini 3.8 Flash,6724ff0dea5926938a631b9e,2,14,6,8,0
Gemini 3.8 Flash,6724ffb21d07f0962c8993cf,1,14,6,1,1
Gemini 3.8 Flash,672507e82cc2a1349f1ffaf1,1,14,6,0,0
Gemini 3.8 Flash,672528b1fc012fdec7fc63c8,1,14,6,3,3
Gemini 3.8 Flash,67253c33ad98e94b47ea3477,1,14,6,2,2
Gemini 3.8 Flash,67254a56046774791d0f1a41,2,14,6,3,3
Gemini 3.8 Flash,67256656d246bf5d21d1377e,3,14,6,7,0
Gemini 3.8 Flash,672572ba1b7caf96dfa80324,3,14,6,6,6
Gemini 3.8 Flash,6725b1b58255543498bdcbd1,3,14,6,4,0
Gemini 3.8 Flash,67260ae24ee1765ace1c8a54,3,14,6,1,0
Gemini 3.8 Flash,672626078a65c5d33e24d92c,2,14,6,4,0
Gemini 3.8 Flash,6726941826b7fc6a39fbe581,3,14,6,3,2
Gemini 3.8 Flash,672b304eddf99de9738de25d,2,14,6,5,0
Gemini 3.8 Flash,672bb2605a3e88050ba2cef8,1,14,6,3,3
Gemini 3.8 Flash,672bb9be168a1a30f1f92fcc,2,14,6,5,5
Gemini 3.8 Flash,672e50c6b9281732f28aa0f3,3,14,6,5,5
Gemini 3.8 Flash,672e6e4a85ed85778c0fb28e,1,14,6,0,0
Gemini 3.8 Flash,672ff71e724ca22f42c0ff85,1,14,6,1,1
Gemini 3.8 Flash,6732839d5526e01108e12127,2,14,6,7,1
Gemini 3.8 Flash,6733fca10a354898fb579c2e,1,14,6,4,4
Gemini 3.8 Flash,6736edefe41312420acd05a0,2,14,6,4,0
Gemini 3.8 Flash,67371f93d09c0e422ae3658b,2,14,6,4,0
Gemini 3.8 Flash,673735aa61f20f11eb1097d2,2,14,6,7,0
Gemini 3.8 Flash,67375e6f8b1cc52c211f95ce,3,14,6,7,0
Gemini 3.8 Flash,673799cf4d349e2ed66792d2,3,14,6,8,0
Gemini 3.8 Flash,67399d0163641fb0bc110db9,3,14,6,7,0
Gemini 3.8 Flash,673a5fa4329d98c7d4b69d60,3,14,6,6,0
Gemini 3.8 Flash,673a76559e89466aa6433f66,1,14,6,1,1
Gemini 3.8 Flash,673fce92f7f86aa77259187a,1,14,6,3,3
Gemini 3.8 Flash,6749b2994fd3108e46cd57d7,1,14,6,0,0
Gemini 3.8 Flash,67672352c393c4ff629cb820,1,14,6,1,1
Gemini 3.8 Flash,6770832c6b74a5103a07f031,1,14,6,4,0
Gemini 3.8 Flash,677b26a903cb2e13f2c755ef,1,14,6,2,2
Gemini 3.8 Flash,67a47e0425adc58b1e414011,1,14,6,6,0
Gemini 3.8 Flash,67d09fd38fd17c121c0b49ad,3,14,6,8,0
Gemini 3.8 Flash,66e884515ab37f0a7da089bf,1,15,3,1,1
Gemini 3.8 Flash,66e88728ba7d8bc0d5806f3a,2,15,3,1,0
Gemini 3.8 Flash,66e8d4736299517dd7a5da8c,3,15,3,9,9
Gemini 3.8 Flash,66e906f860abc895aedcf467,3,15,3,7,0
Gemini 3.8 Flash,66e962f814e5657e81349bfa,1,15,3,4,0
Gemini 3.8 Flash,66e996260930c00374ceaa0b,3,15,3,12,0
Gemini 3.8 Flash,66e9c038d2d1c2dec1f6978e,1,15,3,6,0
Gemini 3.8 Flash,66e9fc11c19c8c61add294f0,1,15,3,5,0
Gemini 3.8 Flash,66ea29ab7131229007ccbd9d,2,15,3,6,0
Gemini 3.8 Flash,66eae4e351a34eec5d943952,3,15,3,7,0
Gemini 3.8 Flash,66eafb96b082c5e6a76a49c0,1,15,3,1,1
Gemini 3.8 Flash,66eb206f99363a31f68414bc,3,15,3,10,0
Gemini 3.8 Flash,66ed28dfde312a049a78b3ba,3,15,3,5,0
Gemini 3.8 Flash,66f000874b6bc4f9d21fc7fa,2,15,3,8,0
Gemini 3.8 Flash,66f03563a291f119cd841967,1,15,3,0,0
Gemini 3.8 Flash,66f2b236b1d41433f8a4edea,1,15,3,3,3
Gemini 3.8 Flash,66f3117acff7b10052fe1e3d,2,15,3,12,0
Gemini 3.8 Flash,66f42e3287046c01dba2115b,3,15,3,2,2
Gemini 3.8 Flash,66f57e3ddc7259d8b5bb0b46,1,15,3,7,0
Gemini 3.8 Flash,66f77487fb10531253ee7842,3,15,3,10,0
Gemini 3.8 Flash,66f83aed0d92e99048a4ae9d,1,15,3,9,0
Gemini 3.8 Flash,66fc2282b7609fc1d8099125,2,15,3,7,7
Gemini 3.8 Flash,66fc5e611f5f3f3b48ae9566,1,15,3,4,4
Gemini 3.8 Flash,66fc8f1b8a73f859d8fa1608,3,15,3,7,7
Gemini 3.8 Flash,66fe596c0eeb4521791d31ef,3,15,3,3,3
Gemini 3.8 Flash,66fe796bc12cbe6aeaa26e69,3,15,3,9,0
Gemini 3.8 Flash,670010ff77983eff561814b2,1,15,3,4,4
Gemini 3.8 Flash,6700a5676c339d61ecccb86d,1,15,3,3,0
Gemini 3.8 Flash,67015a7f6a2b21f149f3aaba,2,15,3,6,6
Gemini 3.8 Flash,6701de16d9e4cd1aa812414b,3,15,3,11,0
Gemini 3.8 Flash,6704409592a84f23e5b73e95,2,15,3,5,0
Gemini 3.8 Flash,670620323fd82754d2f4cc7c,3,15,3,10,0
Gemini 3.8 Flash,67095af56022f900e8e76028,1,15,3,6,6
Gemini 3.8 Flash,670b307567eb710437409184,1,15,3,4,4
Gemini 3.8 Flash,670c83ba4aece479236947cb,1,15,3,9,0
Gemini 3.8 Flash,670d933ad54037c51abbe3ca,1,15,3,7,0
Gemini 3.8 Flash,670daa682c5d078fa33fba12,1,15,3,3,0
Gemini 3.8 Flash,670e5c2720bb63b6da63b879,3,15,3,10,0
Gemini 3.8 Flash,670e9b885d472377f6c572a2,2,15,3,8,5
Gemini 3.8 Flash,6710f26eaa2039046e5aea6e,3,15,3,10,0
Gemini 3.8 Flash,6711eb4e1c08a07a8d243847,3,15,3,12,0
Gemini 3.8 Flash,6715a17ddf8f7209e373b9b0,2,15,3,4,0
Gemini 3.8 Flash,671699cb0b00e84566da1812,3,15,3,10,0
Gemini 3.8 Flash,6716e894e9b87625209506ca,3,15,3,8,0
Gemini 3.8 Flash,671702c1e5b9112a7699686f,1,15,3,0,0
Gemini 3.8 Flash,6718487afba38eebcbc8034b,1,15,3,4,0
Gemini 3.8 Flash,671aa91f6a8e7c23ccbf902b,2,15,3,5,5
Gemini 3.8 Flash,671abddb40e08981d8fd796a,1,15,3,1,1
Gemini 3.8 Flash,671ac641136758472327f851,2,15,3,1,1
Gemini 3.8 Flash,671ad5ceed3d54e87368bc68,1,15,3,7,0
Gemini 3.8 Flash,671bb0b0863984716ffe8850,2,15,3,11,0
Gemini 3.8 Flash,671d9eb3355c956ce7de5a90,3,15,3,8,0
Gemini 3.8 Flash,671dfacd16b873a455cbd5e0,1,15,3,8,0
Gemini 3.8 Flash,671f1f88e6600c2d52d9fbe6,1,15,3,3,0
Gemini 3.8 Flash,671f2b0ee38f776acdad8aa1,1,15,3,0,0
Gemini 3.8 Flash,671fc9d46c5d3903234cd391,2,15,3,10,0
Gemini 3.8 Flash,671fee575a0f70920ad3bd80,2,15,3,4,4
Gemini 3.8 Flash,671ffad8e46fcc9dbd54ce6e,1,15,3,4,4
Gemini 3.8 Flash,672045da452d0bd5546e11e6,2,15,3,4,0
Gemini 3.8 Flash,6720d5455cedc02ed70dbe42,3,15,3,9,0
Gemini 3.8 Flash,6721fbd7b5bc9936c245bb78,1,15,3,3,0
Gemini 3.8 Flash,67232c88e22b01bfa7b8f156,2,15,3,8,0
Gemini 3.8 Flash,6723658569bb6b9a5a4499b0,1,15,3,1,0
Gemini 3.8 Flash,672403fa5461772b24b2e651,2,15,3,2,2
Gemini 3.8 Flash,67240e5586f4c71a70e0b498,2,15,3,7,7
Gemini 3.8 Flash,67240e5786f4c71a70e0b499,3,15,3,7,0
Gemini 3.8 Flash,67242f1f911674ab1b5d904b,3,15,3,11,0
Gemini 3.8 Flash,672433577fb5d24be68f010d,2,15,3,4,0
Gemini 3.8 Flash,67243887a7c5f8f463109d82,2,15,3,4,0
Gemini 3.8 Flash,672455ce7a14971607e3d9f0,2,15,3,5,5
Gemini 3.8 Flash,6724db7012a8d5ea6a619372,3,15,3,10,0
Gemini 3.8 Flash,6724f8b80c7d03e5a66cce57,3,15,3,10,10
Gemini 3.8 Flash,6724ff0dea5926938a631b9e,2,15,3,10,0
Gemini 3.8 Flash,6724ffb21d07f0962c8993cf,1,15,3,1,1
Gemini 3.8 Flash,672507e82cc2a1349f1ffaf1,1,15,3,0,0
Gemini 3.8 Flash,672528b1fc012fdec7fc63c8,1,15,3,3,0
Gemini 3.8 Flash,67253c33ad98e94b47ea3477,1,15,3,4,4
Gemini 3.8 Flash,67254a56046774791d0f1a41,2,15,3,9,9
Gemini 3.8 Flash,67256656d246bf5d21d1377e,3,15,3,12,0
Gemini 3.8 Flash,672572ba1b7caf96dfa80324,3,15,3,10,0
Gemini 3.8 Flash,6725b1b58255543498bdcbd1,3,15,3,6,0
Gemini 3.8 Flash,67260ae24ee1765ace1c8a54,3,15,3,4,3
Gemini 3.8 Flash,672626078a65c5d33e24d92c,2,15,3,4,0
Gemini 3.8 Flash,6726941826b7fc6a39fbe581,3,15,3,4,4
Gemini 3.8 Flash,672b304eddf99de9738de25d,2,15,3,9,0
Gemini 3.8 Flash,672bb2605a3e88050ba2cef8,1,15,3,3,3
Gemini 3.8 Flash,672bb9be168a1a30f1f92fcc,2,15,3,9,0
Gemini 3.8 Flash,672e50c6b9281732f28aa0f3,3,15,3,7,0
Gemini 3.8 Flash,672e6e4a85ed85778c0fb28e,1,15,3,2,2
Gemini 3.8 Flash,672ff71e724ca22f42c0ff85,1,15,3,2,2
Gemini 3.8 Flash,6732839d5526e01108e12127,2,15,3,11,0
Gemini 3.8 Flash,6733fca10a354898fb579c2e,1,15,3,2,2
Gemini 3.8 Flash,6736edefe41312420acd05a0,2,15,3,2,2
Gemini 3.8 Flash,67371f93d09c0e422ae3658b,2,15,3,6,4
Gemini 3.8 Flash,673735aa61f20f11eb1097d2,2,15,3,11,0
Gemini 3.8 Flash,67375e6f8b1cc52c211f95ce,3,15,3,11,1
Gemini 3.8 Flash,673799cf4d349e2ed66792d2,3,15,3,9,0
Gemini 3.8 Flash,67399d0163641fb0bc110db9,3,15,3,10,0
Gemini 3.8 Flash,673a5fa4329d98c7d4b69d60,3,15,3,10,0
Gemini 3.8 Flash,673a76559e89466aa6433f66,1,15,3,6,0
Gemini 3.8 Flash,673fce92f7f86aa77259187a,1,15,3,4,3
Gemini 3.8 Flash,6749b2994fd3108e46cd57d7,1,15,3,2,0
Gemini 3.8 Flash,67672352c393c4ff629cb820,1,15,3,2,0
Gemini 3.8 Flash,6770832c6b74a5103a07f031,1,15,3,1,0
Gemini 3.8 Flash,677b26a903cb2e13f2c755ef,1,15,3,3,3
Gemini 3.8 Flash,67a47e0425adc58b1e414011,1,15,3,8,0
Gemini 3.8 Flash,67d09fd38fd17c121c0b49ad,3,15,3,12,0
Gemini 3.8 Flash,66e884515ab37f0a7da089bf,1,18,6,0,0
Gemini 3.8 Flash,66e88728ba7d8bc0d5806f3a,2,18,6,3,0
Gemini 3.8 Flash,66e8d4736299517dd7a5da8c,3,18,6,9,9
Gemini 3.8 Flash,66e906f860abc895aedcf467,3,18,6,10,0
Gemini 3.8 Flash,66e962f814e5657e81349bfa,1,18,6,5,0
Gemini 3.8 Flash,66e996260930c00374ceaa0b,3,18,6,11,0
Gemini 3.8 Flash,66e9c038d2d1c2dec1f6978e,1,18,6,4,0
Gemini 3.8 Flash,66e9fc11c19c8c61add294f0,1,18,6,4,4
Gemini 3.8 Flash,66ea29ab7131229007ccbd9d,2,18,6,1,1
Gemini 3.8 Flash,66eae4e351a34eec5d943952,3,18,6,5,0
Gemini 3.8 Flash,66eafb96b082c5e6a76a49c0,1,18,6,3,0
Gemini 3.8 Flash,66eb206f99363a31f68414bc,3,18,6,10,0
Gemini 3.8 Flash,66ed28dfde312a049a78b3ba,3,18,6,6,0
Gemini 3.8 Flash,66f000874b6bc4f9d21fc7fa,2,18,6,9,0
Gemini 3.8 Flash,66f03563a291f119cd841967,1,18,6,2,2
Gemini 3.8 Flash,66f2b236b1d41433f8a4edea,1,18,6,2,2
Gemini 3.8 Flash,66f3117acff7b10052fe1e3d,2,18,6,10,0
Gemini 3.8 Flash,66f42e3287046c01dba2115b,3,18,6,3,0
Gemini 3.8 Flash,66f57e3ddc7259d8b5bb0b46,1,18,6,9,1
Gemini 3.8 Flash,66f77487fb10531253ee7842,3,18,6,5,5
Gemini 3.8 Flash,66f83aed0d92e99048a4ae9d,1,18,6,8,0
Gemini 3.8 Flash,66fc2282b7609fc1d8099125,2,18,6,4,4
Gemini 3.8 Flash,66fc5e611f5f3f3b48ae9566,1,18,6,2,2
Gemini 3.8 Flash,66fc8f1b8a73f859d8fa1608,3,18,6,7,7
Gemini 3.8 Flash,66fe596c0eeb4521791d31ef,3,18,6,7,0
Gemini 3.8 Flash,66fe796bc12cbe6aeaa26e69,3,18,6,7,6
Gemini 3.8 Flash,670010ff77983eff561814b2,1,18,6,2,2
Gemini 3.8 Flash,6700a5676c339d61ecccb86d,1,18,6,4,0
Gemini 3.8 Flash,67015a7f6a2b21f149f3aaba,2,18,6,2,2
Gemini 3.8 Flash,6701de16d9e4cd1aa812414b,3,18,6,10,10
Gemini 3.8 Flash,6704409592a84f23e5b73e95,2,18,6,7,0
Gemini 3.8 Flash,670620323fd82754d2f4cc7c,3,18,6,10,0
Gemini 3.8 Flash,67095af56022f900e8e76028,1,18,6,8,1
Gemini 3.8 Flash,670b307567eb710437409184,1,18,6,9,9
Gemini 3.8 Flash,670c83ba4aece479236947cb,1,18,6,8,0
Gemini 3.8 Flash,670d933ad54037c51abbe3ca,1,18,6,3,3
Gemini 3.8 Flash,670daa682c5d078fa33fba12,1,18,6,3,0
Gemini 3.8 Flash,670e5c2720bb63b6da63b879,3,18,6,8,0
Gemini 3.8 Flash,670e9b885d472377f6c572a2,2,18,6,7,2
Gemini 3.8 Flash,6710f26eaa2039046e5aea6e,3,18,6,11,0
Gemini 3.8 Flash,6711eb4e1c08a07a8d243847,3,18,6,12,0
Gemini 3.8 Flash,6715a17ddf8f7209e373b9b0,2,18,6,3,0
Gemini 3.8 Flash,671699cb0b00e84566da1812,3,18,6,11,0
Gemini 3.8 Flash,6716e894e9b87625209506ca,3,18,6,12,0
Gemini 3.8 Flash,671702c1e5b9112a7699686f,1,18,6,1,1
Gemini 3.8 Flash,6718487afba38eebcbc8034b,1,18,6,7,0
Gemini 3.8 Flash,671aa91f6a8e7c23ccbf902b,2,18,6,7,7
Gemini 3.8 Flash,671abddb40e08981d8fd796a,1,18,6,5,0
Gemini 3.8 Flash,671ac641136758472327f851,2,18,6,1,1
Gemini 3.8 Flash,671ad5ceed3d54e87368bc68,1,18,6,10,0
Gemini 3.8 Flash,671bb0b0863984716ffe8850,2,18,6,12,0
Gemini 3.8 Flash,671d9eb3355c956ce7de5a90,3,18,6,6,0
Gemini 3.8 Flash,671dfacd16b873a455cbd5e0,1,18,6,8,0
Gemini 3.8 Flash,671f1f88e6600c2d52d9fbe6,1,18,6,2,2
Gemini 3.8 Flash,671f2b0ee38f776acdad8aa1,1,18,6,0,0
Gemini 3.8 Flash,671fc9d46c5d3903234cd391,2,18,6,9,0
Gemini 3.8 Flash,671fee575a0f70920ad3bd80,2,18,6,6,6
Gemini 3.8 Flash,671ffad8e46fcc9dbd54ce6e,1,18,6,5,5
Gemini 3.8 Flash,672045da452d0bd5546e11e6,2,18,6,2,0
Gemini 3.8 Flash,6720d5455cedc02ed70dbe42,3,18,6,10,0
Gemini 3.8 Flash,6721fbd7b5bc9936c245bb78,1,18,6,1,1
Gemini 3.8 Flash,67232c88e22b01bfa7b8f156,2,18,6,6,0
Gemini 3.8 Flash,6723658569bb6b9a5a4499b0,1,18,6,0,0
Gemini 3.8 Flash,672403fa5461772b24b2e651,2,18,6,0,0
Gemini 3.8 Flash,67240e5586f4c71a70e0b498,2,18,6,8,8
Gemini 3.8 Flash,67240e5786f4c71a70e0b499,3,18,6,10,0
Gemini 3.8 Flash,67242f1f911674ab1b5d904b,3,18,6,11,11
Gemini 3.8 Flash,672433577fb5d24be68f010d,2,18,6,8,8
Gemini 3.8 Flash,67243887a7c5f8f463109d82,2,18,6,5,0
Gemini 3.8 Flash,672455ce7a14971607e3d9f0,2,18,6,6,6
Gemini 3.8 Flash,6724db7012a8d5ea6a619372,3,18,6,8,8
Gemini 3.8 Flash,6724f8b80c7d03e5a66cce57,3,18,6,9,0
Gemini 3.8 Flash,6724ff0dea5926938a631b9e,2,18,6,9,0
Gemini 3.8 Flash,6724ffb21d07f0962c8993cf,1,18,6,4,4
Gemini 3.8 Flash,672507e82cc2a1349f1ffaf1,1,18,6,1,1
Gemini 3.8 Flash,672528b1fc012fdec7fc63c8,1,18,6,0,0
Gemini 3.8 Flash,67253c33ad98e94b47ea3477,1,18,6,6,6
Gemini 3.8 Flash,67254a56046774791d0f1a41,2,18,6,8,8
Gemini 3.8 Flash,67256656d246bf5d21d1377e,3,18,6,12,0
Gemini 3.8 Flash,672572ba1b7caf96dfa80324,3,18,6,10,0
Gemini 3.8 Flash,6725b1b58255543498bdcbd1,3,18,6,6,0
Gemini 3.8 Flash,67260ae24ee1765ace1c8a54,3,18,6,5,5
Gemini 3.8 Flash,672626078a65c5d33e24d92c,2,18,6,6,0
Gemini 3.8 Flash,6726941826b7fc6a39fbe581,3,18,6,7,0
Gemini 3.8 Flash,672b304eddf99de9738de25d,2,18,6,9,0
Gemini 3.8 Flash,672bb2605a3e88050ba2cef8,1,18,6,5,5
Gemini 3.8 Flash,672bb9be168a1a30f1f92fcc,2,18,6,11,0
Gemini 3.8 Flash,672e50c6b9281732f28aa0f3,3,18,6,9,0
Gemini 3.8 Flash,672e6e4a85ed85778c0fb28e,1,18,6,1,1
Gemini 3.8 Flash,672ff71e724ca22f42c0ff85,1,18,6,0,0
Gemini 3.8 Flash,6732839d5526e01108e12127,2,18,6,11,11
Gemini 3.8 Flash,6733fca10a354898fb579c2e,1,18,6,4,4
Gemini 3.8 Flash,6736edefe41312420acd05a0,2,18,6,7,0
Gemini 3.8 Flash,67371f93d09c0e422ae3658b,2,18,6,7,0
Gemini 3.8 Flash,673735aa61f20f11eb1097d2,2,18,6,9,0
Gemini 3.8 Flash,67375e6f8b1cc52c211f95ce,3,18,6,12,0
Gemini 3.8 Flash,673799cf4d349e2ed66792d2,3,18,6,10,0
Gemini 3.8 Flash,67399d0163641fb0bc110db9,3,18,6,11,0
Gemini 3.8 Flash,673a5fa4329d98c7d4b69d60,3,18,6,11,0
Gemini 3.8 Flash,673a76559e89466aa6433f66,1,18,6,4,4
Gemini 3.8 Flash,673fce92f7f86aa77259187a,1,18,6,5,5
Gemini 3.8 Flash,6749b2994fd3108e46cd57d7,1,18,6,5,0
Gemini 3.8 Flash,67672352c393c4ff629cb820,1,18,6,1,1
Gemini 3.8 Flash,6770832c6b74a5103a07f031,1,18,6,1,0
Gemini 3.8 Flash,677b26a903cb2e13f2c755ef,1,18,6,2,2
Gemini 3.8 Flash,67a47e0425adc58b1e414011,1,18,6,11,0
Gemini 3.8 Flash,67d09fd38fd17c121c0b49ad,3,18,6,12,0
Gemini 3.8 Flash,66e884515ab37f0a7da089bf,1,21,9,0,0
Gemini 3.8 Flash,66e88728ba7d8bc0d5806f3a,2,21,9,1,1
Gemini 3.8 Flash,66e8d4736299517dd7a5da8c,3,21,9,8,8
Gemini 3.8 Flash,66e906f860abc895aedcf467,3,21,9,9,0
Gemini 3.8 Flash,66e962f814e5657e81349bfa,1,21,9,3,0
Gemini 3.8 Flash,66e996260930c00374ceaa0b,3,21,9,12,0
Gemini 3.8 Flash,66e9c038d2d1c2dec1f6978e,1,21,9,4,0
Gemini 3.8 Flash,66e9fc11c19c8c61add294f0,1,21,9,5,5
Gemini 3.8 Flash,66ea29ab7131229007ccbd9d,2,21,9,3,3
Gemini 3.8 Flash,66eae4e351a34eec5d943952,3,21,9,4,0
Gemini 3.8 Flash,66eafb96b082c5e6a76a49c0,1,21,9,2,0
Gemini 3.8 Flash,66eb206f99363a31f68414bc,3,21,9,9,0
Gemini 3.8 Flash,66ed28dfde312a049a78b3ba,3,21,9,3,3
Gemini 3.8 Flash,66f000874b6bc4f9d21fc7fa,2,21,9,4,4
Gemini 3.8 Flash,66f03563a291f119cd841967,1,21,9,0,0
Gemini 3.8 Flash,66f2b236b1d41433f8a4edea,1,21,9,6,6
Gemini 3.8 Flash,66f3117acff7b10052fe1e3d,2,21,9,9,0
Gemini 3.8 Flash,66f42e3287046c01dba2115b,3,21,9,3,0
Gemini 3.8 Flash,66f57e3ddc7259d8b5bb0b46,1,21,9,9,0
Gemini 3.8 Flash,66f77487fb10531253ee7842,3,21,9,7,7
Gemini 3.8 Flash,66f83aed0d92e99048a4ae9d,1,21,9,8,0
Gemini 3.8 Flash,66fc2282b7609fc1d8099125,2,21,9,8,8
Gemini 3.8 Flash,66fc5e611f5f3f3b48ae9566,1,21,9,4,0
Gemini 3.8 Flash,66fc8f1b8a73f859d8fa1608,3,21,9,8,8
Gemini 3.8 Flash,66fe596c0eeb4521791d31ef,3,21,9,7,7
Gemini 3.8 Flash,66fe796bc12cbe6aeaa26e69,3,21,9,4,4
Gemini 3.8 Flash,670010ff77983eff561814b2,1,21,9,3,3
Gemini 3.8 Flash,6700a5676c339d61ecccb86d,1,21,9,2,0
Gemini 3.8 Flash,67015a7f6a2b21f149f3aaba,2,21,9,2,2
Gemini 3.8 Flash,6701de16d9e4cd1aa812414b,3,21,9,11,0
Gemini 3.8 Flash,6704409592a84f23e5b73e95,2,21,9,4,0
Gemini 3.8 Flash,670620323fd82754d2f4cc7c,3,21,9,10,0
Gemini 3.8 Flash,67095af56022f900e8e76028,1,21,9,4,4
Gemini 3.8 Flash,670b307567eb710437409184,1,21,9,5,5
Gemini 3.8 Flash,670c83ba4aece479236947cb,1,21,9,5,5
Gemini 3.8 Flash,670d933ad54037c51abbe3ca,1,21,9,5,0
Gemini 3.8 Flash,670daa682c5d078fa33fba12,1,21,9,6,0
Gemini 3.8 Flash,670e5c2720bb63b6da63b879,3,21,9,10,10
Gemini 3.8 Flash,670e9b885d472377f6c572a2,2,21,9,11,9
Gemini 3.8 Flash,6710f26eaa2039046e5aea6e,3,21,9,10,0
Gemini 3.8 Flash,6711eb4e1c08a07a8d243847,3,21,9,12,0
Gemini 3.8 Flash,6715a17ddf8f7209e373b9b0,2,21,9,4,0
Gemini 3.8 Flash,671699cb0b00e84566da1812,3,21,9,11,0
Gemini 3.8 Flash,6716e894e9b87625209506ca,3,21,9,9,0
Gemini 3.8 Flash,671702c1e5b9112a7699686f,1,21,9,0,0
Gemini 3.8 Flash,6718487afba38eebcbc8034b,1,21,9,2,2
Gemini 3.8 Flash,671aa91f6a8e7c23ccbf902b,2,21,9,4,4
Gemini 3.8 Flash,671abddb40e08981d8fd796a,1,21,9,0,0
Gemini 3.8 Flash,671ac641136758472327f851,2,21,9,2,2
Gemini 3.8 Flash,671ad5ceed3d54e87368bc68,1,21,9,5,0
Gemini 3.8 Flash,671bb0b0863984716ffe8850,2,21,9,11,0
Gemini 3.8 Flash,671d9eb3355c956ce7de5a90,3,21,9,5,0
Gemini 3.8 Flash,671dfacd16b873a455cbd5e0,1,21,9,7,0
Gemini 3.8 Flash,671f1f88e6600c2d52d9fbe6,1,21,9,2,2
Gemini 3.8 Flash,671f2b0ee38f776acdad8aa1,1,21,9,0,0
Gemini 3.8 Flash,671fc9d46c5d3903234cd391,2,21,9,8,0
Gemini 3.8 Flash,671fee575a0f70920ad3bd80,2,21,9,2,2
Gemini 3.8 Flash,671ffad8e46fcc9dbd54ce6e,1,21,9,4,4
Gemini 3.8 Flash,672045da452d0bd5546e11e6,2,21,9,3,0
Gemini 3.8 Flash,6720d5455cedc02ed70dbe42,3,21,9,5,5
Gemini 3.8 Flash,6721fbd7b5bc9936c245bb78,1,21,9,1,1
Gemini 3.8 Flash,67232c88e22b01bfa7b8f156,2,21,9,6,0
Gemini 3.8 Flash,6723658569bb6b9a5a4499b0,1,21,9,0,0
Gemini 3.8 Flash,672403fa5461772b24b2e651,2,21,9,3,3
Gemini 3.8 Flash,67240e5586f4c71a70e0b498,2,21,9,6,6
Gemini 3.8 Flash,67240e5786f4c71a70e0b499,3,21,9,11,0
Gemini 3.8 Flash,67242f1f911674ab1b5d904b,3,21,9,11,11
Gemini 3.8 Flash,672433577fb5d24be68f010d,2,21,9,10,0
Gemini 3.8 Flash,67243887a7c5f8f463109d82,2,21,9,7,0
Gemini 3.8 Flash,672455ce7a14971607e3d9f0,2,21,9,5,5
Gemini 3.8 Flash,6724db7012a8d5ea6a619372,3,21,9,9,9
Gemini 3.8 Flash,6724f8b80c7d03e5a66cce57,3,21,9,9,1
Gemini 3.8 Flash,6724ff0dea5926938a631b9e,2,21,9,8,0
Gemini 3.8 Flash,6724ffb21d07f0962c8993cf,1,21,9,2,2
Gemini 3.8 Flash,672507e82cc2a1349f1ffaf1,1,21,9,2,2
Gemini 3.8 Flash,672528b1fc012fdec7fc63c8,1,21,9,3,0
Gemini 3.8 Flash,67253c33ad98e94b47ea3477,1,21,9,4,4
Gemini 3.8 Flash,67254a56046774791d0f1a41,2,21,9,5,5
Gemini 3.8 Flash,67256656d246bf5d21d1377e,3,21,9,12,0
Gemini 3.8 Flash,672572ba1b7caf96dfa80324,3,21,9,10,0
Gemini 3.8 Flash,6725b1b58255543498bdcbd1,3,21,9,6,0
Gemini 3.8 Flash,67260ae24ee1765ace1c8a54,3,21,9,2,2
Gemini 3.8 Flash,672626078a65c5d33e24d92c,2,21,9,5,0
Gemini 3.8 Flash,6726941826b7fc6a39fbe581,3,21,9,8,8
Gemini 3.8 Flash,672b304eddf99de9738de25d,2,21,9,10,0
Gemini 3.8 Flash,672bb2605a3e88050ba2cef8,1,21,9,4,4
Gemini 3.8 Flash,672bb9be168a1a30f1f92fcc,2,21,9,10,0
Gemini 3.8 Flash,672e50c6b9281732f28aa0f3,3,21,9,11,0
Gemini 3.8 Flash,672e6e4a85ed85778c0fb28e,1,21,9,0,0
Gemini 3.8 Flash,672ff71e724ca22f42c0ff85,1,21,9,1,1
Gemini 3.8 Flash,6732839d5526e01108e12127,2,21,9,10,8
Gemini 3.8 Flash,6733fca10a354898fb579c2e,1,21,9,5,5
Gemini 3.8 Flash,6736edefe41312420acd05a0,2,21,9,4,4
Gemini 3.8 Flash,67371f93d09c0e422ae3658b,2,21,9,3,0
Gemini 3.8 Flash,673735aa61f20f11eb1097d2,2,21,9,11,0
Gemini 3.8 Flash,67375e6f8b1cc52c211f95ce,3,21,9,10,0
Gemini 3.8 Flash,673799cf4d349e2ed66792d2,3,21,9,10,0
Gemini 3.8 Flash,67399d0163641fb0bc110db9,3,21,9,12,0
Gemini 3.8 Flash,673a5fa4329d98c7d4b69d60,3,21,9,11,0
Gemini 3.8 Flash,673a76559e89466aa6433f66,1,21,9,4,4
Gemini 3.8 Flash,673fce92f7f86aa77259187a,1,21,9,2,2
Gemini 3.8 Flash,6749b2994fd3108e46cd57d7,1,21,9,4,0
Gemini 3.8 Flash,67672352c393c4ff629cb820,1,21,9,1,1
Gemini 3.8 Flash,6770832c6b74a5103a07f031,1,21,9,3,0
Gemini 3.8 Flash,677b26a903cb2e13f2c755ef,1,21,9,7,7
Gemini 3.8 Flash,67a47e0425adc58b1e414011,1,21,9,8,0
Gemini 3.8 Flash,67d09fd38fd17c121c0b49ad,3,21,9,12,0
Grok 4.3,668825f80a642802bdfeadfa,3,2,0,1,0
Grok 4.3,668828540a642802bdfeadfc,3,2,0,2,0
Grok 4.3,66e70c75bbb9b1754c0869ce,1,2,0,0,0
Grok 4.3,66e883265ab37f0a7da089be,2,2,0,1,1
Grok 4.3,66e8add1650a03361a14c6f8,3,2,0,2,0
Grok 4.3,66e8e1056c0b8ace336996ea,3,2,0,0,0
Grok 4.3,66e8f69b1440516dd6ab54da,1,2,0,0,0
Grok 4.3,66e97fd756455f341c7849c3,1,2,0,0,0
Grok 4.3,66e996260930c00374ceaa0b,2,2,0,0,0
Grok 4.3,66ea70cd3d800a43340dd4d0,3,2,0,2,0
Grok 4.3,66eaf0ba5e31c19691fe73b1,2,2,0,2,0
Grok 4.3,66eafb96b082c5e6a76a49c0,1,2,0,0,0
Grok 4.3,66ecfd03e7478ca5fcbb7495,1,2,0,0,0
Grok 4.3,66edc60801af2a724035ad4b,1,2,0,0,0
Grok 4.3,66ef3de8b8a1ba6e0ba23498,2,2,0,0,0
Grok 4.3,66f052e814be84cc1edd3fbd,2,2,0,0,0
Grok 4.3,66f27d65a40482f6012a4006,3,2,0,0,0
Grok 4.3,66f31140cdc5dafd297e9b5a,3,2,0,2,0
Grok 4.3,66f44382e369fb72959c8e86,1,2,0,0,0
Grok 4.3,66f83aed0d92e99048a4ae9d,1,2,0,0,0
Grok 4.3,66fc4dc04293a9638d7e0f65,3,2,0,2,0
Grok 4.3,66fc5e611f5f3f3b48ae9566,3,2,0,1,0
Grok 4.3,66fc8b271d39fbf6d8bcdd0c,1,2,0,0,0
Grok 4.3,66fcc286eab6d512704d96af,1,2,0,0,0
Grok 4.3,66fcf077c494ec3fe0ed5635,3,2,0,2,0
Grok 4.3,66fd60ea6be05c0b608861d5,1,2,0,0,0
Grok 4.3,66fda7a057cea4445778e88a,1,2,0,1,1
Grok 4.3,66fee6c39e4f456a6d2941b5,1,2,0,0,0
Grok 4.3,670170d616077208cedb9627,2,2,0,0,0
Grok 4.3,6701de16d9e4cd1aa812414b,2,2,0,0,0
Grok 4.3,670285bc39fbddbbfdaffdfe,3,2,0,2,0
Grok 4.3,67055b15222ba55ab0b88431,3,2,0,2,1
Grok 4.3,6709a557139851f6bbbd7a5a,3,2,0,0,0
Grok 4.3,6709df4c3c2174379ffee04b,1,2,0,1,0
Grok 4.3,670aa3e255f3b29ec899f979,2,2,0,2,0
Grok 4.3,670b307567eb710437409184,3,2,0,0,0
Grok 4.3,670c775842b25f65425c86c2,1,2,0,1,0
Grok 4.3,670f00dc79750a6c73259f4d,2,2,0,1,0
Grok 4.3,670fb58f2ca6bea76e9354a7,2,2,0,0,0
Grok 4.3,6716260eae3149088ed859b9,3,2,0,2,0
Grok 4.3,6718487afba38eebcbc8034b,3,2,0,0,0
Grok 4.3,6718577ca88093a75026b186,2,2,0,2,0
Grok 4.3,671a947c9deaf77048dcc8b7,1,2,0,0,0
Grok 4.3,671ac641136758472327f851,2,2,0,1,0
Grok 4.3,671be3853529bee9e3097b92,3,2,0,2,0
Grok 4.3,671c6a1aacee876e82d4bc0e,1,2,0,2,0
Grok 4.3,671f083dc8da11076ce9960e,3,2,0,2,0
Grok 4.3,671f0c2578ab3005e439aeba,1,2,0,1,0
Grok 4.3,671f3d49d579cf064f22d3ce,2,2,0,0,0
Grok 4.3,67202822dbc5086c0bdd4e1c,1,2,0,1,0
Grok 4.3,672182f55e4a5b8416a1ccbe,2,2,0,0,0
Grok 4.3,67227b249679954247c9c0b3,3,2,0,1,0
Grok 4.3,6722b1f9f3a489ee08117730,1,2,0,1,0
Grok 4.3,67232c88e22b01bfa7b8f156,1,2,0,0,0
Grok 4.3,6723ec50479384d8942cca75,2,2,0,2,0
Grok 4.3,67242f1f911674ab1b5d904b,3,2,0,1,0
Grok 4.3,672433577fb5d24be68f010d,2,2,0,0,0
Grok 4.3,672455ce7a14971607e3d9f0,1,2,0,0,0
Grok 4.3,6724955b1dc5c59953c463ec,3,2,0,1,0
Grok 4.3,6724db7012a8d5ea6a619372,2,2,0,2,0
Grok 4.3,6724f8b80c7d03e5a66cce57,2,2,0,0,0
Grok 4.3,672507e82cc2a1349f1ffaf1,3,2,0,2,0
Grok 4.3,67253c33ad98e94b47ea3477,3,2,0,2,0
Grok 4.3,67254a56046774791d0f1a41,1,2,0,0,0
Grok 4.3,672555acc27a6276611a3005,2,2,0,2,0
Grok 4.3,67258c4124b290d28a9f8abe,1,2,0,0,0
Grok 4.3,67264a55cae736a4a682949a,1,2,0,2,0
Grok 4.3,672a5d27385accabb646acfe,2,2,0,0,0
Grok 4.3,672aac7a78e0ab15cf86003b,2,2,0,0,0
Grok 4.3,672d5a80f1800d2d85750a71,3,2,0,2,0
Grok 4.3,672fbc4ec2c82cf448a1a725,1,2,0,0,0
Grok 4.3,67313652f659ba7b3fd1fe40,1,2,0,2,0
Grok 4.3,6733af65f1a57e239a7e7488,2,2,0,0,0
Grok 4.3,6734346cf3950859f67019af,1,2,0,0,0
Grok 4.3,673612eaff612f83700ec41f,1,2,0,0,0
Grok 4.3,67368bceaea0de6b58ec346a,1,2,0,2,0
Grok 4.3,673722c82bfc8ab579ed111f,2,2,0,2,0
Grok 4.3,67375e6f8b1cc52c211f95ce,2,2,0,2,0
Grok 4.3,6737697dedff89681fe75582,2,2,0,2,0
Grok 4.3,6737b422d3949406f1ed580b,1,2,0,1,0
Grok 4.3,6738df8c201a2bd66499797a,2,2,0,1,0
Grok 4.3,6739149727881148ddf2aca0,1,2,0,0,0
Grok 4.3,673a76559e89466aa6433f66,3,2,0,0,0
Grok 4.3,673a9c6a414ad0600dc781a2,2,2,0,1,1
Grok 4.3,673ae99a3022b9e17f89d1b6,3,2,0,2,0
Grok 4.3,673be25fc988fbc8ef18d148,1,2,0,0,0
Grok 4.3,67414401f5fbbfac5c273a0d,2,2,0,0,0
Grok 4.3,674761ffca5b554156dc9037,1,2,0,1,0
Grok 4.3,674dbd94040b2918e5c0b63d,1,2,0,1,0
Grok 4.3,674f07ffffb28de6c182c458,3,2,0,2,0
Grok 4.3,67631f198b502023c4567380,2,2,0,0,0
Grok 4.3,67666a593e38774fc651f9f3,1,2,0,0,0
Grok 4.3,67672352c393c4ff629cb820,1,2,0,1,1
Grok 4.3,6767969869b88c321c96665a,1,2,0,2,0
Grok 4.3,678fbf931413486f7dc2a7f1,2,2,0,0,0
Grok 4.3,668825f80a642802bdfeadfa,3,3,1,2,0
Grok 4.3,668828540a642802bdfeadfc,3,3,1,0,0
Grok 4.3,66e70c75bbb9b1754c0869ce,1,3,1,0,0
Grok 4.3,66e883265ab37f0a7da089be,2,3,1,1,1
Grok 4.3,66e8add1650a03361a14c6f8,3,3,1,0,0
Grok 4.3,66e8e1056c0b8ace336996ea,3,3,1,1,0
Grok 4.3,66e8f69b1440516dd6ab54da,1,3,1,0,0
Grok 4.3,66e97fd756455f341c7849c3,1,3,1,0,0
Grok 4.3,66e996260930c00374ceaa0b,2,3,1,0,0
Grok 4.3,66ea70cd3d800a43340dd4d0,3,3,1,1,0
Grok 4.3,66eaf0ba5e31c19691fe73b1,2,3,1,1,0
Grok 4.3,66eafb96b082c5e6a76a49c0,1,3,1,0,0
Grok 4.3,66ecfd03e7478ca5fcbb7495,1,3,1,0,0
Grok 4.3,66edc60801af2a724035ad4b,1,3,1,0,0
Grok 4.3,66ef3de8b8a1ba6e0ba23498,2,3,1,0,0
Grok 4.3,66f052e814be84cc1edd3fbd,2,3,1,1,1
Grok 4.3,66f27d65a40482f6012a4006,3,3,1,0,0
Grok 4.3,66f31140cdc5dafd297e9b5a,3,3,1,2,0
Grok 4.3,66f44382e369fb72959c8e86,1,3,1,0,0
Grok 4.3,66f83aed0d92e99048a4ae9d,1,3,1,0,0
Grok 4.3,66fc4dc04293a9638d7e0f65,3,3,1,2,0
Grok 4.3,66fc5e611f5f3f3b48ae9566,3,3,1,2,0
Grok 4.3,66fc8b271d39fbf6d8bcdd0c,1,3,1,0,0
Grok 4.3,66fcc286eab6d512704d96af,1,3,1,0,0
Grok 4.3,66fcf077c494ec3fe0ed5635,3,3,1,2,0
Grok 4.3,66fd60ea6be05c0b608861d5,1,3,1,0,0
Grok 4.3,66fda7a057cea4445778e88a,1,3,1,2,0
Grok 4.3,66fee6c39e4f456a6d2941b5,1,3,1,0,0
Grok 4.3,670170d616077208cedb9627,2,3,1,0,0
Grok 4.3,6701de16d9e4cd1aa812414b,2,3,1,0,0
Grok 4.3,670285bc39fbddbbfdaffdfe,3,3,1,2,0
Grok 4.3,67055b15222ba55ab0b88431,3,3,1,1,0
Grok 4.3,6709a557139851f6bbbd7a5a,3,3,1,0,0
Grok 4.3,6709df4c3c2174379ffee04b,1,3,1,0,0
Grok 4.3,670aa3e255f3b29ec899f979,2,3,1,2,0
Grok 4.3,670b307567eb710437409184,3,3,1,1,0
Grok 4.3,670c775842b25f65425c86c2,1,3,1,0,0
Grok 4.3,670f00dc79750a6c73259f4d,2,3,1,2,0
Grok 4.3,670fb58f2ca6bea76e9354a7,2,3,1,1,0
Grok 4.3,6716260eae3149088ed859b9,3,3,1,2,0
Grok 4.3,6718487afba38eebcbc8034b,3,3,1,1,1
Grok 4.3,6718577ca88093a75026b186,2,3,1,1,0
Grok 4.3,671a947c9deaf77048dcc8b7,1,3,1,0,0
Grok 4.3,671ac641136758472327f851,2,3,1,1,1
Grok 4.3,671be3853529bee9e3097b92,3,3,1,2,0
Grok 4.3,671c6a1aacee876e82d4bc0e,1,3,1,0,0
Grok 4.3,671f083dc8da11076ce9960e,3,3,1,2,0
Grok 4.3,671f0c2578ab3005e439aeba,1,3,1,2,0
Grok 4.3,671f3d49d579cf064f22d3ce,2,3,1,1,0
Grok 4.3,67202822dbc5086c0bdd4e1c,1,3,1,0,0
Grok 4.3,672182f55e4a5b8416a1ccbe,2,3,1,0,0
Grok 4.3,67227b249679954247c9c0b3,3,3,1,2,0
Grok 4.3,6722b1f9f3a489ee08117730,1,3,1,1,0
Grok 4.3,67232c88e22b01bfa7b8f156,1,3,1,0,0
Grok 4.3,6723ec50479384d8942cca75,2,3,1,0,0
Grok 4.3,67242f1f911674ab1b5d904b,3,3,1,2,0
Grok 4.3,672433577fb5d24be68f010d,2,3,1,0,0
Grok 4.3,672455ce7a14971607e3d9f0,1,3,1,1,1
Grok 4.3,6724955b1dc5c59953c463ec,3,3,1,0,0
Grok 4.3,6724db7012a8d5ea6a619372,2,3,1,0,0
Grok 4.3,6724f8b80c7d03e5a66cce57,2,3,1,0,0
Grok 4.3,672507e82cc2a1349f1ffaf1,3,3,1,2,0
Grok 4.3,67253c33ad98e94b47ea3477,3,3,1,2,0
Grok 4.3,67254a56046774791d0f1a41,1,3,1,0,0
Grok 4.3,672555acc27a6276611a3005,2,3,1,1,0
Grok 4.3,67258c4124b290d28a9f8abe,1,3,1,0,0
Grok 4.3,67264a55cae736a4a682949a,1,3,1,1,0
Grok 4.3,672a5d27385accabb646acfe,2,3,1,1,0
Grok 4.3,672aac7a78e0ab15cf86003b,2,3,1,0,0
Grok 4.3,672d5a80f1800d2d85750a71,3,3,1,2,0
Grok 4.3,672fbc4ec2c82cf448a1a725,1,3,1,2,0
Grok 4.3,67313652f659ba7b3fd1fe40,1,3,1,2,0
Grok 4.3,6733af65f1a57e239a7e7488,2,3,1,0,0
Grok 4.3,6734346cf3950859f67019af,1,3,1,0,0
Grok 4.3,673612eaff612f83700ec41f,1,3,1,0,0
Grok 4.3,67368bceaea0de6b58ec346a,1,3,1,1,0
Grok 4.3,673722c82bfc8ab579ed111f,2,3,1,2,0
Grok 4.3,67375e6f8b1cc52c211f95ce,2,3,1,0,0
Grok 4.3,6737697dedff89681fe75582,2,3,1,0,0
Grok 4.3,6737b422d3949406f1ed580b,1,3,1,1,1
Grok 4.3,6738df8c201a2bd66499797a,2,3,1,1,0
Grok 4.3,6739149727881148ddf2aca0,1,3,1,1,0
Grok 4.3,673a76559e89466aa6433f66,3,3,1,2,0
Grok 4.3,673a9c6a414ad0600dc781a2,2,3,1,1,1
Grok 4.3,673ae99a3022b9e17f89d1b6,3,3,1,0,0
Grok 4.3,673be25fc988fbc8ef18d148,1,3,1,0,0
Grok 4.3,67414401f5fbbfac5c273a0d,2,3,1,2,0
Grok 4.3,674761ffca5b554156dc9037,1,3,1,1,1
Grok 4.3,674dbd94040b2918e5c0b63d,1,3,1,0,0
Grok 4.3,674f07ffffb28de6c182c458,3,3,1,1,0
Grok 4.3,67631f198b502023c4567380,2,3,1,0,0
Grok 4.3,67666a593e38774fc651f9f3,1,3,1,0,0
Grok 4.3,67672352c393c4ff629cb820,1,3,1,0,0
Grok 4.3,6767969869b88c321c96665a,1,3,1,0,0
Grok 4.3,678fbf931413486f7dc2a7f1,2,3,1,2,0
Grok 4.3,668825f80a642802bdfeadfa,3,4,0,2,0
Grok 4.3,668828540a642802bdfeadfc,3,4,0,4,0
Grok 4.3,66e70c75bbb9b1754c0869ce,1,4,0,2,2
Grok 4.3,66e883265ab37f0a7da089be,2,4,0,3,0
Grok 4.3,66e8add1650a03361a14c6f8,3,4,0,1,0
Grok 4.3,66e8e1056c0b8ace336996ea,3,4,0,1,1
Grok 4.3,66e8f69b1440516dd6ab54da,1,4,0,0,0
Grok 4.3,66e97fd756455f341c7849c3,1,4,0,1,1
Grok 4.3,66e996260930c00374ceaa0b,2,4,0,0,0
Grok 4.3,66ea70cd3d800a43340dd4d0,3,4,0,1,0
Grok 4.3,66eaf0ba5e31c19691fe73b1,2,4,0,3,0
Grok 4.3,66eafb96b082c5e6a76a49c0,1,4,0,1,0
Grok 4.3,66ecfd03e7478ca5fcbb7495,1,4,0,0,0
Grok 4.3,66edc60801af2a724035ad4b,1,4,0,0,0
Grok 4.3,66ef3de8b8a1ba6e0ba23498,2,4,0,0,0
Grok 4.3,66f052e814be84cc1edd3fbd,2,4,0,1,0
Grok 4.3,66f27d65a40482f6012a4006,3,4,0,1,1
Grok 4.3,66f31140cdc5dafd297e9b5a,3,4,0,4,0
Grok 4.3,66f44382e369fb72959c8e86,1,4,0,1,0
Grok 4.3,66f83aed0d92e99048a4ae9d,1,4,0,1,1
Grok 4.3,66fc4dc04293a9638d7e0f65,3,4,0,4,0
Grok 4.3,66fc5e611f5f3f3b48ae9566,3,4,0,2,0
Grok 4.3,66fc8b271d39fbf6d8bcdd0c,1,4,0,0,0
Grok 4.3,66fcc286eab6d512704d96af,1,4,0,0,0
Grok 4.3,66fcf077c494ec3fe0ed5635,3,4,0,4,0
Grok 4.3,66fd60ea6be05c0b608861d5,1,4,0,0,0
Grok 4.3,66fda7a057cea4445778e88a,1,4,0,1,1
Grok 4.3,66fee6c39e4f456a6d2941b5,1,4,0,2,2
Grok 4.3,670170d616077208cedb9627,2,4,0,0,0
Grok 4.3,6701de16d9e4cd1aa812414b,2,4,0,0,0
Grok 4.3,670285bc39fbddbbfdaffdfe,3,4,0,4,0
Grok 4.3,67055b15222ba55ab0b88431,3,4,0,4,0
Grok 4.3,6709a557139851f6bbbd7a5a,3,4,0,1,1
Grok 4.3,6709df4c3c2174379ffee04b,1,4,0,1,0
Grok 4.3,670aa3e255f3b29ec899f979,2,4,0,3,0
Grok 4.3,670b307567eb710437409184,3,4,0,2,2
Grok 4.3,670c775842b25f65425c86c2,1,4,0,2,2
Grok 4.3,670f00dc79750a6c73259f4d,2,4,0,2,0
Grok 4.3,670fb58f2ca6bea76e9354a7,2,4,0,2,0
Grok 4.3,6716260eae3149088ed859b9,3,4,0,3,0
Grok 4.3,6718487afba38eebcbc8034b,3,4,0,1,0
Grok 4.3,6718577ca88093a75026b186,2,4,0,2,2
Grok 4.3,671a947c9deaf77048dcc8b7,1,4,0,0,0
Grok 4.3,671ac641136758472327f851,2,4,0,4,0
Grok 4.3,671be3853529bee9e3097b92,3,4,0,4,0
Grok 4.3,671c6a1aacee876e82d4bc0e,1,4,0,2,0
Grok 4.3,671f083dc8da11076ce9960e,3,4,0,4,0
Grok 4.3,671f0c2578ab3005e439aeba,1,4,0,3,0
Grok 4.3,671f3d49d579cf064f22d3ce,2,4,0,1,0
Grok 4.3,67202822dbc5086c0bdd4e1c,1,4,0,0,0
Grok 4.3,672182f55e4a5b8416a1ccbe,2,4,0,2,2
Grok 4.3,67227b249679954247c9c0b3,3,4,0,3,0
Grok 4.3,6722b1f9f3a489ee08117730,1,4,0,2,0
Grok 4.3,67232c88e22b01bfa7b8f156,1,4,0,0,0
Grok 4.3,6723ec50479384d8942cca75,2,4,0,0,0
Grok 4.3,67242f1f911674ab1b5d904b,3,4,0,3,0
Grok 4.3,672433577fb5d24be68f010d,2,4,0,0,0
Grok 4.3,672455ce7a14971607e3d9f0,1,4,0,0,0
Grok 4.3,6724955b1dc5c59953c463ec,3,4,0,4,0
Grok 4.3,6724db7012a8d5ea6a619372,2,4,0,0,0
Grok 4.3,6724f8b80c7d03e5a66cce57,2,4,0,2,0
Grok 4.3,672507e82cc2a1349f1ffaf1,3,4,0,3,0
Grok 4.3,67253c33ad98e94b47ea3477,3,4,0,4,0
Grok 4.3,67254a56046774791d0f1a41,1,4,0,0,0
Grok 4.3,672555acc27a6276611a3005,2,4,0,2,0
Grok 4.3,67258c4124b290d28a9f8abe,1,4,0,0,0
Grok 4.3,67264a55cae736a4a682949a,1,4,0,3,0
Grok 4.3,672a5d27385accabb646acfe,2,4,0,3,0
Grok 4.3,672aac7a78e0ab15cf86003b,2,4,0,0,0
Grok 4.3,672d5a80f1800d2d85750a71,3,4,0,3,0
Grok 4.3,672fbc4ec2c82cf448a1a725,1,4,0,2,0
Grok 4.3,67313652f659ba7b3fd1fe40,1,4,0,2,0
Grok 4.3,6733af65f1a57e239a7e7488,2,4,0,1,1
Grok 4.3,6734346cf3950859f67019af,1,4,0,3,0
Grok 4.3,673612eaff612f83700ec41f,1,4,0,0,0
Grok 4.3,67368bceaea0de6b58ec346a,1,4,0,2,0
Grok 4.3,673722c82bfc8ab579ed111f,2,4,0,4,0
Grok 4.3,67375e6f8b1cc52c211f95ce,2,4,0,2,0
Grok 4.3,6737697dedff89681fe75582,2,4,0,4,0
Grok 4.3,6737b422d3949406f1ed580b,1,4,0,1,1
Grok 4.3,6738df8c201a2bd66499797a,2,4,0,3,0
Grok 4.3,6739149727881148ddf2aca0,1,4,0,1,1
Grok 4.3,673a76559e89466aa6433f66,3,4,0,4,0
Grok 4.3,673a9c6a414ad0600dc781a2,2,4,0,3,0
Grok 4.3,673ae99a3022b9e17f89d1b6,3,4,0,2,0
Grok 4.3,673be25fc988fbc8ef18d148,1,4,0,0,0
Grok 4.3,67414401f5fbbfac5c273a0d,2,4,0,1,1
Grok 4.3,674761ffca5b554156dc9037,1,4,0,1,0
Grok 4.3,674dbd94040b2918e5c0b63d,1,4,0,0,0
Grok 4.3,674f07ffffb28de6c182c458,3,4,0,4,0
Grok 4.3,67631f198b502023c4567380,2,4,0,0,0
Grok 4.3,67666a593e38774fc651f9f3,1,4,0,0,0
Grok 4.3,67672352c393c4ff629cb820,1,4,0,0,0
Grok 4.3,6767969869b88c321c96665a,1,4,0,2,0
Grok 4.3,678fbf931413486f7dc2a7f1,2,4,0,3,0
Grok 4.3,668825f80a642802bdfeadfa,3,6,2,2,0
Grok 4.3,668828540a642802bdfeadfc,3,6,2,2,0
Grok 4.3,66e70c75bbb9b1754c0869ce,1,6,2,2,0
Grok 4.3,66e883265ab37f0a7da089be,2,6,2,2,1
Grok 4.3,66e8add1650a03361a14c6f8,3,6,2,2,0
Grok 4.3,66e8e1056c0b8ace336996ea,3,6,2,1,1
Grok 4.3,66e8f69b1440516dd6ab54da,1,6,2,0,0
Grok 4.3,66e97fd756455f341c7849c3,1,6,2,0,0
Grok 4.3,66e996260930c00374ceaa0b,2,6,2,1,1
Grok 4.3,66ea70cd3d800a43340dd4d0,3,6,2,4,0
Grok 4.3,66eaf0ba5e31c19691fe73b1,2,6,2,3,0
Grok 4.3,66eafb96b082c5e6a76a49c0,1,6,2,2,0
Grok 4.3,66ecfd03e7478ca5fcbb7495,1,6,2,1,1
Grok 4.3,66edc60801af2a724035ad4b,1,6,2,3,0
Grok 4.3,66ef3de8b8a1ba6e0ba23498,2,6,2,3,0
Grok 4.3,66f052e814be84cc1edd3fbd,2,6,2,0,0
Grok 4.3,66f27d65a40482f6012a4006,3,6,2,0,0
Grok 4.3,66f31140cdc5dafd297e9b5a,3,6,2,4,0
Grok 4.3,66f44382e369fb72959c8e86,1,6,2,0,0
Grok 4.3,66f83aed0d92e99048a4ae9d,1,6,2,0,0
Grok 4.3,66fc4dc04293a9638d7e0f65,3,6,2,4,0
Grok 4.3,66fc5e611f5f3f3b48ae9566,3,6,2,2,0
Grok 4.3,66fc8b271d39fbf6d8bcdd0c,1,6,2,0,0
Grok 4.3,66fcc286eab6d512704d96af,1,6,2,0,0
Grok 4.3,66fcf077c494ec3fe0ed5635,3,6,2,4,0
Grok 4.3,66fd60ea6be05c0b608861d5,1,6,2,0,0
Grok 4.3,66fda7a057cea4445778e88a,1,6,2,3,3
Grok 4.3,66fee6c39e4f456a6d2941b5,1,6,2,2,2
Grok 4.3,670170d616077208cedb9627,2,6,2,0,0
Grok 4.3,6701de16d9e4cd1aa812414b,2,6,2,1,1
Grok 4.3,670285bc39fbddbbfdaffdfe,3,6,2,4,0
Grok 4.3,67055b15222ba55ab0b88431,3,6,2,4,0
Grok 4.3,6709a557139851f6bbbd7a5a,3,6,2,1,1
Grok 4.3,6709df4c3c2174379ffee04b,1,6,2,0,0
Grok 4.3,670aa3e255f3b29ec899f979,2,6,2,4,0
Grok 4.3,670b307567eb710437409184,3,6,2,0,0
Grok 4.3,670c775842b25f65425c86c2,1,6,2,2,0
Grok 4.3,670f00dc79750a6c73259f4d,2,6,2,3,0
Grok 4.3,670fb58f2ca6bea76e9354a7,2,6,2,2,0
Grok 4.3,6716260eae3149088ed859b9,3,6,2,1,1
Grok 4.3,6718487afba38eebcbc8034b,3,6,2,3,0
Grok 4.3,6718577ca88093a75026b186,2,6,2,2,2
Grok 4.3,671a947c9deaf77048dcc8b7,1,6,2,3,3
Grok 4.3,671ac641136758472327f851,2,6,2,0,0
Grok 4.3,671be3853529bee9e3097b92,3,6,2,2,2
Grok 4.3,671c6a1aacee876e82d4bc0e,1,6,2,1,1
Grok 4.3,671f083dc8da11076ce9960e,3,6,2,2,0
Grok 4.3,671f0c2578ab3005e439aeba,1,6,2,3,0
Grok 4.3,671f3d49d579cf064f22d3ce,2,6,2,1,0
Grok 4.3,67202822dbc5086c0bdd4e1c,1,6,2,2,2
Grok 4.3,672182f55e4a5b8416a1ccbe,2,6,2,0,0
Grok 4.3,67227b249679954247c9c0b3,3,6,2,2,0
Grok 4.3,6722b1f9f3a489ee08117730,1,6,2,2,2
Grok 4.3,67232c88e22b01bfa7b8f156,1,6,2,0,0
Grok 4.3,6723ec50479384d8942cca75,2,6,2,1,0
Grok 4.3,67242f1f911674ab1b5d904b,3,6,2,4,0
Grok 4.3,672433577fb5d24be68f010d,2,6,2,0,0
Grok 4.3,672455ce7a14971607e3d9f0,1,6,2,0,0
Grok 4.3,6724955b1dc5c59953c463ec,3,6,2,4,0
Grok 4.3,6724db7012a8d5ea6a619372,2,6,2,2,0
Grok 4.3,6724f8b80c7d03e5a66cce57,2,6,2,1,1
Grok 4.3,672507e82cc2a1349f1ffaf1,3,6,2,4,0
Grok 4.3,67253c33ad98e94b47ea3477,3,6,2,4,0
Grok 4.3,67254a56046774791d0f1a41,1,6,2,0,0
Grok 4.3,672555acc27a6276611a3005,2,6,2,1,0
Grok 4.3,67258c4124b290d28a9f8abe,1,6,2,0,0
Grok 4.3,67264a55cae736a4a682949a,1,6,2,3,0
Grok 4.3,672a5d27385accabb646acfe,2,6,2,2,0
Grok 4.3,672aac7a78e0ab15cf86003b,2,6,2,0,0
Grok 4.3,672d5a80f1800d2d85750a71,3,6,2,3,1
Grok 4.3,672fbc4ec2c82cf448a1a725,1,6,2,1,1
Grok 4.3,67313652f659ba7b3fd1fe40,1,6,2,1,1
Grok 4.3,6733af65f1a57e239a7e7488,2,6,2,0,0
Grok 4.3,6734346cf3950859f67019af,1,6,2,1,1
Grok 4.3,673612eaff612f83700ec41f,1,6,2,0,0
Grok 4.3,67368bceaea0de6b58ec346a,1,6,2,2,0
Grok 4.3,673722c82bfc8ab579ed111f,2,6,2,3,2
Grok 4.3,67375e6f8b1cc52c211f95ce,2,6,2,3,0
Grok 4.3,6737697dedff89681fe75582,2,6,2,1,1
Grok 4.3,6737b422d3949406f1ed580b,1,6,2,1,1
Grok 4.3,6738df8c201a2bd66499797a,2,6,2,3,0
Grok 4.3,6739149727881148ddf2aca0,1,6,2,0,0
Grok 4.3,673a76559e89466aa6433f66,3,6,2,3,0
Grok 4.3,673a9c6a414ad0600dc781a2,2,6,2,3,0
Grok 4.3,673ae99a3022b9e17f89d1b6,3,6,2,3,0
Grok 4.3,673be25fc988fbc8ef18d148,1,6,2,1,1
Grok 4.3,67414401f5fbbfac5c273a0d,2,6,2,2,0
Grok 4.3,674761ffca5b554156dc9037,1,6,2,1,1
Grok 4.3,674dbd94040b2918e5c0b63d,1,6,2,0,0
Grok 4.3,674f07ffffb28de6c182c458,3,6,2,1,0
Grok 4.3,67631f198b502023c4567380,2,6,2,0,0
Grok 4.3,67666a593e38774fc651f9f3,1,6,2,1,1
Grok 4.3,67672352c393c4ff629cb820,1,6,2,0,0
Grok 4.3,6767969869b88c321c96665a,1,6,2,3,0
Grok 4.3,678fbf931413486f7dc2a7f1,2,6,2,2,0
Grok 4.3,668825f80a642802bdfeadfa,3,7,3,2,0
Grok 4.3,668828540a642802bdfeadfc,3,7,3,3,0
Grok 4.3,66e70c75bbb9b1754c0869ce,1,7,3,1,1
Grok 4.3,66e883265ab37f0a7da089be,2,7,3,2,2
Grok 4.3,66e8add1650a03361a14c6f8,3,7,3,1,0
Grok 4.3,66e8e1056c0b8ace336996ea,3,7,3,0,0
Grok 4.3,66e8f69b1440516dd6ab54da,1,7,3,0,0
Grok 4.3,66e97fd756455f341c7849c3,1,7,3,0,0
Grok 4.3,66e996260930c00374ceaa0b,2,7,3,0,0
Grok 4.3,66ea70cd3d800a43340dd4d0,3,7,3,2,0
Grok 4.3,66eaf0ba5e31c19691fe73b1,2,7,3,2,0
Grok 4.3,66eafb96b082c5e6a76a49c0,1,7,3,2,0
Grok 4.3,66ecfd03e7478ca5fcbb7495,1,7,3,0,0
Grok 4.3,66edc60801af2a724035ad4b,1,7,3,0,0
Grok 4.3,66ef3de8b8a1ba6e0ba23498,2,7,3,0,0
Grok 4.3,66f052e814be84cc1edd3fbd,2,7,3,1,1
Grok 4.3,66f27d65a40482f6012a4006,3,7,3,0,0
Grok 4.3,66f31140cdc5dafd297e9b5a,3,7,3,4,3
Grok 4.3,66f44382e369fb72959c8e86,1,7,3,0,0
Grok 4.3,66f83aed0d92e99048a4ae9d,1,7,3,0,0
Grok 4.3,66fc4dc04293a9638d7e0f65,3,7,3,3,2
Grok 4.3,66fc5e611f5f3f3b48ae9566,3,7,3,4,0
Grok 4.3,66fc8b271d39fbf6d8bcdd0c,1,7,3,0,0
Grok 4.3,66fcc286eab6d512704d96af,1,7,3,2,0
Grok 4.3,66fcf077c494ec3fe0ed5635,3,7,3,4,0
Grok 4.3,66fd60ea6be05c0b608861d5,1,7,3,0,0
Grok 4.3,66fda7a057cea4445778e88a,1,7,3,2,2
Grok 4.3,66fee6c39e4f456a6d2941b5,1,7,3,2,2
Grok 4.3,670170d616077208cedb9627,2,7,3,1,1
Grok 4.3,6701de16d9e4cd1aa812414b,2,7,3,0,0
Grok 4.3,670285bc39fbddbbfdaffdfe,3,7,3,4,0
Grok 4.3,67055b15222ba55ab0b88431,3,7,3,4,3
Grok 4.3,6709a557139851f6bbbd7a5a,3,7,3,0,0
Grok 4.3,6709df4c3c2174379ffee04b,1,7,3,1,1
Grok 4.3,670aa3e255f3b29ec899f979,2,7,3,3,0
Grok 4.3,670b307567eb710437409184,3,7,3,3,0
Grok 4.3,670c775842b25f65425c86c2,1,7,3,2,2
Grok 4.3,670f00dc79750a6c73259f4d,2,7,3,4,0
Grok 4.3,670fb58f2ca6bea76e9354a7,2,7,3,1,0
Grok 4.3,6716260eae3149088ed859b9,3,7,3,3,0
Grok 4.3,6718487afba38eebcbc8034b,3,7,3,1,1
Grok 4.3,6718577ca88093a75026b186,2,7,3,3,3
Grok 4.3,671a947c9deaf77048dcc8b7,1,7,3,1,1
Grok 4.3,671ac641136758472327f851,2,7,3,4,0
Grok 4.3,671be3853529bee9e3097b92,3,7,3,1,1
Grok 4.3,671c6a1aacee876e82d4bc0e,1,7,3,3,0
Grok 4.3,671f083dc8da11076ce9960e,3,7,3,4,0
Grok 4.3,671f0c2578ab3005e439aeba,1,7,3,4,0
Grok 4.3,671f3d49d579cf064f22d3ce,2,7,3,2,0
Grok 4.3,67202822dbc5086c0bdd4e1c,1,7,3,0,0
Grok 4.3,672182f55e4a5b8416a1ccbe,2,7,3,2,2
Grok 4.3,67227b249679954247c9c0b3,3,7,3,2,0
Grok 4.3,6722b1f9f3a489ee08117730,1,7,3,2,2
Grok 4.3,67232c88e22b01bfa7b8f156,1,7,3,0,0
Grok 4.3,6723ec50479384d8942cca75,2,7,3,1,0
Grok 4.3,67242f1f911674ab1b5d904b,3,7,3,3,0
Grok 4.3,672433577fb5d24be68f010d,2,7,3,0,0
Grok 4.3,672455ce7a14971607e3d9f0,1,7,3,0,0
Grok 4.3,6724955b1dc5c59953c463ec,3,7,3,4,0
Grok 4.3,6724db7012a8d5ea6a619372,2,7,3,2,0
Grok 4.3,6724f8b80c7d03e5a66cce57,2,7,3,0,0
Grok 4.3,672507e82cc2a1349f1ffaf1,3,7,3,4,0
Grok 4.3,67253c33ad98e94b47ea3477,3,7,3,3,0
Grok 4.3,67254a56046774791d0f1a41,1,7,3,0,0
Grok 4.3,672555acc27a6276611a3005,2,7,3,2,0
Grok 4.3,67258c4124b290d28a9f8abe,1,7,3,0,0
Grok 4.3,67264a55cae736a4a682949a,1,7,3,0,0
Grok 4.3,672a5d27385accabb646acfe,2,7,3,3,0
Grok 4.3,672aac7a78e0ab15cf86003b,2,7,3,0,0
Grok 4.3,672d5a80f1800d2d85750a71,3,7,3,2,2
Grok 4.3,672fbc4ec2c82cf448a1a725,1,7,3,0,0
Grok 4.3,67313652f659ba7b3fd1fe40,1,7,3,2,0
Grok 4.3,6733af65f1a57e239a7e7488,2,7,3,0,0
Grok 4.3,6734346cf3950859f67019af,1,7,3,2,0
Grok 4.3,673612eaff612f83700ec41f,1,7,3,0,0
Grok 4.3,67368bceaea0de6b58ec346a,1,7,3,2,2
Grok 4.3,673722c82bfc8ab579ed111f,2,7,3,3,0
Grok 4.3,67375e6f8b1cc52c211f95ce,2,7,3,3,2
Grok 4.3,6737697dedff89681fe75582,2,7,3,1,1
Grok 4.3,6737b422d3949406f1ed580b,1,7,3,2,2
Grok 4.3,6738df8c201a2bd66499797a,2,7,3,4,0
Grok 4.3,6739149727881148ddf2aca0,1,7,3,1,1
Grok 4.3,673a76559e89466aa6433f66,3,7,3,4,0
Grok 4.3,673a9c6a414ad0600dc781a2,2,7,3,4,0
Grok 4.3,673ae99a3022b9e17f89d1b6,3,7,3,2,0
Grok 4.3,673be25fc988fbc8ef18d148,1,7,3,0,0
Grok 4.3,67414401f5fbbfac5c273a0d,2,7,3,1,1
Grok 4.3,674761ffca5b554156dc9037,1,7,3,3,1
Grok 4.3,674dbd94040b2918e5c0b63d,1,7,3,1,1
Grok 4.3,674f07ffffb28de6c182c458,3,7,3,4,0
Grok 4.3,67631f198b502023c4567380,2,7,3,2,2
Grok 4.3,67666a593e38774fc651f9f3,1,7,3,0,0
Grok 4.3,67672352c393c4ff629cb820,1,7,3,0,0
Grok 4.3,6767969869b88c321c96665a,1,7,3,1,1
Grok 4.3,678fbf931413486f7dc2a7f1,2,7,3,0,0
Grok 4.3,668825f80a642802bdfeadfa,3,8,0,3,0
Grok 4.3,668828540a642802bdfeadfc,3,8,0,5,0
Grok 4.3,66e70c75bbb9b1754c0869ce,1,8,0,1,1
Grok 4.3,66e883265ab37f0a7da089be,2,8,0,0,0
Grok 4.3,66e8add1650a03361a14c6f8,3,8,0,4,2
Grok 4.3,66e8e1056c0b8ace336996ea,3,8,0,0,0
Grok 4.3,66e8f69b1440516dd6ab54da,1,8,0,2,0
Grok 4.3,66e97fd756455f341c7849c3,1,8,0,0,0
Grok 4.3,66e996260930c00374ceaa0b,2,8,0,0,0
Grok 4.3,66ea70cd3d800a43340dd4d0,3,8,0,4,0
Grok 4.3,66eaf0ba5e31c19691fe73b1,2,8,0,5,0
Grok 4.3,66eafb96b082c5e6a76a49c0,1,8,0,2,2
Grok 4.3,66ecfd03e7478ca5fcbb7495,1,8,0,0,0
Grok 4.3,66edc60801af2a724035ad4b,1,8,0,2,0
Grok 4.3,66ef3de8b8a1ba6e0ba23498,2,8,0,1,1
Grok 4.3,66f052e814be84cc1edd3fbd,2,8,0,1,1
Grok 4.3,66f27d65a40482f6012a4006,3,8,0,0,0
Grok 4.3,66f31140cdc5dafd297e9b5a,3,8,0,8,0
Grok 4.3,66f44382e369fb72959c8e86,1,8,0,1,0
Grok 4.3,66f83aed0d92e99048a4ae9d,1,8,0,2,2
Grok 4.3,66fc4dc04293a9638d7e0f65,3,8,0,7,1
Grok 4.3,66fc5e611f5f3f3b48ae9566,3,8,0,4,0
Grok 4.3,66fc8b271d39fbf6d8bcdd0c,1,8,0,0,0
Grok 4.3,66fcc286eab6d512704d96af,1,8,0,2,0
Grok 4.3,66fcf077c494ec3fe0ed5635,3,8,0,7,0
Grok 4.3,66fd60ea6be05c0b608861d5,1,8,0,0,0
Grok 4.3,66fda7a057cea4445778e88a,1,8,0,6,0
Grok 4.3,66fee6c39e4f456a6d2941b5,1,8,0,2,2
Grok 4.3,670170d616077208cedb9627,2,8,0,3,3
Grok 4.3,6701de16d9e4cd1aa812414b,2,8,0,2,2
Grok 4.3,670285bc39fbddbbfdaffdfe,3,8,0,8,0
Grok 4.3,67055b15222ba55ab0b88431,3,8,0,6,4
Grok 4.3,6709a557139851f6bbbd7a5a,3,8,0,4,4
Grok 4.3,6709df4c3c2174379ffee04b,1,8,0,2,0
Grok 4.3,670aa3e255f3b29ec899f979,2,8,0,7,0
Grok 4.3,670b307567eb710437409184,3,8,0,1,1
Grok 4.3,670c775842b25f65425c86c2,1,8,0,1,1
Grok 4.3,670f00dc79750a6c73259f4d,2,8,0,4,0
Grok 4.3,670fb58f2ca6bea76e9354a7,2,8,0,5,0
Grok 4.3,6716260eae3149088ed859b9,3,8,0,5,3
Grok 4.3,6718487afba38eebcbc8034b,3,8,0,4,0
Grok 4.3,6718577ca88093a75026b186,2,8,0,4,4
Grok 4.3,671a947c9deaf77048dcc8b7,1,8,0,5,0
Grok 4.3,671ac641136758472327f851,2,8,0,3,3
Grok 4.3,671be3853529bee9e3097b92,3,8,0,4,0
Grok 4.3,671c6a1aacee876e82d4bc0e,1,8,0,5,0
Grok 4.3,671f083dc8da11076ce9960e,3,8,0,7,0
Grok 4.3,671f0c2578ab3005e439aeba,1,8,0,4,0
Grok 4.3,671f3d49d579cf064f22d3ce,2,8,0,2,0
Grok 4.3,67202822dbc5086c0bdd4e1c,1,8,0,2,2
Grok 4.3,672182f55e4a5b8416a1ccbe,2,8,0,0,0
Grok 4.3,67227b249679954247c9c0b3,3,8,0,6,0
Grok 4.3,6722b1f9f3a489ee08117730,1,8,0,3,0
Grok 4.3,67232c88e22b01bfa7b8f156,1,8,0,0,0
Grok 4.3,6723ec50479384d8942cca75,2,8,0,2,0
Grok 4.3,67242f1f911674ab1b5d904b,3,8,0,5,0
Grok 4.3,672433577fb5d24be68f010d,2,8,0,1,0
Grok 4.3,672455ce7a14971607e3d9f0,1,8,0,0,0
Grok 4.3,6724955b1dc5c59953c463ec,3,8,0,8,0
Grok 4.3,6724db7012a8d5ea6a619372,2,8,0,3,0
Grok 4.3,6724f8b80c7d03e5a66cce57,2,8,0,1,1
Grok 4.3,672507e82cc2a1349f1ffaf1,3,8,0,6,0
Grok 4.3,67253c33ad98e94b47ea3477,3,8,0,8,0
Grok 4.3,67254a56046774791d0f1a41,1,8,0,0,0
Grok 4.3,672555acc27a6276611a3005,2,8,0,3,0
Grok 4.3,67258c4124b290d28a9f8abe,1,8,0,0,0
Grok 4.3,67264a55cae736a4a682949a,1,8,0,2,0
Grok 4.3,672a5d27385accabb646acfe,2,8,0,6,0
Grok 4.3,672aac7a78e0ab15cf86003b,2,8,0,2,0
Grok 4.3,672d5a80f1800d2d85750a71,3,8,0,7,0
Grok 4.3,672fbc4ec2c82cf448a1a725,1,8,0,1,1
Grok 4.3,67313652f659ba7b3fd1fe40,1,8,0,5,0
Grok 4.3,6733af65f1a57e239a7e7488,2,8,0,1,1
Grok 4.3,6734346cf3950859f67019af,1,8,0,3,0
Grok 4.3,673612eaff612f83700ec41f,1,8,0,0,0
Grok 4.3,67368bceaea0de6b58ec346a,1,8,0,3,3
Grok 4.3,673722c82bfc8ab579ed111f,2,8,0,5,0
Grok 4.3,67375e6f8b1cc52c211f95ce,2,8,0,7,1
Grok 4.3,6737697dedff89681fe75582,2,8,0,4,0
Grok 4.3,6737b422d3949406f1ed580b,1,8,0,4,0
Grok 4.3,6738df8c201a2bd66499797a,2,8,0,7,0
Grok 4.3,6739149727881148ddf2aca0,1,8,0,1,1
Grok 4.3,673a76559e89466aa6433f66,3,8,0,8,0
Grok 4.3,673a9c6a414ad0600dc781a2,2,8,0,7,0
Grok 4.3,673ae99a3022b9e17f89d1b6,3,8,0,7,0
Grok 4.3,673be25fc988fbc8ef18d148,1,8,0,1,1
Grok 4.3,67414401f5fbbfac5c273a0d,2,8,0,4,0
Grok 4.3,674761ffca5b554156dc9037,1,8,0,3,3
Grok 4.3,674dbd94040b2918e5c0b63d,1,8,0,2,0
Grok 4.3,674f07ffffb28de6c182c458,3,8,0,7,0
Grok 4.3,67631f198b502023c4567380,2,8,0,1,1
Grok 4.3,67666a593e38774fc651f9f3,1,8,0,3,0
Grok 4.3,67672352c393c4ff629cb820,1,8,0,1,1
Grok 4.3,6767969869b88c321c96665a,1,8,0,4,0
Grok 4.3,678fbf931413486f7dc2a7f1,2,8,0,3,0
Grok 4.3,668825f80a642802bdfeadfa,3,10,2,4,0
Grok 4.3,668828540a642802bdfeadfc,3,10,2,5,0
Grok 4.3,66e70c75bbb9b1754c0869ce,1,10,2,0,0
Grok 4.3,66e883265ab37f0a7da089be,2,10,2,4,4
Grok 4.3,66e8add1650a03361a14c6f8,3,10,2,2,0
Grok 4.3,66e8e1056c0b8ace336996ea,3,10,2,2,2
Grok 4.3,66e8f69b1440516dd6ab54da,1,10,2,0,0
Grok 4.3,66e97fd756455f341c7849c3,1,10,2,0,0
Grok 4.3,66e996260930c00374ceaa0b,2,10,2,2,2
Grok 4.3,66ea70cd3d800a43340dd4d0,3,10,2,4,0
Grok 4.3,66eaf0ba5e31c19691fe73b1,2,10,2,6,0
Grok 4.3,66eafb96b082c5e6a76a49c0,1,10,2,1,1
Grok 4.3,66ecfd03e7478ca5fcbb7495,1,10,2,0,0
Grok 4.3,66edc60801af2a724035ad4b,1,10,2,5,0
Grok 4.3,66ef3de8b8a1ba6e0ba23498,2,10,2,2,2
Grok 4.3,66f052e814be84cc1edd3fbd,2,10,2,0,0
Grok 4.3,66f27d65a40482f6012a4006,3,10,2,2,2
Grok 4.3,66f31140cdc5dafd297e9b5a,3,10,2,8,0
Grok 4.3,66f44382e369fb72959c8e86,1,10,2,0,0
Grok 4.3,66f83aed0d92e99048a4ae9d,1,10,2,1,1
Grok 4.3,66fc4dc04293a9638d7e0f65,3,10,2,4,0
Grok 4.3,66fc5e611f5f3f3b48ae9566,3,10,2,3,0
Grok 4.3,66fc8b271d39fbf6d8bcdd0c,1,10,2,0,0
Grok 4.3,66fcc286eab6d512704d96af,1,10,2,1,1
Grok 4.3,66fcf077c494ec3fe0ed5635,3,10,2,8,0
Grok 4.3,66fd60ea6be05c0b608861d5,1,10,2,1,1
Grok 4.3,66fda7a057cea4445778e88a,1,10,2,3,3
Grok 4.3,66fee6c39e4f456a6d2941b5,1,10,2,2,2
Grok 4.3,670170d616077208cedb9627,2,10,2,1,1
Grok 4.3,6701de16d9e4cd1aa812414b,2,10,2,1,1
Grok 4.3,670285bc39fbddbbfdaffdfe,3,10,2,8,0
Grok 4.3,67055b15222ba55ab0b88431,3,10,2,4,0
Grok 4.3,6709a557139851f6bbbd7a5a,3,10,2,1,1
Grok 4.3,6709df4c3c2174379ffee04b,1,10,2,2,2
Grok 4.3,670aa3e255f3b29ec899f979,2,10,2,8,0
Grok 4.3,670b307567eb710437409184,3,10,2,4,4
Grok 4.3,670c775842b25f65425c86c2,1,10,2,2,2
Grok 4.3,670f00dc79750a6c73259f4d,2,10,2,5,0
Grok 4.3,670fb58f2ca6bea76e9354a7,2,10,2,5,0
Grok 4.3,6716260eae3149088ed859b9,3,10,2,6,0
Grok 4.3,6718487afba38eebcbc8034b,3,10,2,3,0
Grok 4.3,6718577ca88093a75026b186,2,10,2,6,0
Grok 4.3,671a947c9deaf77048dcc8b7,1,10,2,6,0
Grok 4.3,671ac641136758472327f851,2,10,2,4,4
Grok 4.3,671be3853529bee9e3097b92,3,10,2,4,4
Grok 4.3,671c6a1aacee876e82d4bc0e,1,10,2,4,0
Grok 4.3,671f083dc8da11076ce9960e,3,10,2,7,0
Grok 4.3,671f0c2578ab3005e439aeba,1,10,2,4,0
Grok 4.3,671f3d49d579cf064f22d3ce,2,10,2,4,4
Grok 4.3,67202822dbc5086c0bdd4e1c,1,10,2,2,2
Grok 4.3,672182f55e4a5b8416a1ccbe,2,10,2,0,0
Grok 4.3,67227b249679954247c9c0b3,3,10,2,5,0
Grok 4.3,6722b1f9f3a489ee08117730,1,10,2,4,0
Grok 4.3,67232c88e22b01bfa7b8f156,1,10,2,0,0
Grok 4.3,6723ec50479384d8942cca75,2,10,2,3,0
Grok 4.3,67242f1f911674ab1b5d904b,3,10,2,5,0
Grok 4.3,672433577fb5d24be68f010d,2,10,2,2,0
Grok 4.3,672455ce7a14971607e3d9f0,1,10,2,1,1
Grok 4.3,6724955b1dc5c59953c463ec,3,10,2,8,0
Grok 4.3,6724db7012a8d5ea6a619372,2,10,2,5,0
Grok 4.3,6724f8b80c7d03e5a66cce57,2,10,2,2,2
Grok 4.3,672507e82cc2a1349f1ffaf1,3,10,2,8,0
Grok 4.3,67253c33ad98e94b47ea3477,3,10,2,7,0
Grok 4.3,67254a56046774791d0f1a41,1,10,2,2,2
Grok 4.3,672555acc27a6276611a3005,2,10,2,2,0
Grok 4.3,67258c4124b290d28a9f8abe,1,10,2,0,0
Grok 4.3,67264a55cae736a4a682949a,1,10,2,2,0
Grok 4.3,672a5d27385accabb646acfe,2,10,2,5,0
Grok 4.3,672aac7a78e0ab15cf86003b,2,10,2,1,1
Grok 4.3,672d5a80f1800d2d85750a71,3,10,2,4,0
Grok 4.3,672fbc4ec2c82cf448a1a725,1,10,2,0,0
Grok 4.3,67313652f659ba7b3fd1fe40,1,10,2,5,0
Grok 4.3,6733af65f1a57e239a7e7488,2,10,2,0,0
Grok 4.3,6734346cf3950859f67019af,1,10,2,4,0
Grok 4.3,673612eaff612f83700ec41f,1,10,2,0,0
Grok 4.3,67368bceaea0de6b58ec346a,1,10,2,3,3
Grok 4.3,673722c82bfc8ab579ed111f,2,10,2,6,3
Grok 4.3,67375e6f8b1cc52c211f95ce,2,10,2,5,0
Grok 4.3,6737697dedff89681fe75582,2,10,2,4,0
Grok 4.3,6737b422d3949406f1ed580b,1,10,2,5,5
Grok 4.3,6738df8c201a2bd66499797a,2,10,2,6,0
Grok 4.3,6739149727881148ddf2aca0,1,10,2,3,3
Grok 4.3,673a76559e89466aa6433f66,3,10,2,5,0
Grok 4.3,673a9c6a414ad0600dc781a2,2,10,2,5,0
Grok 4.3,673ae99a3022b9e17f89d1b6,3,10,2,5,0
Grok 4.3,673be25fc988fbc8ef18d148,1,10,2,0,0
Grok 4.3,67414401f5fbbfac5c273a0d,2,10,2,4,1
Grok 4.3,674761ffca5b554156dc9037,1,10,2,5,5
Grok 4.3,674dbd94040b2918e5c0b63d,1,10,2,0,0
Grok 4.3,674f07ffffb28de6c182c458,3,10,2,8,0
Grok 4.3,67631f198b502023c4567380,2,10,2,5,0
Grok 4.3,67666a593e38774fc651f9f3,1,10,2,1,1
Grok 4.3,67672352c393c4ff629cb820,1,10,2,1,1
Grok 4.3,6767969869b88c321c96665a,1,10,2,4,0
Grok 4.3,678fbf931413486f7dc2a7f1,2,10,2,3,0
Grok 4.3,668825f80a642802bdfeadfa,3,12,4,4,0
Grok 4.3,668828540a642802bdfeadfc,3,12,4,7,0
Grok 4.3,66e70c75bbb9b1754c0869ce,1,12,4,1,1
Grok 4.3,66e883265ab37f0a7da089be,2,12,4,4,4
Grok 4.3,66e8add1650a03361a14c6f8,3,12,4,2,0
Grok 4.3,66e8e1056c0b8ace336996ea,3,12,4,1,1
Grok 4.3,66e8f69b1440516dd6ab54da,1,12,4,0,0
Grok 4.3,66e97fd756455f341c7849c3,1,12,4,3,3
Grok 4.3,66e996260930c00374ceaa0b,2,12,4,1,1
Grok 4.3,66ea70cd3d800a43340dd4d0,3,12,4,7,0
Grok 4.3,66eaf0ba5e31c19691fe73b1,2,12,4,5,0
Grok 4.3,66eafb96b082c5e6a76a49c0,1,12,4,3,3
Grok 4.3,66ecfd03e7478ca5fcbb7495,1,12,4,0,0
Grok 4.3,66edc60801af2a724035ad4b,1,12,4,5,5
Grok 4.3,66ef3de8b8a1ba6e0ba23498,2,12,4,4,3
Grok 4.3,66f052e814be84cc1edd3fbd,2,12,4,3,3
Grok 4.3,66f27d65a40482f6012a4006,3,12,4,1,1
Grok 4.3,66f31140cdc5dafd297e9b5a,3,12,4,7,0
Grok 4.3,66f44382e369fb72959c8e86,1,12,4,1,0
Grok 4.3,66f83aed0d92e99048a4ae9d,1,12,4,1,1
Grok 4.3,66fc4dc04293a9638d7e0f65,3,12,4,7,6
Grok 4.3,66fc5e611f5f3f3b48ae9566,3,12,4,4,0
Grok 4.3,66fc8b271d39fbf6d8bcdd0c,1,12,4,0,0
Grok 4.3,66fcc286eab6d512704d96af,1,12,4,0,0
Grok 4.3,66fcf077c494ec3fe0ed5635,3,12,4,8,0
Grok 4.3,66fd60ea6be05c0b608861d5,1,12,4,0,0
Grok 4.3,66fda7a057cea4445778e88a,1,12,4,3,3
Grok 4.3,66fee6c39e4f456a6d2941b5,1,12,4,5,5
Grok 4.3,670170d616077208cedb9627,2,12,4,1,0
Grok 4.3,6701de16d9e4cd1aa812414b,2,12,4,2,2
Grok 4.3,670285bc39fbddbbfdaffdfe,3,12,4,7,0
Grok 4.3,67055b15222ba55ab0b88431,3,12,4,6,0
Grok 4.3,6709a557139851f6bbbd7a5a,3,12,4,2,2
Grok 4.3,6709df4c3c2174379ffee04b,1,12,4,3,0
Grok 4.3,670aa3e255f3b29ec899f979,2,12,4,6,0
Grok 4.3,670b307567eb710437409184,3,12,4,3,3
Grok 4.3,670c775842b25f65425c86c2,1,12,4,4,4
Grok 4.3,670f00dc79750a6c73259f4d,2,12,4,6,0
Grok 4.3,670fb58f2ca6bea76e9354a7,2,12,4,2,0
Grok 4.3,6716260eae3149088ed859b9,3,12,4,5,0
Grok 4.3,6718487afba38eebcbc8034b,3,12,4,5,5
Grok 4.3,6718577ca88093a75026b186,2,12,4,5,0
Grok 4.3,671a947c9deaf77048dcc8b7,1,12,4,2,2
Grok 4.3,671ac641136758472327f851,2,12,4,3,3
Grok 4.3,671be3853529bee9e3097b92,3,12,4,5,5
Grok 4.3,671c6a1aacee876e82d4bc0e,1,12,4,2,2
Grok 4.3,671f083dc8da11076ce9960e,3,12,4,8,0
Grok 4.3,671f0c2578ab3005e439aeba,1,12,4,6,0
Grok 4.3,671f3d49d579cf064f22d3ce,2,12,4,2,0
Grok 4.3,67202822dbc5086c0bdd4e1c,1,12,4,1,1
Grok 4.3,672182f55e4a5b8416a1ccbe,2,12,4,0,0
Grok 4.3,67227b249679954247c9c0b3,3,12,4,5,0
Grok 4.3,6722b1f9f3a489ee08117730,1,12,4,2,2
Grok 4.3,67232c88e22b01bfa7b8f156,1,12,4,0,0
Grok 4.3,6723ec50479384d8942cca75,2,12,4,0,0
Grok 4.3,67242f1f911674ab1b5d904b,3,12,4,4,0
Grok 4.3,672433577fb5d24be68f010d,2,12,4,1,1
Grok 4.3,672455ce7a14971607e3d9f0,1,12,4,1,1
Grok 4.3,6724955b1dc5c59953c463ec,3,12,4,8,0
Grok 4.3,6724db7012a8d5ea6a619372,2,12,4,6,0
Grok 4.3,6724f8b80c7d03e5a66cce57,2,12,4,3,3
Grok 4.3,672507e82cc2a1349f1ffaf1,3,12,4,5,0
Grok 4.3,67253c33ad98e94b47ea3477,3,12,4,7,0
Grok 4.3,67254a56046774791d0f1a41,1,12,4,0,0
Grok 4.3,672555acc27a6276611a3005,2,12,4,4,0
Grok 4.3,67258c4124b290d28a9f8abe,1,12,4,0,0
Grok 4.3,67264a55cae736a4a682949a,1,12,4,1,0
Grok 4.3,672a5d27385accabb646acfe,2,12,4,4,0
Grok 4.3,672aac7a78e0ab15cf86003b,2,12,4,3,1
Grok 4.3,672d5a80f1800d2d85750a71,3,12,4,4,0
Grok 4.3,672fbc4ec2c82cf448a1a725,1,12,4,0,0
Grok 4.3,67313652f659ba7b3fd1fe40,1,12,4,7,0
Grok 4.3,6733af65f1a57e239a7e7488,2,12,4,1,1
Grok 4.3,6734346cf3950859f67019af,1,12,4,2,0
Grok 4.3,673612eaff612f83700ec41f,1,12,4,1,1
Grok 4.3,67368bceaea0de6b58ec346a,1,12,4,5,0
Grok 4.3,673722c82bfc8ab579ed111f,2,12,4,6,0
Grok 4.3,67375e6f8b1cc52c211f95ce,2,12,4,3,0
Grok 4.3,6737697dedff89681fe75582,2,12,4,4,4
Grok 4.3,6737b422d3949406f1ed580b,1,12,4,3,0
Grok 4.3,6738df8c201a2bd66499797a,2,12,4,5,0
Grok 4.3,6739149727881148ddf2aca0,1,12,4,2,0
Grok 4.3,673a76559e89466aa6433f66,3,12,4,8,0
Grok 4.3,673a9c6a414ad0600dc781a2,2,12,4,6,1
Grok 4.3,673ae99a3022b9e17f89d1b6,3,12,4,5,0
Grok 4.3,673be25fc988fbc8ef18d148,1,12,4,0,0
Grok 4.3,67414401f5fbbfac5c273a0d,2,12,4,6,0
Grok 4.3,674761ffca5b554156dc9037,1,12,4,1,1
Grok 4.3,674dbd94040b2918e5c0b63d,1,12,4,0,0
Grok 4.3,674f07ffffb28de6c182c458,3,12,4,5,0
Grok 4.3,67631f198b502023c4567380,2,12,4,4,4
Grok 4.3,67666a593e38774fc651f9f3,1,12,4,2,2
Grok 4.3,67672352c393c4ff629cb820,1,12,4,0,0
Grok 4.3,6767969869b88c321c96665a,1,12,4,4,0
Grok 4.3,678fbf931413486f7dc2a7f1,2,12,4,3,0
Grok 4.3,668825f80a642802bdfeadfa,3,14,6,6,0
Grok 4.3,668828540a642802bdfeadfc,3,14,6,4,0
Grok 4.3,66e70c75bbb9b1754c0869ce,1,14,6,1,1
Grok 4.3,66e883265ab37f0a7da089be,2,14,6,3,3
Grok 4.3,66e8add1650a03361a14c6f8,3,14,6,3,0
Grok 4.3,66e8e1056c0b8ace336996ea,3,14,6,2,2
Grok 4.3,66e8f69b1440516dd6ab54da,1,14,6,1,1
Grok 4.3,66e97fd756455f341c7849c3,1,14,6,0,0
Grok 4.3,66e996260930c00374ceaa0b,2,14,6,4,4
Grok 4.3,66ea70cd3d800a43340dd4d0,3,14,6,7,1
Grok 4.3,66eaf0ba5e31c19691fe73b1,2,14,6,4,0
Grok 4.3,66eafb96b082c5e6a76a49c0,1,14,6,2,2
Grok 4.3,66ecfd03e7478ca5fcbb7495,1,14,6,1,1
Grok 4.3,66edc60801af2a724035ad4b,1,14,6,4,0
Grok 4.3,66ef3de8b8a1ba6e0ba23498,2,14,6,0,0
Grok 4.3,66f052e814be84cc1edd3fbd,2,14,6,0,0
Grok 4.3,66f27d65a40482f6012a4006,3,14,6,2,2
Grok 4.3,66f31140cdc5dafd297e9b5a,3,14,6,8,3
Grok 4.3,66f44382e369fb72959c8e86,1,14,6,1,0
Grok 4.3,66f83aed0d92e99048a4ae9d,1,14,6,1,1
Grok 4.3,66fc4dc04293a9638d7e0f65,3,14,6,6,0
Grok 4.3,66fc5e611f5f3f3b48ae9566,3,14,6,3,0
Grok 4.3,66fc8b271d39fbf6d8bcdd0c,1,14,6,2,2
Grok 4.3,66fcc286eab6d512704d96af,1,14,6,1,1
Grok 4.3,66fcf077c494ec3fe0ed5635,3,14,6,8,0
Grok 4.3,66fd60ea6be05c0b608861d5,1,14,6,0,0
Grok 4.3,66fda7a057cea4445778e88a,1,14,6,4,4
Grok 4.3,66fee6c39e4f456a6d2941b5,1,14,6,3,2
Grok 4.3,670170d616077208cedb9627,2,14,6,3,3
Grok 4.3,6701de16d9e4cd1aa812414b,2,14,6,2,2
Grok 4.3,670285bc39fbddbbfdaffdfe,3,14,6,8,0
Grok 4.3,67055b15222ba55ab0b88431,3,14,6,7,1
Grok 4.3,6709a557139851f6bbbd7a5a,3,14,6,0,0
Grok 4.3,6709df4c3c2174379ffee04b,1,14,6,1,1
Grok 4.3,670aa3e255f3b29ec899f979,2,14,6,7,0
Grok 4.3,670b307567eb710437409184,3,14,6,3,3
Grok 4.3,670c775842b25f65425c86c2,1,14,6,3,3
Grok 4.3,670f00dc79750a6c73259f4d,2,14,6,7,0
Grok 4.3,670fb58f2ca6bea76e9354a7,2,14,6,3,0
Grok 4.3,6716260eae3149088ed859b9,3,14,6,3,3
Grok 4.3,6718487afba38eebcbc8034b,3,14,6,3,3
Grok 4.3,6718577ca88093a75026b186,2,14,6,7,5
Grok 4.3,671a947c9deaf77048dcc8b7,1,14,6,5,0
Grok 4.3,671ac641136758472327f851,2,14,6,4,4
Grok 4.3,671be3853529bee9e3097b92,3,14,6,5,5
Grok 4.3,671c6a1aacee876e82d4bc0e,1,14,6,6,3
Grok 4.3,671f083dc8da11076ce9960e,3,14,6,7,0
Grok 4.3,671f0c2578ab3005e439aeba,1,14,6,3,3
Grok 4.3,671f3d49d579cf064f22d3ce,2,14,6,4,4
Grok 4.3,67202822dbc5086c0bdd4e1c,1,14,6,2,2
Grok 4.3,672182f55e4a5b8416a1ccbe,2,14,6,1,1
Grok 4.3,67227b249679954247c9c0b3,3,14,6,6,2
Grok 4.3,6722b1f9f3a489ee08117730,1,14,6,3,3
Grok 4.3,67232c88e22b01bfa7b8f156,1,14,6,0,0
Grok 4.3,6723ec50479384d8942cca75,2,14,6,6,0
Grok 4.3,67242f1f911674ab1b5d904b,3,14,6,6,0
Grok 4.3,672433577fb5d24be68f010d,2,14,6,1,1
Grok 4.3,672455ce7a14971607e3d9f0,1,14,6,1,1
Grok 4.3,6724955b1dc5c59953c463ec,3,14,6,6,0
Grok 4.3,6724db7012a8d5ea6a619372,2,14,6,2,0
Grok 4.3,6724f8b80c7d03e5a66cce57,2,14,6,2,2
Grok 4.3,672507e82cc2a1349f1ffaf1,3,14,6,5,5
Grok 4.3,67253c33ad98e94b47ea3477,3,14,6,8,0
Grok 4.3,67254a56046774791d0f1a41,1,14,6,1,1
Grok 4.3,672555acc27a6276611a3005,2,14,6,3,2
Grok 4.3,67258c4124b290d28a9f8abe,1,14,6,0,0
Grok 4.3,67264a55cae736a4a682949a,1,14,6,2,0
Grok 4.3,672a5d27385accabb646acfe,2,14,6,2,2
Grok 4.3,672aac7a78e0ab15cf86003b,2,14,6,1,1
Grok 4.3,672d5a80f1800d2d85750a71,3,14,6,5,5
Grok 4.3,672fbc4ec2c82cf448a1a725,1,14,6,1,1
Grok 4.3,67313652f659ba7b3fd1fe40,1,14,6,6,0
Grok 4.3,6733af65f1a57e239a7e7488,2,14,6,0,0
Grok 4.3,6734346cf3950859f67019af,1,14,6,5,0
Grok 4.3,673612eaff612f83700ec41f,1,14,6,2,2
Grok 4.3,67368bceaea0de6b58ec346a,1,14,6,6,0
Grok 4.3,673722c82bfc8ab579ed111f,2,14,6,7,0
Grok 4.3,67375e6f8b1cc52c211f95ce,2,14,6,7,0
Grok 4.3,6737697dedff89681fe75582,2,14,6,5,5
Grok 4.3,6737b422d3949406f1ed580b,1,14,6,1,1
Grok 4.3,6738df8c201a2bd66499797a,2,14,6,6,6
Grok 4.3,6739149727881148ddf2aca0,1,14,6,2,2
Grok 4.3,673a76559e89466aa6433f66,3,14,6,6,4
Grok 4.3,673a9c6a414ad0600dc781a2,2,14,6,7,3
Grok 4.3,673ae99a3022b9e17f89d1b6,3,14,6,4,0
Grok 4.3,673be25fc988fbc8ef18d148,1,14,6,0,0
Grok 4.3,67414401f5fbbfac5c273a0d,2,14,6,2,2
Grok 4.3,674761ffca5b554156dc9037,1,14,6,3,3
Grok 4.3,674dbd94040b2918e5c0b63d,1,14,6,0,0
Grok 4.3,674f07ffffb28de6c182c458,3,14,6,6,0
Grok 4.3,67631f198b502023c4567380,2,14,6,1,1
Grok 4.3,67666a593e38774fc651f9f3,1,14,6,3,3
Grok 4.3,67672352c393c4ff629cb820,1,14,6,1,1
Grok 4.3,6767969869b88c321c96665a,1,14,6,6,0
Grok 4.3,678fbf931413486f7dc2a7f1,2,14,6,2,0
Grok 4.3,668825f80a642802bdfeadfa,3,15,3,6,0
Grok 4.3,668828540a642802bdfeadfc,3,15,3,8,0
Grok 4.3,66e70c75bbb9b1754c0869ce,1,15,3,5,5
Grok 4.3,66e883265ab37f0a7da089be,2,15,3,4,4
Grok 4.3,66e8add1650a03361a14c6f8,3,15,3,4,0
Grok 4.3,66e8e1056c0b8ace336996ea,3,15,3,0,0
Grok 4.3,66e8f69b1440516dd6ab54da,1,15,3,2,0
Grok 4.3,66e97fd756455f341c7849c3,1,15,3,2,2
Grok 4.3,66e996260930c00374ceaa0b,2,15,3,5,2
Grok 4.3,66ea70cd3d800a43340dd4d0,3,15,3,9,0
Grok 4.3,66eaf0ba5e31c19691fe73b1,2,15,3,9,0
Grok 4.3,66eafb96b082c5e6a76a49c0,1,15,3,2,2
Grok 4.3,66ecfd03e7478ca5fcbb7495,1,15,3,2,2
Grok 4.3,66edc60801af2a724035ad4b,1,15,3,6,0
Grok 4.3,66ef3de8b8a1ba6e0ba23498,2,15,3,4,4
Grok 4.3,66f052e814be84cc1edd3fbd,2,15,3,2,2
Grok 4.3,66f27d65a40482f6012a4006,3,15,3,1,1
Grok 4.3,66f31140cdc5dafd297e9b5a,3,15,3,12,0
Grok 4.3,66f44382e369fb72959c8e86,1,15,3,2,0
Grok 4.3,66f83aed0d92e99048a4ae9d,1,15,3,2,2
Grok 4.3,66fc4dc04293a9638d7e0f65,3,15,3,11,0
Grok 4.3,66fc5e611f5f3f3b48ae9566,3,15,3,5,5
Grok 4.3,66fc8b271d39fbf6d8bcdd0c,1,15,3,0,0
Grok 4.3,66fcc286eab6d512704d96af,1,15,3,3,3
Grok 4.3,66fcf077c494ec3fe0ed5635,3,15,3,12,0
Grok 4.3,66fd60ea6be05c0b608861d5,1,15,3,1,1
Grok 4.3,66fda7a057cea4445778e88a,1,15,3,5,0
Grok 4.3,66fee6c39e4f456a6d2941b5,1,15,3,3,3
Grok 4.3,670170d616077208cedb9627,2,15,3,1,1
Grok 4.3,6701de16d9e4cd1aa812414b,2,15,3,2,2
Grok 4.3,670285bc39fbddbbfdaffdfe,3,15,3,10,0
Grok 4.3,67055b15222ba55ab0b88431,3,15,3,11,3
Grok 4.3,6709a557139851f6bbbd7a5a,3,15,3,0,0
Grok 4.3,6709df4c3c2174379ffee04b,1,15,3,0,0
Grok 4.3,670aa3e255f3b29ec899f979,2,15,3,10,0
Grok 4.3,670b307567eb710437409184,3,15,3,3,3
Grok 4.3,670c775842b25f65425c86c2,1,15,3,4,4
Grok 4.3,670f00dc79750a6c73259f4d,2,15,3,7,0
Grok 4.3,670fb58f2ca6bea76e9354a7,2,15,3,4,0
Grok 4.3,6716260eae3149088ed859b9,3,15,3,7,5
Grok 4.3,6718487afba38eebcbc8034b,3,15,3,6,0
Grok 4.3,6718577ca88093a75026b186,2,15,3,8,8
Grok 4.3,671a947c9deaf77048dcc8b7,1,15,3,7,0
Grok 4.3,671ac641136758472327f851,2,15,3,8,1
Grok 4.3,671be3853529bee9e3097b92,3,15,3,8,8
Grok 4.3,671c6a1aacee876e82d4bc0e,1,15,3,4,4
Grok 4.3,671f083dc8da11076ce9960e,3,15,3,12,0
Grok 4.3,671f0c2578ab3005e439aeba,1,15,3,8,0
Grok 4.3,671f3d49d579cf064f22d3ce,2,15,3,6,0
Grok 4.3,67202822dbc5086c0bdd4e1c,1,15,3,3,3
Grok 4.3,672182f55e4a5b8416a1ccbe,2,15,3,2,2
Grok 4.3,67227b249679954247c9c0b3,3,15,3,9,0
Grok 4.3,6722b1f9f3a489ee08117730,1,15,3,3,3
Grok 4.3,67232c88e22b01bfa7b8f156,1,15,3,0,0
Grok 4.3,6723ec50479384d8942cca75,2,15,3,2,0
Grok 4.3,67242f1f911674ab1b5d904b,3,15,3,9,0
Grok 4.3,672433577fb5d24be68f010d,2,15,3,1,0
Grok 4.3,672455ce7a14971607e3d9f0,1,15,3,1,1
Grok 4.3,6724955b1dc5c59953c463ec,3,15,3,12,0
Grok 4.3,6724db7012a8d5ea6a619372,2,15,3,5,0
Grok 4.3,6724f8b80c7d03e5a66cce57,2,15,3,2,2
Grok 4.3,672507e82cc2a1349f1ffaf1,3,15,3,12,0
Grok 4.3,67253c33ad98e94b47ea3477,3,15,3,12,0
Grok 4.3,67254a56046774791d0f1a41,1,15,3,1,1
Grok 4.3,672555acc27a6276611a3005,2,15,3,5,0
Grok 4.3,67258c4124b290d28a9f8abe,1,15,3,0,0
Grok 4.3,67264a55cae736a4a682949a,1,15,3,3,0
Grok 4.3,672a5d27385accabb646acfe,2,15,3,6,0
Grok 4.3,672aac7a78e0ab15cf86003b,2,15,3,1,1
Grok 4.3,672d5a80f1800d2d85750a71,3,15,3,9,9
Grok 4.3,672fbc4ec2c82cf448a1a725,1,15,3,3,3
Grok 4.3,67313652f659ba7b3fd1fe40,1,15,3,7,0
Grok 4.3,6733af65f1a57e239a7e7488,2,15,3,1,1
Grok 4.3,6734346cf3950859f67019af,1,15,3,5,0
Grok 4.3,673612eaff612f83700ec41f,1,15,3,1,1
Grok 4.3,67368bceaea0de6b58ec346a,1,15,3,4,4
Grok 4.3,673722c82bfc8ab579ed111f,2,15,3,11,1
Grok 4.3,67375e6f8b1cc52c211f95ce,2,15,3,9,1
Grok 4.3,6737697dedff89681fe75582,2,15,3,9,5
Grok 4.3,6737b422d3949406f1ed580b,1,15,3,5,0
Grok 4.3,6738df8c201a2bd66499797a,2,15,3,8,0
Grok 4.3,6739149727881148ddf2aca0,1,15,3,4,4
Grok 4.3,673a76559e89466aa6433f66,3,15,3,9,0
Grok 4.3,673a9c6a414ad0600dc781a2,2,15,3,5,5
Grok 4.3,673ae99a3022b9e17f89d1b6,3,15,3,7,0
Grok 4.3,673be25fc988fbc8ef18d148,1,15,3,1,1
Grok 4.3,67414401f5fbbfac5c273a0d,2,15,3,9,0
Grok 4.3,674761ffca5b554156dc9037,1,15,3,3,3
Grok 4.3,674dbd94040b2918e5c0b63d,1,15,3,2,2
Grok 4.3,674f07ffffb28de6c182c458,3,15,3,10,0
Grok 4.3,67631f198b502023c4567380,2,15,3,2,2
Grok 4.3,67666a593e38774fc651f9f3,1,15,3,3,3
Grok 4.3,67672352c393c4ff629cb820,1,15,3,1,1
Grok 4.3,6767969869b88c321c96665a,1,15,3,8,0
Grok 4.3,678fbf931413486f7dc2a7f1,2,15,3,6,0
Grok 4.3,668825f80a642802bdfeadfa,3,18,6,8,0
Grok 4.3,668828540a642802bdfeadfc,3,18,6,12,0
Grok 4.3,66e70c75bbb9b1754c0869ce,1,18,6,5,5
Grok 4.3,66e883265ab37f0a7da089be,2,18,6,3,3
Grok 4.3,66e8add1650a03361a14c6f8,3,18,6,4,3
Grok 4.3,66e8e1056c0b8ace336996ea,3,18,6,0,0
Grok 4.3,66e8f69b1440516dd6ab54da,1,18,6,2,2
Grok 4.3,66e97fd756455f341c7849c3,1,18,6,1,1
Grok 4.3,66e996260930c00374ceaa0b,2,18,6,1,1
Grok 4.3,66ea70cd3d800a43340dd4d0,3,18,6,9,0
Grok 4.3,66eaf0ba5e31c19691fe73b1,2,18,6,7,0
Grok 4.3,66eafb96b082c5e6a76a49c0,1,18,6,1,1
Grok 4.3,66ecfd03e7478ca5fcbb7495,1,18,6,0,0
Grok 4.3,66edc60801af2a724035ad4b,1,18,6,3,0
Grok 4.3,66ef3de8b8a1ba6e0ba23498,2,18,6,4,4
Grok 4.3,66f052e814be84cc1edd3fbd,2,18,6,3,3
Grok 4.3,66f27d65a40482f6012a4006,3,18,6,3,3
Grok 4.3,66f31140cdc5dafd297e9b5a,3,18,6,12,0
Grok 4.3,66f44382e369fb72959c8e86,1,18,6,1,1
Grok 4.3,66f83aed0d92e99048a4ae9d,1,18,6,3,3
Grok 4.3,66fc4dc04293a9638d7e0f65,3,18,6,10,0
Grok 4.3,66fc5e611f5f3f3b48ae9566,3,18,6,6,6
Grok 4.3,66fc8b271d39fbf6d8bcdd0c,1,18,6,0,0
Grok 4.3,66fcc286eab6d512704d96af,1,18,6,1,1
Grok 4.3,66fcf077c494ec3fe0ed5635,3,18,6,12,0
Grok 4.3,66fd60ea6be05c0b608861d5,1,18,6,0,0
Grok 4.3,66fda7a057cea4445778e88a,1,18,6,4,4
Grok 4.3,66fee6c39e4f456a6d2941b5,1,18,6,5,5
Grok 4.3,670170d616077208cedb9627,2,18,6,6,5
Grok 4.3,6701de16d9e4cd1aa812414b,2,18,6,1,1
Grok 4.3,670285bc39fbddbbfdaffdfe,3,18,6,12,0
Grok 4.3,67055b15222ba55ab0b88431,3,18,6,8,1
Grok 4.3,6709a557139851f6bbbd7a5a,3,18,6,4,4
Grok 4.3,6709df4c3c2174379ffee04b,1,18,6,2,2
Grok 4.3,670aa3e255f3b29ec899f979,2,18,6,8,0
Grok 4.3,670b307567eb710437409184,3,18,6,8,8
Grok 4.3,670c775842b25f65425c86c2,1,18,6,3,3
Grok 4.3,670f00dc79750a6c73259f4d,2,18,6,9,0
Grok 4.3,670fb58f2ca6bea76e9354a7,2,18,6,4,0
Grok 4.3,6716260eae3149088ed859b9,3,18,6,8,0
Grok 4.3,6718487afba38eebcbc8034b,3,18,6,4,4
Grok 4.3,6718577ca88093a75026b186,2,18,6,7,0
Grok 4.3,671a947c9deaf77048dcc8b7,1,18,6,4,4
Grok 4.3,671ac641136758472327f851,2,18,6,6,6
Grok 4.3,671be3853529bee9e3097b92,3,18,6,12,0
Grok 4.3,671c6a1aacee876e82d4bc0e,1,18,6,6,0
Grok 4.3,671f083dc8da11076ce9960e,3,18,6,12,0
Grok 4.3,671f0c2578ab3005e439aeba,1,18,6,7,0
Grok 4.3,671f3d49d579cf064f22d3ce,2,18,6,1,1
Grok 4.3,67202822dbc5086c0bdd4e1c,1,18,6,0,0
Grok 4.3,672182f55e4a5b8416a1ccbe,2,18,6,3,3
Grok 4.3,67227b249679954247c9c0b3,3,18,6,5,0
Grok 4.3,6722b1f9f3a489ee08117730,1,18,6,2,2
Grok 4.3,67232c88e22b01bfa7b8f156,1,18,6,0,0
Grok 4.3,6723ec50479384d8942cca75,2,18,6,3,3
Grok 4.3,67242f1f911674ab1b5d904b,3,18,6,7,0
Grok 4.3,672433577fb5d24be68f010d,2,18,6,1,1
Grok 4.3,672455ce7a14971607e3d9f0,1,18,6,0,0
Grok 4.3,6724955b1dc5c59953c463ec,3,18,6,8,0
Grok 4.3,6724db7012a8d5ea6a619372,2,18,6,7,0
Grok 4.3,6724f8b80c7d03e5a66cce57,2,18,6,5,5
Grok 4.3,672507e82cc2a1349f1ffaf1,3,18,6,10,0
Grok 4.3,67253c33ad98e94b47ea3477,3,18,6,12,0
Grok 4.3,67254a56046774791d0f1a41,1,18,6,1,1
Grok 4.3,672555acc27a6276611a3005,2,18,6,4,0
Grok 4.3,67258c4124b290d28a9f8abe,1,18,6,1,1
Grok 4.3,67264a55cae736a4a682949a,1,18,6,6,0
Grok 4.3,672a5d27385accabb646acfe,2,18,6,8,0
Grok 4.3,672aac7a78e0ab15cf86003b,2,18,6,2,2
Grok 4.3,672d5a80f1800d2d85750a71,3,18,6,8,3
Grok 4.3,672fbc4ec2c82cf448a1a725,1,18,6,1,1
Grok 4.3,67313652f659ba7b3fd1fe40,1,18,6,10,0
Grok 4.3,6733af65f1a57e239a7e7488,2,18,6,3,3
Grok 4.3,6734346cf3950859f67019af,1,18,6,2,0
Grok 4.3,673612eaff612f83700ec41f,1,18,6,1,1
Grok 4.3,67368bceaea0de6b58ec346a,1,18,6,6,6
Grok 4.3,673722c82bfc8ab579ed111f,2,18,6,9,0
Grok 4.3,67375e6f8b1cc52c211f95ce,2,18,6,9,0
Grok 4.3,6737697dedff89681fe75582,2,18,6,7,5
Grok 4.3,6737b422d3949406f1ed580b,1,18,6,4,0
Grok 4.3,6738df8c201a2bd66499797a,2,18,6,3,3
Grok 4.3,6739149727881148ddf2aca0,1,18,6,6,0
Grok 4.3,673a76559e89466aa6433f66,3,18,6,8,1
Grok 4.3,673a9c6a414ad0600dc781a2,2,18,6,11,1
Grok 4.3,673ae99a3022b9e17f89d1b6,3,18,6,7,0
Grok 4.3,673be25fc988fbc8ef18d148,1,18,6,2,2
Grok 4.3,67414401f5fbbfac5c273a0d,2,18,6,5,0
Grok 4.3,674761ffca5b554156dc9037,1,18,6,3,3
Grok 4.3,674dbd94040b2918e5c0b63d,1,18,6,1,1
Grok 4.3,674f07ffffb28de6c182c458,3,18,6,9,0
Grok 4.3,67631f198b502023c4567380,2,18,6,2,2
Grok 4.3,67666a593e38774fc651f9f3,1,18,6,1,1
Grok 4.3,67672352c393c4ff629cb820,1,18,6,0,0
Grok 4.3,6767969869b88c321c96665a,1,18,6,7,0
Grok 4.3,678fbf931413486f7dc2a7f1,2,18,6,9,0
Grok 4.3,668825f80a642802bdfeadfa,3,21,9,7,0
Grok 4.3,668828540a642802bdfeadfc,3,21,9,7,0
Grok 4.3,66e70c75bbb9b1754c0869ce,1,21,9,4,4
Grok 4.3,66e883265ab37f0a7da089be,2,21,9,6,6
Grok 4.3,66e8add1650a03361a14c6f8,3,21,9,7,0
Grok 4.3,66e8e1056c0b8ace336996ea,3,21,9,1,1
Grok 4.3,66e8f69b1440516dd6ab54da,1,21,9,2,2
Grok 4.3,66e97fd756455f341c7849c3,1,21,9,3,1
Grok 4.3,66e996260930c00374ceaa0b,2,21,9,2,2
Grok 4.3,66ea70cd3d800a43340dd4d0,3,21,9,6,1
Grok 4.3,66eaf0ba5e31c19691fe73b1,2,21,9,9,0
Grok 4.3,66eafb96b082c5e6a76a49c0,1,21,9,4,4
Grok 4.3,66ecfd03e7478ca5fcbb7495,1,21,9,1,1
Grok 4.3,66edc60801af2a724035ad4b,1,21,9,6,6
Grok 4.3,66ef3de8b8a1ba6e0ba23498,2,21,9,4,4
Grok 4.3,66f052e814be84cc1edd3fbd,2,21,9,1,1
Grok 4.3,66f27d65a40482f6012a4006,3,21,9,1,1
Grok 4.3,66f31140cdc5dafd297e9b5a,3,21,9,12,6
Grok 4.3,66f44382e369fb72959c8e86,1,21,9,0,0
Grok 4.3,66f83aed0d92e99048a4ae9d,1,21,9,0,0
Grok 4.3,66fc4dc04293a9638d7e0f65,3,21,9,11,0
Grok 4.3,66fc5e611f5f3f3b48ae9566,3,21,9,7,7
Grok 4.3,66fc8b271d39fbf6d8bcdd0c,1,21,9,1,1
Grok 4.3,66fcc286eab6d512704d96af,1,21,9,2,2
Grok 4.3,66fcf077c494ec3fe0ed5635,3,21,9,11,0
Grok 4.3,66fd60ea6be05c0b608861d5,1,21,9,0,0
Grok 4.3,66fda7a057cea4445778e88a,1,21,9,8,1
Grok 4.3,66fee6c39e4f456a6d2941b5,1,21,9,6,5
Grok 4.3,670170d616077208cedb9627,2,21,9,0,0
Grok 4.3,6701de16d9e4cd1aa812414b,2,21,9,5,5
Grok 4.3,670285bc39fbddbbfdaffdfe,3,21,9,12,0
Grok 4.3,67055b15222ba55ab0b88431,3,21,9,11,4
Grok 4.3,6709a557139851f6bbbd7a5a,3,21,9,2,2
Grok 4.3,6709df4c3c2174379ffee04b,1,21,9,4,4
Grok 4.3,670aa3e255f3b29ec899f979,2,21,9,9,0
Grok 4.3,670b307567eb710437409184,3,21,9,3,2
Grok 4.3,670c775842b25f65425c86c2,1,21,9,6,6
Grok 4.3,670f00dc79750a6c73259f4d,2,21,9,5,0
Grok 4.3,670fb58f2ca6bea76e9354a7,2,21,9,2,0
Grok 4.3,6716260eae3149088ed859b9,3,21,9,11,0
Grok 4.3,6718487afba38eebcbc8034b,3,21,9,5,1
Grok 4.3,6718577ca88093a75026b186,2,21,9,8,0
Grok 4.3,671a947c9deaf77048dcc8b7,1,21,9,10,0
Grok 4.3,671ac641136758472327f851,2,21,9,5,5
Grok 4.3,671be3853529bee9e3097b92,3,21,9,10,6
Grok 4.3,671c6a1aacee876e82d4bc0e,1,21,9,4,4
Grok 4.3,671f083dc8da11076ce9960e,3,21,9,11,0
Grok 4.3,671f0c2578ab3005e439aeba,1,21,9,8,0
Grok 4.3,671f3d49d579cf064f22d3ce,2,21,9,3,0
Grok 4.3,67202822dbc5086c0bdd4e1c,1,21,9,4,4
Grok 4.3,672182f55e4a5b8416a1ccbe,2,21,9,1,1
Grok 4.3,67227b249679954247c9c0b3,3,21,9,5,0
Grok 4.3,6722b1f9f3a489ee08117730,1,21,9,4,4
Grok 4.3,67232c88e22b01bfa7b8f156,1,21,9,0,0
Grok 4.3,6723ec50479384d8942cca75,2,21,9,2,0
Grok 4.3,67242f1f911674ab1b5d904b,3,21,9,6,0
Grok 4.3,672433577fb5d24be68f010d,2,21,9,4,0
Grok 4.3,672455ce7a14971607e3d9f0,1,21,9,2,2
Grok 4.3,6724955b1dc5c59953c463ec,3,21,9,9,0
Grok 4.3,6724db7012a8d5ea6a619372,2,21,9,3,0
Grok 4.3,6724f8b80c7d03e5a66cce57,2,21,9,3,3
Grok 4.3,672507e82cc2a1349f1ffaf1,3,21,9,10,0
Grok 4.3,67253c33ad98e94b47ea3477,3,21,9,11,0
Grok 4.3,67254a56046774791d0f1a41,1,21,9,1,1
Grok 4.3,672555acc27a6276611a3005,2,21,9,2,2
Grok 4.3,67258c4124b290d28a9f8abe,1,21,9,0,0
Grok 4.3,67264a55cae736a4a682949a,1,21,9,2,0
Grok 4.3,672a5d27385accabb646acfe,2,21,9,8,0
Grok 4.3,672aac7a78e0ab15cf86003b,2,21,9,5,5
Grok 4.3,672d5a80f1800d2d85750a71,3,21,9,9,0
Grok 4.3,672fbc4ec2c82cf448a1a725,1,21,9,1,1
Grok 4.3,67313652f659ba7b3fd1fe40,1,21,9,10,0
Grok 4.3,6733af65f1a57e239a7e7488,2,21,9,1,1
Grok 4.3,6734346cf3950859f67019af,1,21,9,2,2
Grok 4.3,673612eaff612f83700ec41f,1,21,9,1,1
Grok 4.3,67368bceaea0de6b58ec346a,1,21,9,4,0
Grok 4.3,673722c82bfc8ab579ed111f,2,21,9,11,0
Grok 4.3,67375e6f8b1cc52c211f95ce,2,21,9,8,2
Grok 4.3,6737697dedff89681fe75582,2,21,9,10,2
Grok 4.3,6737b422d3949406f1ed580b,1,21,9,5,3
Grok 4.3,6738df8c201a2bd66499797a,2,21,9,7,0
Grok 4.3,6739149727881148ddf2aca0,1,21,9,4,4
Grok 4.3,673a76559e89466aa6433f66,3,21,9,8,0
Grok 4.3,673a9c6a414ad0600dc781a2,2,21,9,12,0
Grok 4.3,673ae99a3022b9e17f89d1b6,3,21,9,4,0
Grok 4.3,673be25fc988fbc8ef18d148,1,21,9,0,0
Grok 4.3,67414401f5fbbfac5c273a0d,2,21,9,4,4
Grok 4.3,674761ffca5b554156dc9037,1,21,9,6,0
Grok 4.3,674dbd94040b2918e5c0b63d,1,21,9,2,2
Grok 4.3,674f07ffffb28de6c182c458,3,21,9,8,0
Grok 4.3,67631f198b502023c4567380,2,21,9,4,4
Grok 4.3,67666a593e38774fc651f9f3,1,21,9,4,4
Grok 4.3,67672352c393c4ff629cb820,1,21,9,1,1
Grok 4.3,6767969869b88c321c96665a,1,21,9,5,5
Grok 4.3,678fbf931413486f7dc2a7f1,2,21,9,7,0
Muse Glimmer,66e88728ba7d8bc0d5806f3a,3,2,0,2,0
Muse Glimmer,66e8d4736299517dd7a5da8c,1,2,0,0,0
Muse Glimmer,66e906f860abc895aedcf467,1,2,0,0,0
Muse Glimmer,66e9b2899cf8fcf41599246f,3,2,0,2,0
Muse Glimmer,66ea12bd86227f91af18b88b,1,2,0,0,0
Muse Glimmer,66eae4e351a34eec5d943952,2,2,0,2,0
Muse Glimmer,66eaeaa8afe364e4f477b777,3,2,0,1,0
Muse Glimmer,66ec0ed8b0ae7f67e365a163,1,2,0,0,0
Muse Glimmer,66ecfd03e7478ca5fcbb7495,1,2,0,0,0
Muse Glimmer,66ed3c5dae789e6253eedddd,2,2,0,0,0
Muse Glimmer,66ed5f1e85adbeda9f978022,1,2,0,0,0
Muse Glimmer,66edc60801af2a724035ad4b,2,2,0,2,0
Muse Glimmer,66edd857a0ffa4c025458242,1,2,0,1,1
Muse Glimmer,66efa01e327e4a95dc760d01,2,2,0,1,0
Muse Glimmer,66f052e814be84cc1edd3fbd,2,2,0,0,0
Muse Glimmer,66f0f4efd23ed0ac5f43b25f,2,2,0,1,1
Muse Glimmer,66f2b236b1d41433f8a4edea,2,2,0,0,0
Muse Glimmer,66f57a7e9f9308128679f668,2,2,0,1,1
Muse Glimmer,66f9a8a4e613d5c62b6c0d22,1,2,0,1,0
Muse Glimmer,66fbcca4a177ae967e470415,1,2,0,0,0
Muse Glimmer,66fc23cfa7be4edbe85cf177,3,2,0,1,0
Muse Glimmer,66fc2689b72463921f6c40e8,1,2,0,0,0
Muse Glimmer,66fc5e611f5f3f3b48ae9566,2,2,0,2,0
Muse Glimmer,66fcc286eab6d512704d96af,1,2,0,1,1
Muse Glimmer,66fd60ea6be05c0b608861d5,1,2,0,0,0
Muse Glimmer,66fe796bc12cbe6aeaa26e69,1,2,0,0,0
Muse Glimmer,670013827794cc36bc974f27,3,2,0,0,0
Muse Glimmer,67008f17fc2c0a4040f1d352,1,2,0,1,0
Muse Glimmer,6700a5676c339d61ecccb86d,2,2,0,1,1
Muse Glimmer,6701d2675f6691877f264511,2,2,0,1,0
Muse Glimmer,67055b15222ba55ab0b88431,3,2,0,2,2
Muse Glimmer,67095af56022f900e8e76028,1,2,0,0,0
Muse Glimmer,670aa3e255f3b29ec899f979,1,2,0,0,0
Muse Glimmer,670c775842b25f65425c86c2,1,2,0,1,0
Muse Glimmer,670c83ba4aece479236947cb,2,2,0,0,0
Muse Glimmer,670f00dc79750a6c73259f4d,3,2,0,0,0
Muse Glimmer,670f39dc1dcaeb830ff6231f,2,2,0,1,0
Muse Glimmer,670f4501dfe615f3d2f7436e,2,2,0,0,0
Muse Glimmer,670f9916451a882595c8f434,1,2,0,2,0
Muse Glimmer,670fb58f2ca6bea76e9354a7,3,2,0,1,0
Muse Glimmer,671257a8df2820fcc29acc37,3,2,0,1,0
Muse Glimmer,67127dbf0d05bc73fc008e02,3,2,0,2,0
Muse Glimmer,6715beb7b3287d3dd4db03e6,2,2,0,2,2
Muse Glimmer,6716fafe2a8d9330a7f89ee5,1,2,0,0,0
Muse Glimmer,671776667bd7b6b75ba31922,1,2,0,2,2
Muse Glimmer,6718487afba38eebcbc8034b,3,2,0,0,0
Muse Glimmer,6718577ca88093a75026b186,3,2,0,0,0
Muse Glimmer,671ab94ffad7ae30b89eff8f,2,2,0,0,0
Muse Glimmer,671ac641136758472327f851,1,2,0,2,0
Muse Glimmer,671c6a1aacee876e82d4bc0e,3,2,0,1,0
Muse Glimmer,671f23ab12f081da543ed684,3,2,0,1,0
Muse Glimmer,671fc9508c7c5056012df16a,1,2,0,2,0
Muse Glimmer,671fee575a0f70920ad3bd80,1,2,0,0,0
Muse Glimmer,672179e4c8cc0ac89395e8d0,1,2,0,0,0
Muse Glimmer,6722c0ddd60ad77b5374fdc9,1,2,0,0,0
Muse Glimmer,672368e4c08f59acd19d8353,1,2,0,1,0
Muse Glimmer,67238a4a22fbf3820373cb44,2,2,0,2,0
Muse Glimmer,672403fa5461772b24b2e651,1,2,0,0,0
Muse Glimmer,672407521f51862e37d75208,1,2,0,0,0
Muse Glimmer,67241cbe9909a95d1bf7aa00,1,2,0,0,0
Muse Glimmer,672424af1bf467697c4c699f,3,2,0,2,0
Muse Glimmer,672433577fb5d24be68f010d,1,2,0,0,0
Muse Glimmer,67243887a7c5f8f463109d82,1,2,0,0,0
Muse Glimmer,6724ff0dea5926938a631b9e,1,2,0,0,0
Muse Glimmer,6724ffb21d07f0962c8993cf,2,2,0,1,0
Muse Glimmer,672500151d07f0962c8993d7,1,2,0,0,0
Muse Glimmer,672507e82cc2a1349f1ffaf1,2,2,0,0,0
Muse Glimmer,67254a56046774791d0f1a41,2,2,0,2,0
Muse Glimmer,67256656d246bf5d21d1377e,1,2,0,0,0
Muse Glimmer,67264a55cae736a4a682949a,2,2,0,1,0
Muse Glimmer,6727dd5c5e987b1e8c17f8d9,1,2,0,0,0
Muse Glimmer,6728f1b489898f87cb5320ea,2,2,0,0,0
Muse Glimmer,672bca9fab085c84b90e223d,2,2,0,2,0
Muse Glimmer,6730fc7d598fcdc8858811e6,1,2,0,0,0
Muse Glimmer,6732f0dac65fb3c0e912b4a9,1,2,0,1,1
Muse Glimmer,67335820c7d8c66591e6dfc7,1,2,0,0,0
Muse Glimmer,6735c6e5f8dc0a94c3a3ae8e,1,2,0,0,0
Muse Glimmer,6736a9b0b949d548db8da965,1,2,0,1,0
Muse Glimmer,6736c2e82db9d8cc7cd8e607,1,2,0,0,0
Muse Glimmer,6737006d3f0517b6e8a60733,1,2,0,0,0
Muse Glimmer,673709d1980211368f0f952f,2,2,0,1,1
Muse Glimmer,67372744600c9c0daa5d8f3f,2,2,0,1,0
Muse Glimmer,673735aa61f20f11eb1097d2,1,2,0,0,0
Muse Glimmer,673799cf4d349e2ed66792d2,1,2,0,0,0
Muse Glimmer,67379dd995d9299b8ac8439c,1,2,0,0,0
Muse Glimmer,6737b422d3949406f1ed580b,3,2,0,2,0
Muse Glimmer,6739149727881148ddf2aca0,2,2,0,1,1
Muse Glimmer,67396c5bbb01e9373d18968e,3,2,0,1,1
Muse Glimmer,6739f5ede8b91dc9dac17cd9,3,2,0,1,0
Muse Glimmer,673a5f9b329d98c7d4b69d5f,3,2,0,2,0
Muse Glimmer,673ae99a3022b9e17f89d1b6,2,2,0,1,1
Muse Glimmer,673d6d05b7ef4f8f44830921,2,2,0,0,0
Muse Glimmer,674761ffca5b554156dc9037,1,2,0,2,0
Muse Glimmer,674dbd94040b2918e5c0b63d,2,2,0,1,1
Muse Glimmer,675642a2829a199495a2fa4e,2,2,0,2,0
Muse Glimmer,675f78278896e41ae7eb29da,1,2,0,0,0
Muse Glimmer,6767969869b88c321c96665a,2,2,0,1,1
Muse Glimmer,677c1cf633409bfdbb11942d,1,2,0,1,0
Muse Glimmer,6781903d382cfca83d01b77f,1,2,0,0,0
Muse Glimmer,678fbf931413486f7dc2a7f1,3,2,0,2,0
Muse Glimmer,679719aeac316f89542b3581,1,2,0,0,0
Muse Glimmer,67d09fd38fd17c121c0b49ad,2,2,0,2,0
Muse Glimmer,66e88728ba7d8bc0d5806f3a,3,3,1,2,0
Muse Glimmer,66e8d4736299517dd7a5da8c,1,3,1,0,0
Muse Glimmer,66e906f860abc895aedcf467,1,3,1,1,1
Muse Glimmer,66e9b2899cf8fcf41599246f,3,3,1,2,0
Muse Glimmer,66ea12bd86227f91af18b88b,1,3,1,0,0
Muse Glimmer,66eae4e351a34eec5d943952,2,3,1,1,0
Muse Glimmer,66eaeaa8afe364e4f477b777,3,3,1,2,0
Muse Glimmer,66ec0ed8b0ae7f67e365a163,1,3,1,0,0
Muse Glimmer,66ecfd03e7478ca5fcbb7495,1,3,1,0,0
Muse Glimmer,66ed3c5dae789e6253eedddd,2,3,1,0,0
Muse Glimmer,66ed5f1e85adbeda9f978022,1,3,1,0,0
Muse Glimmer,66edc60801af2a724035ad4b,2,3,1,0,0
Muse Glimmer,66edd857a0ffa4c025458242,1,3,1,0,0
Muse Glimmer,66efa01e327e4a95dc760d01,2,3,1,0,0
Muse Glimmer,66f052e814be84cc1edd3fbd,2,3,1,0,0
Muse Glimmer,66f0f4efd23ed0ac5f43b25f,2,3,1,0,0
Muse Glimmer,66f2b236b1d41433f8a4edea,2,3,1,1,1
Muse Glimmer,66f57a7e9f9308128679f668,2,3,1,1,1
Muse Glimmer,66f9a8a4e613d5c62b6c0d22,1,3,1,1,0
Muse Glimmer,66fbcca4a177ae967e470415,1,3,1,0,0
Muse Glimmer,66fc23cfa7be4edbe85cf177,3,3,1,1,1
Muse Glimmer,66fc2689b72463921f6c40e8,1,3,1,0,0
Muse Glimmer,66fc5e611f5f3f3b48ae9566,2,3,1,1,0
Muse Glimmer,66fcc286eab6d512704d96af,1,3,1,0,0
Muse Glimmer,66fd60ea6be05c0b608861d5,1,3,1,0,0
Muse Glimmer,66fe796bc12cbe6aeaa26e69,1,3,1,0,0
Muse Glimmer,670013827794cc36bc974f27,3,3,1,0,0
Muse Glimmer,67008f17fc2c0a4040f1d352,1,3,1,2,0
Muse Glimmer,6700a5676c339d61ecccb86d,2,3,1,1,0
Muse Glimmer,6701d2675f6691877f264511,2,3,1,0,0
Muse Glimmer,67055b15222ba55ab0b88431,3,3,1,1,0
Muse Glimmer,67095af56022f900e8e76028,1,3,1,0,0
Muse Glimmer,670aa3e255f3b29ec899f979,1,3,1,0,0
Muse Glimmer,670c775842b25f65425c86c2,1,3,1,2,0
Muse Glimmer,670c83ba4aece479236947cb,2,3,1,1,0
Muse Glimmer,670f00dc79750a6c73259f4d,3,3,1,1,1
Muse Glimmer,670f39dc1dcaeb830ff6231f,2,3,1,0,0
Muse Glimmer,670f4501dfe615f3d2f7436e,2,3,1,0,0
Muse Glimmer,670f9916451a882595c8f434,1,3,1,1,0
Muse Glimmer,670fb58f2ca6bea76e9354a7,3,3,1,2,0
Muse Glimmer,671257a8df2820fcc29acc37,3,3,1,1,0
Muse Glimmer,67127dbf0d05bc73fc008e02,3,3,1,2,0
Muse Glimmer,6715beb7b3287d3dd4db03e6,2,3,1,2,0
Muse Glimmer,6716fafe2a8d9330a7f89ee5,1,3,1,1,0
Muse Glimmer,671776667bd7b6b75ba31922,1,3,1,0,0
Muse Glimmer,6718487afba38eebcbc8034b,3,3,1,0,0
Muse Glimmer,6718577ca88093a75026b186,3,3,1,2,2
Muse Glimmer,671ab94ffad7ae30b89eff8f,2,3,1,1,1
Muse Glimmer,671ac641136758472327f851,1,3,1,0,0
Muse Glimmer,671c6a1aacee876e82d4bc0e,3,3,1,2,2
Muse Glimmer,671f23ab12f081da543ed684,3,3,1,2,0
Muse Glimmer,671fc9508c7c5056012df16a,1,3,1,0,0
Muse Glimmer,671fee575a0f70920ad3bd80,1,3,1,1,1
Muse Glimmer,672179e4c8cc0ac89395e8d0,1,3,1,0,0
Muse Glimmer,6722c0ddd60ad77b5374fdc9,1,3,1,0,0
Muse Glimmer,672368e4c08f59acd19d8353,1,3,1,1,0
Muse Glimmer,67238a4a22fbf3820373cb44,2,3,1,1,0
Muse Glimmer,672403fa5461772b24b2e651,1,3,1,0,0
Muse Glimmer,672407521f51862e37d75208,1,3,1,0,0
Muse Glimmer,67241cbe9909a95d1bf7aa00,1,3,1,0,0
Muse Glimmer,672424af1bf467697c4c699f,3,3,1,1,1
Muse Glimmer,672433577fb5d24be68f010d,1,3,1,1,1
Muse Glimmer,67243887a7c5f8f463109d82,1,3,1,0,0
Muse Glimmer,6724ff0dea5926938a631b9e,1,3,1,2,0
Muse Glimmer,6724ffb21d07f0962c8993cf,2,3,1,2,0
Muse Glimmer,672500151d07f0962c8993d7,1,3,1,0,0
Muse Glimmer,672507e82cc2a1349f1ffaf1,2,3,1,1,0
Muse Glimmer,67254a56046774791d0f1a41,2,3,1,2,0
Muse Glimmer,67256656d246bf5d21d1377e,1,3,1,0,0
Muse Glimmer,67264a55cae736a4a682949a,2,3,1,2,0
Muse Glimmer,6727dd5c5e987b1e8c17f8d9,1,3,1,0,0
Muse Glimmer,6728f1b489898f87cb5320ea,2,3,1,0,0
Muse Glimmer,672bca9fab085c84b90e223d,2,3,1,0,0
Muse Glimmer,6730fc7d598fcdc8858811e6,1,3,1,0,0
Muse Glimmer,6732f0dac65fb3c0e912b4a9,1,3,1,2,0
Muse Glimmer,67335820c7d8c66591e6dfc7,1,3,1,0,0
Muse Glimmer,6735c6e5f8dc0a94c3a3ae8e,1,3,1,2,2
Muse Glimmer,6736a9b0b949d548db8da965,1,3,1,1,0
Muse Glimmer,6736c2e82db9d8cc7cd8e607,1,3,1,0,0
Muse Glimmer,6737006d3f0517b6e8a60733,1,3,1,0,0
Muse Glimmer,673709d1980211368f0f952f,2,3,1,1,1
Muse Glimmer,67372744600c9c0daa5d8f3f,2,3,1,0,0
Muse Glimmer,673735aa61f20f11eb1097d2,1,3,1,1,0
Muse Glimmer,673799cf4d349e2ed66792d2,1,3,1,0,0
Muse Glimmer,67379dd995d9299b8ac8439c,1,3,1,0,0
Muse Glimmer,6737b422d3949406f1ed580b,3,3,1,2,0
Muse Glimmer,6739149727881148ddf2aca0,2,3,1,2,0
Muse Glimmer,67396c5bbb01e9373d18968e,3,3,1,0,0
Muse Glimmer,6739f5ede8b91dc9dac17cd9,3,3,1,1,0
Muse Glimmer,673a5f9b329d98c7d4b69d5f,3,3,1,2,0
Muse Glimmer,673ae99a3022b9e17f89d1b6,2,3,1,1,1
Muse Glimmer,673d6d05b7ef4f8f44830921,2,3,1,1,0
Muse Glimmer,674761ffca5b554156dc9037,1,3,1,0,0
Muse Glimmer,674dbd94040b2918e5c0b63d,2,3,1,0,0
Muse Glimmer,675642a2829a199495a2fa4e,2,3,1,1,0
Muse Glimmer,675f78278896e41ae7eb29da,1,3,1,0,0
Muse Glimmer,6767969869b88c321c96665a,2,3,1,1,1
Muse Glimmer,677c1cf633409bfdbb11942d,1,3,1,0,0
Muse Glimmer,6781903d382cfca83d01b77f,1,3,1,0,0
Muse Glimmer,678fbf931413486f7dc2a7f1,3,3,1,1,0
Muse Glimmer,679719aeac316f89542b3581,1,3,1,0,0
Muse Glimmer,67d09fd38fd17c121c0b49ad,2,3,1,1,0
Muse Glimmer,66e88728ba7d8bc0d5806f3a,3,4,0,4,0
Muse Glimmer,66e8d4736299517dd7a5da8c,1,4,0,0,0
Muse Glimmer,66e906f860abc895aedcf467,1,4,0,0,0
Muse Glimmer,66e9b2899cf8fcf41599246f,3,4,0,4,0
Muse Glimmer,66ea12bd86227f91af18b88b,1,4,0,0,0
Muse Glimmer,66eae4e351a34eec5d943952,2,4,0,1,1
Muse Glimmer,66eaeaa8afe364e4f477b777,3,4,0,4,0
Muse Glimmer,66ec0ed8b0ae7f67e365a163,1,4,0,0,0
Muse Glimmer,66ecfd03e7478ca5fcbb7495,1,4,0,2,2
Muse Glimmer,66ed3c5dae789e6253eedddd,2,4,0,2,0
Muse Glimmer,66ed5f1e85adbeda9f978022,1,4,0,0,0
Muse Glimmer,66edc60801af2a724035ad4b,2,4,0,4,0
Muse Glimmer,66edd857a0ffa4c025458242,1,4,0,0,0
Muse Glimmer,66efa01e327e4a95dc760d01,2,4,0,2,0
Muse Glimmer,66f052e814be84cc1edd3fbd,2,4,0,0,0
Muse Glimmer,66f0f4efd23ed0ac5f43b25f,2,4,0,3,0
Muse Glimmer,66f2b236b1d41433f8a4edea,2,4,0,2,2
Muse Glimmer,66f57a7e9f9308128679f668,2,4,0,0,0
Muse Glimmer,66f9a8a4e613d5c62b6c0d22,1,4,0,3,0
Muse Glimmer,66fbcca4a177ae967e470415,1,4,0,0,0
Muse Glimmer,66fc23cfa7be4edbe85cf177,3,4,0,3,0
Muse Glimmer,66fc2689b72463921f6c40e8,1,4,0,2,0
Muse Glimmer,66fc5e611f5f3f3b48ae9566,2,4,0,0,0
Muse Glimmer,66fcc286eab6d512704d96af,1,4,0,3,0
Muse Glimmer,66fd60ea6be05c0b608861d5,1,4,0,0,0
Muse Glimmer,66fe796bc12cbe6aeaa26e69,1,4,0,0,0
Muse Glimmer,670013827794cc36bc974f27,3,4,0,1,0
Muse Glimmer,67008f17fc2c0a4040f1d352,1,4,0,1,1
Muse Glimmer,6700a5676c339d61ecccb86d,2,4,0,1,1
Muse Glimmer,6701d2675f6691877f264511,2,4,0,1,1
Muse Glimmer,67055b15222ba55ab0b88431,3,4,0,3,1
Muse Glimmer,67095af56022f900e8e76028,1,4,0,0,0
Muse Glimmer,670aa3e255f3b29ec899f979,1,4,0,0,0
Muse Glimmer,670c775842b25f65425c86c2,1,4,0,2,0
Muse Glimmer,670c83ba4aece479236947cb,2,4,0,1,1
Muse Glimmer,670f00dc79750a6c73259f4d,3,4,0,2,1
Muse Glimmer,670f39dc1dcaeb830ff6231f,2,4,0,2,0
Muse Glimmer,670f4501dfe615f3d2f7436e,2,4,0,2,1
Muse Glimmer,670f9916451a882595c8f434,1,4,0,2,0
Muse Glimmer,670fb58f2ca6bea76e9354a7,3,4,0,3,0
Muse Glimmer,671257a8df2820fcc29acc37,3,4,0,3,0
Muse Glimmer,67127dbf0d05bc73fc008e02,3,4,0,4,0
Muse Glimmer,6715beb7b3287d3dd4db03e6,2,4,0,3,1
Muse Glimmer,6716fafe2a8d9330a7f89ee5,1,4,0,0,0
Muse Glimmer,671776667bd7b6b75ba31922,1,4,0,0,0
Muse Glimmer,6718487afba38eebcbc8034b,3,4,0,2,2
Muse Glimmer,6718577ca88093a75026b186,3,4,0,3,0
Muse Glimmer,671ab94ffad7ae30b89eff8f,2,4,0,1,1
Muse Glimmer,671ac641136758472327f851,1,4,0,2,0
Muse Glimmer,671c6a1aacee876e82d4bc0e,3,4,0,4,0
Muse Glimmer,671f23ab12f081da543ed684,3,4,0,4,0
Muse Glimmer,671fc9508c7c5056012df16a,1,4,0,0,0
Muse Glimmer,671fee575a0f70920ad3bd80,1,4,0,1,1
Muse Glimmer,672179e4c8cc0ac89395e8d0,1,4,0,1,1
Muse Glimmer,6722c0ddd60ad77b5374fdc9,1,4,0,0,0
Muse Glimmer,672368e4c08f59acd19d8353,1,4,0,0,0
Muse Glimmer,67238a4a22fbf3820373cb44,2,4,0,3,0
Muse Glimmer,672403fa5461772b24b2e651,1,4,0,0,0
Muse Glimmer,672407521f51862e37d75208,1,4,0,0,0
Muse Glimmer,67241cbe9909a95d1bf7aa00,1,4,0,1,1
Muse Glimmer,672424af1bf467697c4c699f,3,4,0,4,0
Muse Glimmer,672433577fb5d24be68f010d,1,4,0,0,0
Muse Glimmer,67243887a7c5f8f463109d82,1,4,0,0,0
Muse Glimmer,6724ff0dea5926938a631b9e,1,4,0,0,0
Muse Glimmer,6724ffb21d07f0962c8993cf,2,4,0,0,0
Muse Glimmer,672500151d07f0962c8993d7,1,4,0,0,0
Muse Glimmer,672507e82cc2a1349f1ffaf1,2,4,0,0,0
Muse Glimmer,67254a56046774791d0f1a41,2,4,0,4,0
Muse Glimmer,67256656d246bf5d21d1377e,1,4,0,0,0
Muse Glimmer,67264a55cae736a4a682949a,2,4,0,3,0
Muse Glimmer,6727dd5c5e987b1e8c17f8d9,1,4,0,0,0
Muse Glimmer,6728f1b489898f87cb5320ea,2,4,0,0,0
Muse Glimmer,672bca9fab085c84b90e223d,2,4,0,1,1
Muse Glimmer,6730fc7d598fcdc8858811e6,1,4,0,0,0
Muse Glimmer,6732f0dac65fb3c0e912b4a9,1,4,0,2,0
Muse Glimmer,67335820c7d8c66591e6dfc7,1,4,0,0,0
Muse Glimmer,6735c6e5f8dc0a94c3a3ae8e,1,4,0,2,0
Muse Glimmer,6736a9b0b949d548db8da965,1,4,0,2,0
Muse Glimmer,6736c2e82db9d8cc7cd8e607,1,4,0,0,0
Muse Glimmer,6737006d3f0517b6e8a60733,1,4,0,0,0
Muse Glimmer,673709d1980211368f0f952f,2,4,0,3,1
Muse Glimmer,67372744600c9c0daa5d8f3f,2,4,0,0,0
Muse Glimmer,673735aa61f20f11eb1097d2,1,4,0,0,0
Muse Glimmer,673799cf4d349e2ed66792d2,1,4,0,3,3
Muse Glimmer,67379dd995d9299b8ac8439c,1,4,0,1,1
Muse Glimmer,6737b422d3949406f1ed580b,3,4,0,3,0
Muse Glimmer,6739149727881148ddf2aca0,2,4,0,2,0
Muse Glimmer,67396c5bbb01e9373d18968e,3,4,0,3,3
Muse Glimmer,6739f5ede8b91dc9dac17cd9,3,4,0,2,0
Muse Glimmer,673a5f9b329d98c7d4b69d5f,3,4,0,4,0
Muse Glimmer,673ae99a3022b9e17f89d1b6,2,4,0,4,0
Muse Glimmer,673d6d05b7ef4f8f44830921,2,4,0,0,0
Muse Glimmer,674761ffca5b554156dc9037,1,4,0,3,0
Muse Glimmer,674dbd94040b2918e5c0b63d,2,4,0,1,1
Muse Glimmer,675642a2829a199495a2fa4e,2,4,0,3,1
Muse Glimmer,675f78278896e41ae7eb29da,1,4,0,0,0
Muse Glimmer,6767969869b88c321c96665a,2,4,0,3,3
Muse Glimmer,677c1cf633409bfdbb11942d,1,4,0,1,1
Muse Glimmer,6781903d382cfca83d01b77f,1,4,0,1,1
Muse Glimmer,678fbf931413486f7dc2a7f1,3,4,0,3,0
Muse Glimmer,679719aeac316f89542b3581,1,4,0,0,0
Muse Glimmer,67d09fd38fd17c121c0b49ad,2,4,0,3,0
Muse Glimmer,66e88728ba7d8bc0d5806f3a,3,6,2,4,0
Muse Glimmer,66e8d4736299517dd7a5da8c,1,6,2,0,0
Muse Glimmer,66e906f860abc895aedcf467,1,6,2,0,0
Muse Glimmer,66e9b2899cf8fcf41599246f,3,6,2,4,0
Muse Glimmer,66ea12bd86227f91af18b88b,1,6,2,0,0
Muse Glimmer,66eae4e351a34eec5d943952,2,6,2,0,0
Muse Glimmer,66eaeaa8afe364e4f477b777,3,6,2,2,0
Muse Glimmer,66ec0ed8b0ae7f67e365a163,1,6,2,1,0
Muse Glimmer,66ecfd03e7478ca5fcbb7495,1,6,2,2,2
Muse Glimmer,66ed3c5dae789e6253eedddd,2,6,2,1,0
Muse Glimmer,66ed5f1e85adbeda9f978022,1,6,2,2,2
Muse Glimmer,66edc60801af2a724035ad4b,2,6,2,3,0
Muse Glimmer,66edd857a0ffa4c025458242,1,6,2,0,0
Muse Glimmer,66efa01e327e4a95dc760d01,2,6,2,2,1
Muse Glimmer,66f052e814be84cc1edd3fbd,2,6,2,2,0
Muse Glimmer,66f0f4efd23ed0ac5f43b25f,2,6,2,2,0
Muse Glimmer,66f2b236b1d41433f8a4edea,2,6,2,3,3
Muse Glimmer,66f57a7e9f9308128679f668,2,6,2,1,1
Muse Glimmer,66f9a8a4e613d5c62b6c0d22,1,6,2,1,1
Muse Glimmer,66fbcca4a177ae967e470415,1,6,2,1,0
Muse Glimmer,66fc23cfa7be4edbe85cf177,3,6,2,4,3
Muse Glimmer,66fc2689b72463921f6c40e8,1,6,2,0,0
Muse Glimmer,66fc5e611f5f3f3b48ae9566,2,6,2,1,1
Muse Glimmer,66fcc286eab6d512704d96af,1,6,2,0,0
Muse Glimmer,66fd60ea6be05c0b608861d5,1,6,2,0,0
Muse Glimmer,66fe796bc12cbe6aeaa26e69,1,6,2,0,0
Muse Glimmer,670013827794cc36bc974f27,3,6,2,1,1
Muse Glimmer,67008f17fc2c0a4040f1d352,1,6,2,1,0
Muse Glimmer,6700a5676c339d61ecccb86d,2,6,2,0,0
Muse Glimmer,6701d2675f6691877f264511,2,6,2,1,1
Muse Glimmer,67055b15222ba55ab0b88431,3,6,2,3,0
Muse Glimmer,67095af56022f900e8e76028,1,6,2,1,1
Muse Glimmer,670aa3e255f3b29ec899f979,1,6,2,2,2
Muse Glimmer,670c775842b25f65425c86c2,1,6,2,1,1
Muse Glimmer,670c83ba4aece479236947cb,2,6,2,3,3
Muse Glimmer,670f00dc79750a6c73259f4d,3,6,2,0,0
Muse Glimmer,670f39dc1dcaeb830ff6231f,2,6,2,4,0
Muse Glimmer,670f4501dfe615f3d2f7436e,2,6,2,2,2
Muse Glimmer,670f9916451a882595c8f434,1,6,2,1,0
Muse Glimmer,670fb58f2ca6bea76e9354a7,3,6,2,3,0
Muse Glimmer,671257a8df2820fcc29acc37,3,6,2,2,0
Muse Glimmer,67127dbf0d05bc73fc008e02,3,6,2,3,0
Muse Glimmer,6715beb7b3287d3dd4db03e6,2,6,2,1,0
Muse Glimmer,6716fafe2a8d9330a7f89ee5,1,6,2,2,0
Muse Glimmer,671776667bd7b6b75ba31922,1,6,2,0,0
Muse Glimmer,6718487afba38eebcbc8034b,3,6,2,2,2
Muse Glimmer,6718577ca88093a75026b186,3,6,2,3,2
Muse Glimmer,671ab94ffad7ae30b89eff8f,2,6,2,3,0
Muse Glimmer,671ac641136758472327f851,1,6,2,3,0
Muse Glimmer,671c6a1aacee876e82d4bc0e,3,6,2,4,0
Muse Glimmer,671f23ab12f081da543ed684,3,6,2,3,0
Muse Glimmer,671fc9508c7c5056012df16a,1,6,2,1,1
Muse Glimmer,671fee575a0f70920ad3bd80,1,6,2,0,0
Muse Glimmer,672179e4c8cc0ac89395e8d0,1,6,2,0,0
Muse Glimmer,6722c0ddd60ad77b5374fdc9,1,6,2,0,0
Muse Glimmer,672368e4c08f59acd19d8353,1,6,2,2,2
Muse Glimmer,67238a4a22fbf3820373cb44,2,6,2,3,0
Muse Glimmer,672403fa5461772b24b2e651,1,6,2,0,0
Muse Glimmer,672407521f51862e37d75208,1,6,2,0,0
Muse Glimmer,67241cbe9909a95d1bf7aa00,1,6,2,1,1
Muse Glimmer,672424af1bf467697c4c699f,3,6,2,2,2
Muse Glimmer,672433577fb5d24be68f010d,1,6,2,0,0
Muse Glimmer,67243887a7c5f8f463109d82,1,6,2,3,0
Muse Glimmer,6724ff0dea5926938a631b9e,1,6,2,3,1
Muse Glimmer,6724ffb21d07f0962c8993cf,2,6,2,0,0
Muse Glimmer,672500151d07f0962c8993d7,1,6,2,0,0
Muse Glimmer,672507e82cc2a1349f1ffaf1,2,6,2,2,2
Muse Glimmer,67254a56046774791d0f1a41,2,6,2,1,0
Muse Glimmer,67256656d246bf5d21d1377e,1,6,2,0,0
Muse Glimmer,67264a55cae736a4a682949a,2,6,2,4,0
Muse Glimmer,6727dd5c5e987b1e8c17f8d9,1,6,2,1,1
Muse Glimmer,6728f1b489898f87cb5320ea,2,6,2,2,2
Muse Glimmer,672bca9fab085c84b90e223d,2,6,2,2,0
Muse Glimmer,6730fc7d598fcdc8858811e6,1,6,2,0,0
Muse Glimmer,6732f0dac65fb3c0e912b4a9,1,6,2,3,3
Muse Glimmer,67335820c7d8c66591e6dfc7,1,6,2,3,3
Muse Glimmer,6735c6e5f8dc0a94c3a3ae8e,1,6,2,2,2
Muse Glimmer,6736a9b0b949d548db8da965,1,6,2,1,1
Muse Glimmer,6736c2e82db9d8cc7cd8e607,1,6,2,0,0
Muse Glimmer,6737006d3f0517b6e8a60733,1,6,2,0,0
Muse Glimmer,673709d1980211368f0f952f,2,6,2,2,1
Muse Glimmer,67372744600c9c0daa5d8f3f,2,6,2,3,0
Muse Glimmer,673735aa61f20f11eb1097d2,1,6,2,1,1
Muse Glimmer,673799cf4d349e2ed66792d2,1,6,2,2,1
Muse Glimmer,67379dd995d9299b8ac8439c,1,6,2,1,1
Muse Glimmer,6737b422d3949406f1ed580b,3,6,2,4,0
Muse Glimmer,6739149727881148ddf2aca0,2,6,2,1,1
Muse Glimmer,67396c5bbb01e9373d18968e,3,6,2,3,3
Muse Glimmer,6739f5ede8b91dc9dac17cd9,3,6,2,1,0
Muse Glimmer,673a5f9b329d98c7d4b69d5f,3,6,2,4,0
Muse Glimmer,673ae99a3022b9e17f89d1b6,2,6,2,4,2
Muse Glimmer,673d6d05b7ef4f8f44830921,2,6,2,2,2
Muse Glimmer,674761ffca5b554156dc9037,1,6,2,2,2
Muse Glimmer,674dbd94040b2918e5c0b63d,2,6,2,0,0
Muse Glimmer,675642a2829a199495a2fa4e,2,6,2,4,0
Muse Glimmer,675f78278896e41ae7eb29da,1,6,2,0,0
Muse Glimmer,6767969869b88c321c96665a,2,6,2,4,2
Muse Glimmer,677c1cf633409bfdbb11942d,1,6,2,2,2
Muse Glimmer,6781903d382cfca83d01b77f,1,6,2,0,0
Muse Glimmer,678fbf931413486f7dc2a7f1,3,6,2,4,0
Muse Glimmer,679719aeac316f89542b3581,1,6,2,0,0
Muse Glimmer,67d09fd38fd17c121c0b49ad,2,6,2,3,1
Muse Glimmer,66e88728ba7d8bc0d5806f3a,3,7,3,4,1
Muse Glimmer,66e8d4736299517dd7a5da8c,1,7,3,2,2
Muse Glimmer,66e906f860abc895aedcf467,1,7,3,1,1
Muse Glimmer,66e9b2899cf8fcf41599246f,3,7,3,4,4
Muse Glimmer,66ea12bd86227f91af18b88b,1,7,3,0,0
Muse Glimmer,66eae4e351a34eec5d943952,2,7,3,1,1
Muse Glimmer,66eaeaa8afe364e4f477b777,3,7,3,4,0
Muse Glimmer,66ec0ed8b0ae7f67e365a163,1,7,3,1,0
Muse Glimmer,66ecfd03e7478ca5fcbb7495,1,7,3,2,2
Muse Glimmer,66ed3c5dae789e6253eedddd,2,7,3,0,0
Muse Glimmer,66ed5f1e85adbeda9f978022,1,7,3,0,0
Muse Glimmer,66edc60801af2a724035ad4b,2,7,3,4,0
Muse Glimmer,66edd857a0ffa4c025458242,1,7,3,0,0
Muse Glimmer,66efa01e327e4a95dc760d01,2,7,3,4,2
Muse Glimmer,66f052e814be84cc1edd3fbd,2,7,3,3,3
Muse Glimmer,66f0f4efd23ed0ac5f43b25f,2,7,3,2,2
Muse Glimmer,66f2b236b1d41433f8a4edea,2,7,3,3,3
Muse Glimmer,66f57a7e9f9308128679f668,2,7,3,3,3
Muse Glimmer,66f9a8a4e613d5c62b6c0d22,1,7,3,3,0
Muse Glimmer,66fbcca4a177ae967e470415,1,7,3,1,0
Muse Glimmer,66fc23cfa7be4edbe85cf177,3,7,3,2,2
Muse Glimmer,66fc2689b72463921f6c40e8,1,7,3,1,1
Muse Glimmer,66fc5e611f5f3f3b48ae9566,2,7,3,1,1
Muse Glimmer,66fcc286eab6d512704d96af,1,7,3,2,2
Muse Glimmer,66fd60ea6be05c0b608861d5,1,7,3,1,1
Muse Glimmer,66fe796bc12cbe6aeaa26e69,1,7,3,0,0
Muse Glimmer,670013827794cc36bc974f27,3,7,3,3,0
Muse Glimmer,67008f17fc2c0a4040f1d352,1,7,3,0,0
Muse Glimmer,6700a5676c339d61ecccb86d,2,7,3,1,1
Muse Glimmer,6701d2675f6691877f264511,2,7,3,1,1
Muse Glimmer,67055b15222ba55ab0b88431,3,7,3,4,4
Muse Glimmer,67095af56022f900e8e76028,1,7,3,0,0
Muse Glimmer,670aa3e255f3b29ec899f979,1,7,3,0,0
Muse Glimmer,670c775842b25f65425c86c2,1,7,3,1,0
Muse Glimmer,670c83ba4aece479236947cb,2,7,3,1,1
Muse Glimmer,670f00dc79750a6c73259f4d,3,7,3,0,0
Muse Glimmer,670f39dc1dcaeb830ff6231f,2,7,3,3,0
Muse Glimmer,670f4501dfe615f3d2f7436e,2,7,3,2,1
Muse Glimmer,670f9916451a882595c8f434,1,7,3,3,0
Muse Glimmer,670fb58f2ca6bea76e9354a7,3,7,3,4,0
Muse Glimmer,671257a8df2820fcc29acc37,3,7,3,3,0
Muse Glimmer,67127dbf0d05bc73fc008e02,3,7,3,4,0
Muse Glimmer,6715beb7b3287d3dd4db03e6,2,7,3,4,0
Muse Glimmer,6716fafe2a8d9330a7f89ee5,1,7,3,2,2
Muse Glimmer,671776667bd7b6b75ba31922,1,7,3,1,1
Muse Glimmer,6718487afba38eebcbc8034b,3,7,3,3,0
Muse Glimmer,6718577ca88093a75026b186,3,7,3,4,2
Muse Glimmer,671ab94ffad7ae30b89eff8f,2,7,3,3,0
Muse Glimmer,671ac641136758472327f851,1,7,3,1,1
Muse Glimmer,671c6a1aacee876e82d4bc0e,3,7,3,3,3
Muse Glimmer,671f23ab12f081da543ed684,3,7,3,2,2
Muse Glimmer,671fc9508c7c5056012df16a,1,7,3,0,0
Muse Glimmer,671fee575a0f70920ad3bd80,1,7,3,0,0
Muse Glimmer,672179e4c8cc0ac89395e8d0,1,7,3,1,1
Muse Glimmer,6722c0ddd60ad77b5374fdc9,1,7,3,0,0
Muse Glimmer,672368e4c08f59acd19d8353,1,7,3,3,0
Muse Glimmer,67238a4a22fbf3820373cb44,2,7,3,2,0
Muse Glimmer,672403fa5461772b24b2e651,1,7,3,1,1
Muse Glimmer,672407521f51862e37d75208,1,7,3,0,0
Muse Glimmer,67241cbe9909a95d1bf7aa00,1,7,3,1,1
Muse Glimmer,672424af1bf467697c4c699f,3,7,3,4,0
Muse Glimmer,672433577fb5d24be68f010d,1,7,3,0,0
Muse Glimmer,67243887a7c5f8f463109d82,1,7,3,0,0
Muse Glimmer,6724ff0dea5926938a631b9e,1,7,3,2,2
Muse Glimmer,6724ffb21d07f0962c8993cf,2,7,3,3,3
Muse Glimmer,672500151d07f0962c8993d7,1,7,3,0,0
Muse Glimmer,672507e82cc2a1349f1ffaf1,2,7,3,0,0
Muse Glimmer,67254a56046774791d0f1a41,2,7,3,2,0
Muse Glimmer,67256656d246bf5d21d1377e,1,7,3,0,0
Muse Glimmer,67264a55cae736a4a682949a,2,7,3,2,0
Muse Glimmer,6727dd5c5e987b1e8c17f8d9,1,7,3,0,0
Muse Glimmer,6728f1b489898f87cb5320ea,2,7,3,1,1
Muse Glimmer,672bca9fab085c84b90e223d,2,7,3,3,0
Muse Glimmer,6730fc7d598fcdc8858811e6,1,7,3,0,0
Muse Glimmer,6732f0dac65fb3c0e912b4a9,1,7,3,2,0
Muse Glimmer,67335820c7d8c66591e6dfc7,1,7,3,2,2
Muse Glimmer,6735c6e5f8dc0a94c3a3ae8e,1,7,3,0,0
Muse Glimmer,6736a9b0b949d548db8da965,1,7,3,3,1
Muse Glimmer,6736c2e82db9d8cc7cd8e607,1,7,3,0,0
Muse Glimmer,6737006d3f0517b6e8a60733,1,7,3,0,0
Muse Glimmer,673709d1980211368f0f952f,2,7,3,2,1
Muse Glimmer,67372744600c9c0daa5d8f3f,2,7,3,1,0
Muse Glimmer,673735aa61f20f11eb1097d2,1,7,3,0,0
Muse Glimmer,673799cf4d349e2ed66792d2,1,7,3,3,3
Muse Glimmer,67379dd995d9299b8ac8439c,1,7,3,1,1
Muse Glimmer,6737b422d3949406f1ed580b,3,7,3,4,0
Muse Glimmer,6739149727881148ddf2aca0,2,7,3,3,3
Muse Glimmer,67396c5bbb01e9373d18968e,3,7,3,2,2
Muse Glimmer,6739f5ede8b91dc9dac17cd9,3,7,3,3,1
Muse Glimmer,673a5f9b329d98c7d4b69d5f,3,7,3,4,0
Muse Glimmer,673ae99a3022b9e17f89d1b6,2,7,3,4,1
Muse Glimmer,673d6d05b7ef4f8f44830921,2,7,3,1,1
Muse Glimmer,674761ffca5b554156dc9037,1,7,3,1,0
Muse Glimmer,674dbd94040b2918e5c0b63d,2,7,3,0,0
Muse Glimmer,675642a2829a199495a2fa4e,2,7,3,3,0
Muse Glimmer,675f78278896e41ae7eb29da,1,7,3,3,3
Muse Glimmer,6767969869b88c321c96665a,2,7,3,0,0
Muse Glimmer,677c1cf633409bfdbb11942d,1,7,3,3,0
Muse Glimmer,6781903d382cfca83d01b77f,1,7,3,1,1
Muse Glimmer,678fbf931413486f7dc2a7f1,3,7,3,4,0
Muse Glimmer,679719aeac316f89542b3581,1,7,3,0,0
Muse Glimmer,67d09fd38fd17c121c0b49ad,2,7,3,2,0
Muse Glimmer,66e88728ba7d8bc0d5806f3a,3,8,0,8,0
Muse Glimmer,66e8d4736299517dd7a5da8c,1,8,0,0,0
Muse Glimmer,66e906f860abc895aedcf467,1,8,0,1,1
Muse Glimmer,66e9b2899cf8fcf41599246f,3,8,0,8,0
Muse Glimmer,66ea12bd86227f91af18b88b,1,8,0,0,0
Muse Glimmer,66eae4e351a34eec5d943952,2,8,0,4,0
Muse Glimmer,66eaeaa8afe364e4f477b777,3,8,0,5,0
Muse Glimmer,66ec0ed8b0ae7f67e365a163,1,8,0,3,0
Muse Glimmer,66ecfd03e7478ca5fcbb7495,1,8,0,0,0
Muse Glimmer,66ed3c5dae789e6253eedddd,2,8,0,0,0
Muse Glimmer,66ed5f1e85adbeda9f978022,1,8,0,1,1
Muse Glimmer,66edc60801af2a724035ad4b,2,8,0,7,0
Muse Glimmer,66edd857a0ffa4c025458242,1,8,0,2,2
Muse Glimmer,66efa01e327e4a95dc760d01,2,8,0,4,2
Muse Glimmer,66f052e814be84cc1edd3fbd,2,8,0,6,1
Muse Glimmer,66f0f4efd23ed0ac5f43b25f,2,8,0,4,0
Muse Glimmer,66f2b236b1d41433f8a4edea,2,8,0,2,2
Muse Glimmer,66f57a7e9f9308128679f668,2,8,0,5,5
Muse Glimmer,66f9a8a4e613d5c62b6c0d22,1,8,0,5,0
Muse Glimmer,66fbcca4a177ae967e470415,1,8,0,1,0
Muse Glimmer,66fc23cfa7be4edbe85cf177,3,8,0,6,2
Muse Glimmer,66fc2689b72463921f6c40e8,1,8,0,3,0
Muse Glimmer,66fc5e611f5f3f3b48ae9566,2,8,0,3,0
Muse Glimmer,66fcc286eab6d512704d96af,1,8,0,5,0
Muse Glimmer,66fd60ea6be05c0b608861d5,1,8,0,0,0
Muse Glimmer,66fe796bc12cbe6aeaa26e69,1,8,0,1,1
Muse Glimmer,670013827794cc36bc974f27,3,8,0,3,0
Muse Glimmer,67008f17fc2c0a4040f1d352,1,8,0,3,3
Muse Glimmer,6700a5676c339d61ecccb86d,2,8,0,2,2
Muse Glimmer,6701d2675f6691877f264511,2,8,0,4,4
Muse Glimmer,67055b15222ba55ab0b88431,3,8,0,5,1
Muse Glimmer,67095af56022f900e8e76028,1,8,0,0,0
Muse Glimmer,670aa3e255f3b29ec899f979,1,8,0,1,1
Muse Glimmer,670c775842b25f65425c86c2,1,8,0,1,1
Muse Glimmer,670c83ba4aece479236947cb,2,8,0,5,0
Muse Glimmer,670f00dc79750a6c73259f4d,3,8,0,3,2
Muse Glimmer,670f39dc1dcaeb830ff6231f,2,8,0,4,0
Muse Glimmer,670f4501dfe615f3d2f7436e,2,8,0,4,2
Muse Glimmer,670f9916451a882595c8f434,1,8,0,1,0
Muse Glimmer,670fb58f2ca6bea76e9354a7,3,8,0,6,0
Muse Glimmer,671257a8df2820fcc29acc37,3,8,0,6,0
Muse Glimmer,67127dbf0d05bc73fc008e02,3,8,0,7,0
Muse Glimmer,6715beb7b3287d3dd4db03e6,2,8,0,5,0
Muse Glimmer,6716fafe2a8d9330a7f89ee5,1,8,0,1,1
Muse Glimmer,671776667bd7b6b75ba31922,1,8,0,3,3
Muse Glimmer,6718487afba38eebcbc8034b,3,8,0,2,2
Muse Glimmer,6718577ca88093a75026b186,3,8,0,6,0
Muse Glimmer,671ab94ffad7ae30b89eff8f,2,8,0,4,0
Muse Glimmer,671ac641136758472327f851,1,8,0,5,0
Muse Glimmer,671c6a1aacee876e82d4bc0e,3,8,0,6,1
Muse Glimmer,671f23ab12f081da543ed684,3,8,0,7,0
Muse Glimmer,671fc9508c7c5056012df16a,1,8,0,1,1
Muse Glimmer,671fee575a0f70920ad3bd80,1,8,0,4,4
Muse Glimmer,672179e4c8cc0ac89395e8d0,1,8,0,1,1
Muse Glimmer,6722c0ddd60ad77b5374fdc9,1,8,0,0,0
Muse Glimmer,672368e4c08f59acd19d8353,1,8,0,4,0
Muse Glimmer,67238a4a22fbf3820373cb44,2,8,0,7,0
Muse Glimmer,672403fa5461772b24b2e651,1,8,0,0,0
Muse Glimmer,672407521f51862e37d75208,1,8,0,0,0
Muse Glimmer,67241cbe9909a95d1bf7aa00,1,8,0,0,0
Muse Glimmer,672424af1bf467697c4c699f,3,8,0,7,7
Muse Glimmer,672433577fb5d24be68f010d,1,8,0,1,1
Muse Glimmer,67243887a7c5f8f463109d82,1,8,0,2,2
Muse Glimmer,6724ff0dea5926938a631b9e,1,8,0,2,0
Muse Glimmer,6724ffb21d07f0962c8993cf,2,8,0,5,0
Muse Glimmer,672500151d07f0962c8993d7,1,8,0,0,0
Muse Glimmer,672507e82cc2a1349f1ffaf1,2,8,0,5,5
Muse Glimmer,67254a56046774791d0f1a41,2,8,0,3,0
Muse Glimmer,67256656d246bf5d21d1377e,1,8,0,0,0
Muse Glimmer,67264a55cae736a4a682949a,2,8,0,8,0
Muse Glimmer,6727dd5c5e987b1e8c17f8d9,1,8,0,0,0
Muse Glimmer,6728f1b489898f87cb5320ea,2,8,0,1,1
Muse Glimmer,672bca9fab085c84b90e223d,2,8,0,4,0
Muse Glimmer,6730fc7d598fcdc8858811e6,1,8,0,0,0
Muse Glimmer,6732f0dac65fb3c0e912b4a9,1,8,0,5,0
Muse Glimmer,67335820c7d8c66591e6dfc7,1,8,0,3,3
Muse Glimmer,6735c6e5f8dc0a94c3a3ae8e,1,8,0,3,3
Muse Glimmer,6736a9b0b949d548db8da965,1,8,0,3,0
Muse Glimmer,6736c2e82db9d8cc7cd8e607,1,8,0,0,0
Muse Glimmer,6737006d3f0517b6e8a60733,1,8,0,0,0
Muse Glimmer,673709d1980211368f0f952f,2,8,0,2,1
Muse Glimmer,67372744600c9c0daa5d8f3f,2,8,0,4,0
Muse Glimmer,673735aa61f20f11eb1097d2,1,8,0,1,1
Muse Glimmer,673799cf4d349e2ed66792d2,1,8,0,6,3
Muse Glimmer,67379dd995d9299b8ac8439c,1,8,0,4,0
Muse Glimmer,6737b422d3949406f1ed580b,3,8,0,8,0
Muse Glimmer,6739149727881148ddf2aca0,2,8,0,5,0
Muse Glimmer,67396c5bbb01e9373d18968e,3,8,0,6,6
Muse Glimmer,6739f5ede8b91dc9dac17cd9,3,8,0,4,4
Muse Glimmer,673a5f9b329d98c7d4b69d5f,3,8,0,4,0
Muse Glimmer,673ae99a3022b9e17f89d1b6,2,8,0,7,1
Muse Glimmer,673d6d05b7ef4f8f44830921,2,8,0,5,0
Muse Glimmer,674761ffca5b554156dc9037,1,8,0,5,0
Muse Glimmer,674dbd94040b2918e5c0b63d,2,8,0,3,3
Muse Glimmer,675642a2829a199495a2fa4e,2,8,0,7,0
Muse Glimmer,675f78278896e41ae7eb29da,1,8,0,2,2
Muse Glimmer,6767969869b88c321c96665a,2,8,0,2,2
Muse Glimmer,677c1cf633409bfdbb11942d,1,8,0,2,2
Muse Glimmer,6781903d382cfca83d01b77f,1,8,0,0,0
Muse Glimmer,678fbf931413486f7dc2a7f1,3,8,0,8,0
Muse Glimmer,679719aeac316f89542b3581,1,8,0,0,0
Muse Glimmer,67d09fd38fd17c121c0b49ad,2,8,0,6,0
Muse Glimmer,66e88728ba7d8bc0d5806f3a,3,10,2,8,0
Muse Glimmer,66e8d4736299517dd7a5da8c,1,10,2,0,0
Muse Glimmer,66e906f860abc895aedcf467,1,10,2,2,2
Muse Glimmer,66e9b2899cf8fcf41599246f,3,10,2,8,0
Muse Glimmer,66ea12bd86227f91af18b88b,1,10,2,0,0
Muse Glimmer,66eae4e351a34eec5d943952,2,10,2,5,3
Muse Glimmer,66eaeaa8afe364e4f477b777,3,10,2,7,0
Muse Glimmer,66ec0ed8b0ae7f67e365a163,1,10,2,5,0
Muse Glimmer,66ecfd03e7478ca5fcbb7495,1,10,2,2,2
Muse Glimmer,66ed3c5dae789e6253eedddd,2,10,2,2,2
Muse Glimmer,66ed5f1e85adbeda9f978022,1,10,2,2,0
Muse Glimmer,66edc60801af2a724035ad4b,2,10,2,7,0
Muse Glimmer,66edd857a0ffa4c025458242,1,10,2,0,0
Muse Glimmer,66efa01e327e4a95dc760d01,2,10,2,6,3
Muse Glimmer,66f052e814be84cc1edd3fbd,2,10,2,6,0
Muse Glimmer,66f0f4efd23ed0ac5f43b25f,2,10,2,7,7
Muse Glimmer,66f2b236b1d41433f8a4edea,2,10,2,6,6
Muse Glimmer,66f57a7e9f9308128679f668,2,10,2,2,2
Muse Glimmer,66f9a8a4e613d5c62b6c0d22,1,10,2,3,3
Muse Glimmer,66fbcca4a177ae967e470415,1,10,2,1,1
Muse Glimmer,66fc23cfa7be4edbe85cf177,3,10,2,6,6
Muse Glimmer,66fc2689b72463921f6c40e8,1,10,2,4,0
Muse Glimmer,66fc5e611f5f3f3b48ae9566,2,10,2,3,3
Muse Glimmer,66fcc286eab6d512704d96af,1,10,2,3,3
Muse Glimmer,66fd60ea6be05c0b608861d5,1,10,2,2,2
Muse Glimmer,66fe796bc12cbe6aeaa26e69,1,10,2,1,1
Muse Glimmer,670013827794cc36bc974f27,3,10,2,0,0
Muse Glimmer,67008f17fc2c0a4040f1d352,1,10,2,2,2
Muse Glimmer,6700a5676c339d61ecccb86d,2,10,2,0,0
Muse Glimmer,6701d2675f6691877f264511,2,10,2,2,2
Muse Glimmer,67055b15222ba55ab0b88431,3,10,2,7,4
Muse Glimmer,67095af56022f900e8e76028,1,10,2,0,0
Muse Glimmer,670aa3e255f3b29ec899f979,1,10,2,0,0
Muse Glimmer,670c775842b25f65425c86c2,1,10,2,5,0
Muse Glimmer,670c83ba4aece479236947cb,2,10,2,1,1
Muse Glimmer,670f00dc79750a6c73259f4d,3,10,2,2,1
Muse Glimmer,670f39dc1dcaeb830ff6231f,2,10,2,6,0
Muse Glimmer,670f4501dfe615f3d2f7436e,2,10,2,3,2
Muse Glimmer,670f9916451a882595c8f434,1,10,2,2,0
Muse Glimmer,670fb58f2ca6bea76e9354a7,3,10,2,7,0
Muse Glimmer,671257a8df2820fcc29acc37,3,10,2,7,0
Muse Glimmer,67127dbf0d05bc73fc008e02,3,10,2,8,0
Muse Glimmer,6715beb7b3287d3dd4db03e6,2,10,2,6,6
Muse Glimmer,6716fafe2a8d9330a7f89ee5,1,10,2,2,2
Muse Glimmer,671776667bd7b6b75ba31922,1,10,2,2,2
Muse Glimmer,6718487afba38eebcbc8034b,3,10,2,1,1
Muse Glimmer,6718577ca88093a75026b186,3,10,2,8,0
Muse Glimmer,671ab94ffad7ae30b89eff8f,2,10,2,6,1
Muse Glimmer,671ac641136758472327f851,1,10,2,3,0
Muse Glimmer,671c6a1aacee876e82d4bc0e,3,10,2,8,0
Muse Glimmer,671f23ab12f081da543ed684,3,10,2,6,0
Muse Glimmer,671fc9508c7c5056012df16a,1,10,2,5,0
Muse Glimmer,671fee575a0f70920ad3bd80,1,10,2,2,2
Muse Glimmer,672179e4c8cc0ac89395e8d0,1,10,2,2,2
Muse Glimmer,6722c0ddd60ad77b5374fdc9,1,10,2,0,0
Muse Glimmer,672368e4c08f59acd19d8353,1,10,2,3,0
Muse Glimmer,67238a4a22fbf3820373cb44,2,10,2,6,0
Muse Glimmer,672403fa5461772b24b2e651,1,10,2,1,1
Muse Glimmer,672407521f51862e37d75208,1,10,2,0,0
Muse Glimmer,67241cbe9909a95d1bf7aa00,1,10,2,2,2
Muse Glimmer,672424af1bf467697c4c699f,3,10,2,5,5
Muse Glimmer,672433577fb5d24be68f010d,1,10,2,2,2
Muse Glimmer,67243887a7c5f8f463109d82,1,10,2,1,1
Muse Glimmer,6724ff0dea5926938a631b9e,1,10,2,5,2
Muse Glimmer,6724ffb21d07f0962c8993cf,2,10,2,4,2
Muse Glimmer,672500151d07f0962c8993d7,1,10,2,0,0
Muse Glimmer,672507e82cc2a1349f1ffaf1,2,10,2,4,4
Muse Glimmer,67254a56046774791d0f1a41,2,10,2,5,0
Muse Glimmer,67256656d246bf5d21d1377e,1,10,2,0,0
Muse Glimmer,67264a55cae736a4a682949a,2,10,2,8,0
Muse Glimmer,6727dd5c5e987b1e8c17f8d9,1,10,2,0,0
Muse Glimmer,6728f1b489898f87cb5320ea,2,10,2,2,2
Muse Glimmer,672bca9fab085c84b90e223d,2,10,2,3,0
Muse Glimmer,6730fc7d598fcdc8858811e6,1,10,2,0,0
Muse Glimmer,6732f0dac65fb3c0e912b4a9,1,10,2,3,3
Muse Glimmer,67335820c7d8c66591e6dfc7,1,10,2,0,0
Muse Glimmer,6735c6e5f8dc0a94c3a3ae8e,1,10,2,3,1
Muse Glimmer,6736a9b0b949d548db8da965,1,10,2,6,1
Muse Glimmer,6736c2e82db9d8cc7cd8e607,1,10,2,0,0
Muse Glimmer,6737006d3f0517b6e8a60733,1,10,2,0,0
Muse Glimmer,673709d1980211368f0f952f,2,10,2,3,0
Muse Glimmer,67372744600c9c0daa5d8f3f,2,10,2,2,0
Muse Glimmer,673735aa61f20f11eb1097d2,1,10,2,1,1
Muse Glimmer,673799cf4d349e2ed66792d2,1,10,2,6,6
Muse Glimmer,67379dd995d9299b8ac8439c,1,10,2,2,2
Muse Glimmer,6737b422d3949406f1ed580b,3,10,2,7,0
Muse Glimmer,6739149727881148ddf2aca0,2,10,2,6,0
Muse Glimmer,67396c5bbb01e9373d18968e,3,10,2,4,4
Muse Glimmer,6739f5ede8b91dc9dac17cd9,3,10,2,3,0
Muse Glimmer,673a5f9b329d98c7d4b69d5f,3,10,2,6,0
Muse Glimmer,673ae99a3022b9e17f89d1b6,2,10,2,4,2
Muse Glimmer,673d6d05b7ef4f8f44830921,2,10,2,3,3
Muse Glimmer,674761ffca5b554156dc9037,1,10,2,4,0
Muse Glimmer,674dbd94040b2918e5c0b63d,2,10,2,1,1
Muse Glimmer,675642a2829a199495a2fa4e,2,10,2,6,0
Muse Glimmer,675f78278896e41ae7eb29da,1,10,2,2,2
Muse Glimmer,6767969869b88c321c96665a,2,10,2,6,6
Muse Glimmer,677c1cf633409bfdbb11942d,1,10,2,2,2
Muse Glimmer,6781903d382cfca83d01b77f,1,10,2,2,2
Muse Glimmer,678fbf931413486f7dc2a7f1,3,10,2,7,0
Muse Glimmer,679719aeac316f89542b3581,1,10,2,0,0
Muse Glimmer,67d09fd38fd17c121c0b49ad,2,10,2,6,0
Muse Glimmer,66e88728ba7d8bc0d5806f3a,3,12,4,8,0
Muse Glimmer,66e8d4736299517dd7a5da8c,1,12,4,2,2
Muse Glimmer,66e906f860abc895aedcf467,1,12,4,0,0
Muse Glimmer,66e9b2899cf8fcf41599246f,3,12,4,8,0
Muse Glimmer,66ea12bd86227f91af18b88b,1,12,4,0,0
Muse Glimmer,66eae4e351a34eec5d943952,2,12,4,6,1
Muse Glimmer,66eaeaa8afe364e4f477b777,3,12,4,6,0
Muse Glimmer,66ec0ed8b0ae7f67e365a163,1,12,4,3,3
Muse Glimmer,66ecfd03e7478ca5fcbb7495,1,12,4,2,2
Muse Glimmer,66ed3c5dae789e6253eedddd,2,12,4,2,0
Muse Glimmer,66ed5f1e85adbeda9f978022,1,12,4,0,0
Muse Glimmer,66edc60801af2a724035ad4b,2,12,4,7,0
Muse Glimmer,66edd857a0ffa4c025458242,1,12,4,1,1
Muse Glimmer,66efa01e327e4a95dc760d01,2,12,4,6,1
Muse Glimmer,66f052e814be84cc1edd3fbd,2,12,4,5,5
Muse Glimmer,66f0f4efd23ed0ac5f43b25f,2,12,4,6,1
Muse Glimmer,66f2b236b1d41433f8a4edea,2,12,4,7,7
Muse Glimmer,66f57a7e9f9308128679f668,2,12,4,1,1
Muse Glimmer,66f9a8a4e613d5c62b6c0d22,1,12,4,1,1
Muse Glimmer,66fbcca4a177ae967e470415,1,12,4,2,0
Muse Glimmer,66fc23cfa7be4edbe85cf177,3,12,4,7,7
Muse Glimmer,66fc2689b72463921f6c40e8,1,12,4,2,1
Muse Glimmer,66fc5e611f5f3f3b48ae9566,2,12,4,5,0
Muse Glimmer,66fcc286eab6d512704d96af,1,12,4,2,2
Muse Glimmer,66fd60ea6be05c0b608861d5,1,12,4,1,1
Muse Glimmer,66fe796bc12cbe6aeaa26e69,1,12,4,0,0
Muse Glimmer,670013827794cc36bc974f27,3,12,4,2,0
Muse Glimmer,67008f17fc2c0a4040f1d352,1,12,4,1,1
Muse Glimmer,6700a5676c339d61ecccb86d,2,12,4,0,0
Muse Glimmer,6701d2675f6691877f264511,2,12,4,3,3
Muse Glimmer,67055b15222ba55ab0b88431,3,12,4,6,5
Muse Glimmer,67095af56022f900e8e76028,1,12,4,0,0
Muse Glimmer,670aa3e255f3b29ec899f979,1,12,4,1,1
Muse Glimmer,670c775842b25f65425c86c2,1,12,4,4,4
Muse Glimmer,670c83ba4aece479236947cb,2,12,4,4,4
Muse Glimmer,670f00dc79750a6c73259f4d,3,12,4,3,0
Muse Glimmer,670f39dc1dcaeb830ff6231f,2,12,4,3,0
Muse Glimmer,670f4501dfe615f3d2f7436e,2,12,4,0,0
Muse Glimmer,670f9916451a882595c8f434,1,12,4,3,0
Muse Glimmer,670fb58f2ca6bea76e9354a7,3,12,4,6,0
Muse Glimmer,671257a8df2820fcc29acc37,3,12,4,7,0
Muse Glimmer,67127dbf0d05bc73fc008e02,3,12,4,8,0
Muse Glimmer,6715beb7b3287d3dd4db03e6,2,12,4,4,1
Muse Glimmer,6716fafe2a8d9330a7f89ee5,1,12,4,3,0
Muse Glimmer,671776667bd7b6b75ba31922,1,12,4,1,1
Muse Glimmer,6718487afba38eebcbc8034b,3,12,4,3,3
Muse Glimmer,6718577ca88093a75026b186,3,12,4,7,6
Muse Glimmer,671ab94ffad7ae30b89eff8f,2,12,4,5,5
Muse Glimmer,671ac641136758472327f851,1,12,4,3,0
Muse Glimmer,671c6a1aacee876e82d4bc0e,3,12,4,8,1
Muse Glimmer,671f23ab12f081da543ed684,3,12,4,6,1
Muse Glimmer,671fc9508c7c5056012df16a,1,12,4,1,1
Muse Glimmer,671fee575a0f70920ad3bd80,1,12,4,2,2
Muse Glimmer,672179e4c8cc0ac89395e8d0,1,12,4,2,2
Muse Glimmer,6722c0ddd60ad77b5374fdc9,1,12,4,0,0
Muse Glimmer,672368e4c08f59acd19d8353,1,12,4,4,0
Muse Glimmer,67238a4a22fbf3820373cb44,2,12,4,4,0
Muse Glimmer,672403fa5461772b24b2e651,1,12,4,0,0
Muse Glimmer,672407521f51862e37d75208,1,12,4,1,0
Muse Glimmer,67241cbe9909a95d1bf7aa00,1,12,4,1,1
Muse Glimmer,672424af1bf467697c4c699f,3,12,4,6,2
Muse Glimmer,672433577fb5d24be68f010d,1,12,4,0,0
Muse Glimmer,67243887a7c5f8f463109d82,1,12,4,1,1
Muse Glimmer,6724ff0dea5926938a631b9e,1,12,4,4,0
Muse Glimmer,6724ffb21d07f0962c8993cf,2,12,4,4,4
Muse Glimmer,672500151d07f0962c8993d7,1,12,4,0,0
Muse Glimmer,672507e82cc2a1349f1ffaf1,2,12,4,1,1
Muse Glimmer,67254a56046774791d0f1a41,2,12,4,3,0
Muse Glimmer,67256656d246bf5d21d1377e,1,12,4,0,0
Muse Glimmer,67264a55cae736a4a682949a,2,12,4,4,0
Muse Glimmer,6727dd5c5e987b1e8c17f8d9,1,12,4,0,0
Muse Glimmer,6728f1b489898f87cb5320ea,2,12,4,4,4
Muse Glimmer,672bca9fab085c84b90e223d,2,12,4,4,0
Muse Glimmer,6730fc7d598fcdc8858811e6,1,12,4,0,0
Muse Glimmer,6732f0dac65fb3c0e912b4a9,1,12,4,6,5
Muse Glimmer,67335820c7d8c66591e6dfc7,1,12,4,1,1
Muse Glimmer,6735c6e5f8dc0a94c3a3ae8e,1,12,4,3,3
Muse Glimmer,6736a9b0b949d548db8da965,1,12,4,2,2
Muse Glimmer,6736c2e82db9d8cc7cd8e607,1,12,4,0,0
Muse Glimmer,6737006d3f0517b6e8a60733,1,12,4,0,0
Muse Glimmer,673709d1980211368f0f952f,2,12,4,1,1
Muse Glimmer,67372744600c9c0daa5d8f3f,2,12,4,1,1
Muse Glimmer,673735aa61f20f11eb1097d2,1,12,4,3,3
Muse Glimmer,673799cf4d349e2ed66792d2,1,12,4,5,2
Muse Glimmer,67379dd995d9299b8ac8439c,1,12,4,3,3
Muse Glimmer,6737b422d3949406f1ed580b,3,12,4,8,0
Muse Glimmer,6739149727881148ddf2aca0,2,12,4,6,6
Muse Glimmer,67396c5bbb01e9373d18968e,3,12,4,4,4
Muse Glimmer,6739f5ede8b91dc9dac17cd9,3,12,4,3,2
Muse Glimmer,673a5f9b329d98c7d4b69d5f,3,12,4,6,0
Muse Glimmer,673ae99a3022b9e17f89d1b6,2,12,4,3,3
Muse Glimmer,673d6d05b7ef4f8f44830921,2,12,4,1,1
Muse Glimmer,674761ffca5b554156dc9037,1,12,4,2,1
Muse Glimmer,674dbd94040b2918e5c0b63d,2,12,4,2,2
Muse Glimmer,675642a2829a199495a2fa4e,2,12,4,7,0
Muse Glimmer,675f78278896e41ae7eb29da,1,12,4,5,5
Muse Glimmer,6767969869b88c321c96665a,2,12,4,6,6
Muse Glimmer,677c1cf633409bfdbb11942d,1,12,4,0,0
Muse Glimmer,6781903d382cfca83d01b77f,1,12,4,1,1
Muse Glimmer,678fbf931413486f7dc2a7f1,3,12,4,8,0
Muse Glimmer,679719aeac316f89542b3581,1,12,4,0,0
Muse Glimmer,67d09fd38fd17c121c0b49ad,2,12,4,5,4
Muse Glimmer,66e88728ba7d8bc0d5806f3a,3,14,6,8,3
Muse Glimmer,66e8d4736299517dd7a5da8c,1,14,6,0,0
Muse Glimmer,66e906f860abc895aedcf467,1,14,6,1,1
Muse Glimmer,66e9b2899cf8fcf41599246f,3,14,6,8,0
Muse Glimmer,66ea12bd86227f91af18b88b,1,14,6,0,0
Muse Glimmer,66eae4e351a34eec5d943952,2,14,6,3,1
Muse Glimmer,66eaeaa8afe364e4f477b777,3,14,6,5,0
Muse Glimmer,66ec0ed8b0ae7f67e365a163,1,14,6,3,1
Muse Glimmer,66ecfd03e7478ca5fcbb7495,1,14,6,2,2
Muse Glimmer,66ed3c5dae789e6253eedddd,2,14,6,1,1
Muse Glimmer,66ed5f1e85adbeda9f978022,1,14,6,0,0
Muse Glimmer,66edc60801af2a724035ad4b,2,14,6,4,3
Muse Glimmer,66edd857a0ffa4c025458242,1,14,6,0,0
Muse Glimmer,66efa01e327e4a95dc760d01,2,14,6,3,3
Muse Glimmer,66f052e814be84cc1edd3fbd,2,14,6,5,5
Muse Glimmer,66f0f4efd23ed0ac5f43b25f,2,14,6,3,3
Muse Glimmer,66f2b236b1d41433f8a4edea,2,14,6,6,6
Muse Glimmer,66f57a7e9f9308128679f668,2,14,6,2,2
Muse Glimmer,66f9a8a4e613d5c62b6c0d22,1,14,6,5,5
Muse Glimmer,66fbcca4a177ae967e470415,1,14,6,0,0
Muse Glimmer,66fc23cfa7be4edbe85cf177,3,14,6,5,5
Muse Glimmer,66fc2689b72463921f6c40e8,1,14,6,1,1
Muse Glimmer,66fc5e611f5f3f3b48ae9566,2,14,6,3,3
Muse Glimmer,66fcc286eab6d512704d96af,1,14,6,3,3
Muse Glimmer,66fd60ea6be05c0b608861d5,1,14,6,0,0
Muse Glimmer,66fe796bc12cbe6aeaa26e69,1,14,6,0,0
Muse Glimmer,670013827794cc36bc974f27,3,14,6,3,3
Muse Glimmer,67008f17fc2c0a4040f1d352,1,14,6,3,1
Muse Glimmer,6700a5676c339d61ecccb86d,2,14,6,3,3
Muse Glimmer,6701d2675f6691877f264511,2,14,6,1,1
Muse Glimmer,67055b15222ba55ab0b88431,3,14,6,3,2
Muse Glimmer,67095af56022f900e8e76028,1,14,6,0,0
Muse Glimmer,670aa3e255f3b29ec899f979,1,14,6,0,0
Muse Glimmer,670c775842b25f65425c86c2,1,14,6,3,3
Muse Glimmer,670c83ba4aece479236947cb,2,14,6,1,1
Muse Glimmer,670f00dc79750a6c73259f4d,3,14,6,1,1
Muse Glimmer,670f39dc1dcaeb830ff6231f,2,14,6,5,0
Muse Glimmer,670f4501dfe615f3d2f7436e,2,14,6,4,3
Muse Glimmer,670f9916451a882595c8f434,1,14,6,4,0
Muse Glimmer,670fb58f2ca6bea76e9354a7,3,14,6,7,0
Muse Glimmer,671257a8df2820fcc29acc37,3,14,6,6,0
Muse Glimmer,67127dbf0d05bc73fc008e02,3,14,6,8,0
Muse Glimmer,6715beb7b3287d3dd4db03e6,2,14,6,5,3
Muse Glimmer,6716fafe2a8d9330a7f89ee5,1,14,6,1,1
Muse Glimmer,671776667bd7b6b75ba31922,1,14,6,2,2
Muse Glimmer,6718487afba38eebcbc8034b,3,14,6,3,3
Muse Glimmer,6718577ca88093a75026b186,3,14,6,6,0
Muse Glimmer,671ab94ffad7ae30b89eff8f,2,14,6,6,6
Muse Glimmer,671ac641136758472327f851,1,14,6,5,0
Muse Glimmer,671c6a1aacee876e82d4bc0e,3,14,6,6,6
Muse Glimmer,671f23ab12f081da543ed684,3,14,6,7,4
Muse Glimmer,671fc9508c7c5056012df16a,1,14,6,4,4
Muse Glimmer,671fee575a0f70920ad3bd80,1,14,6,2,2
Muse Glimmer,672179e4c8cc0ac89395e8d0,1,14,6,2,2
Muse Glimmer,6722c0ddd60ad77b5374fdc9,1,14,6,0,0
Muse Glimmer,672368e4c08f59acd19d8353,1,14,6,4,4
Muse Glimmer,67238a4a22fbf3820373cb44,2,14,6,6,1
Muse Glimmer,672403fa5461772b24b2e651,1,14,6,0,0
Muse Glimmer,672407521f51862e37d75208,1,14,6,0,0
Muse Glimmer,67241cbe9909a95d1bf7aa00,1,14,6,0,0
Muse Glimmer,672424af1bf467697c4c699f,3,14,6,7,0
Muse Glimmer,672433577fb5d24be68f010d,1,14,6,2,2
Muse Glimmer,67243887a7c5f8f463109d82,1,14,6,1,1
Muse Glimmer,6724ff0dea5926938a631b9e,1,14,6,5,1
Muse Glimmer,6724ffb21d07f0962c8993cf,2,14,6,5,5
Muse Glimmer,672500151d07f0962c8993d7,1,14,6,1,1
Muse Glimmer,672507e82cc2a1349f1ffaf1,2,14,6,2,2
Muse Glimmer,67254a56046774791d0f1a41,2,14,6,5,0
Muse Glimmer,67256656d246bf5d21d1377e,1,14,6,0,0
Muse Glimmer,67264a55cae736a4a682949a,2,14,6,7,0
Muse Glimmer,6727dd5c5e987b1e8c17f8d9,1,14,6,0,0
Muse Glimmer,6728f1b489898f87cb5320ea,2,14,6,1,1
Muse Glimmer,672bca9fab085c84b90e223d,2,14,6,6,1
Muse Glimmer,6730fc7d598fcdc8858811e6,1,14,6,0,0
Muse Glimmer,6732f0dac65fb3c0e912b4a9,1,14,6,4,4
Muse Glimmer,67335820c7d8c66591e6dfc7,1,14,6,2,2
Muse Glimmer,6735c6e5f8dc0a94c3a3ae8e,1,14,6,4,4
Muse Glimmer,6736a9b0b949d548db8da965,1,14,6,2,2
Muse Glimmer,6736c2e82db9d8cc7cd8e607,1,14,6,0,0
Muse Glimmer,6737006d3f0517b6e8a60733,1,14,6,0,0
Muse Glimmer,673709d1980211368f0f952f,2,14,6,7,0
Muse Glimmer,67372744600c9c0daa5d8f3f,2,14,6,5,0
Muse Glimmer,673735aa61f20f11eb1097d2,1,14,6,1,1
Muse Glimmer,673799cf4d349e2ed66792d2,1,14,6,4,4
Muse Glimmer,67379dd995d9299b8ac8439c,1,14,6,2,2
Muse Glimmer,6737b422d3949406f1ed580b,3,14,6,6,0
Muse Glimmer,6739149727881148ddf2aca0,2,14,6,4,4
Muse Glimmer,67396c5bbb01e9373d18968e,3,14,6,2,2
Muse Glimmer,6739f5ede8b91dc9dac17cd9,3,14,6,4,1
Muse Glimmer,673a5f9b329d98c7d4b69d5f,3,14,6,4,0
Muse Glimmer,673ae99a3022b9e17f89d1b6,2,14,6,5,3
Muse Glimmer,673d6d05b7ef4f8f44830921,2,14,6,3,3
Muse Glimmer,674761ffca5b554156dc9037,1,14,6,3,0
Muse Glimmer,674dbd94040b2918e5c0b63d,2,14,6,1,1
Muse Glimmer,675642a2829a199495a2fa4e,2,14,6,8,0
Muse Glimmer,675f78278896e41ae7eb29da,1,14,6,4,4
Muse Glimmer,6767969869b88c321c96665a,2,14,6,5,5
Muse Glimmer,677c1cf633409bfdbb11942d,1,14,6,5,0
Muse Glimmer,6781903d382cfca83d01b77f,1,14,6,0,0
Muse Glimmer,678fbf931413486f7dc2a7f1,3,14,6,8,0
Muse Glimmer,679719aeac316f89542b3581,1,14,6,0,0
Muse Glimmer,67d09fd38fd17c121c0b49ad,2,14,6,6,6
Muse Glimmer,66e88728ba7d8bc0d5806f3a,3,15,3,12,1
Muse Glimmer,66e8d4736299517dd7a5da8c,1,15,3,0,0
Muse Glimmer,66e906f860abc895aedcf467,1,15,3,1,1
Muse Glimmer,66e9b2899cf8fcf41599246f,3,15,3,11,1
Muse Glimmer,66ea12bd86227f91af18b88b,1,15,3,0,0
Muse Glimmer,66eae4e351a34eec5d943952,2,15,3,8,3
Muse Glimmer,66eaeaa8afe364e4f477b777,3,15,3,6,0
Muse Glimmer,66ec0ed8b0ae7f67e365a163,1,15,3,2,0
Muse Glimmer,66ecfd03e7478ca5fcbb7495,1,15,3,4,4
Muse Glimmer,66ed3c5dae789e6253eedddd,2,15,3,2,0
Muse Glimmer,66ed5f1e85adbeda9f978022,1,15,3,1,1
Muse Glimmer,66edc60801af2a724035ad4b,2,15,3,8,0
Muse Glimmer,66edd857a0ffa4c025458242,1,15,3,2,2
Muse Glimmer,66efa01e327e4a95dc760d01,2,15,3,8,0
Muse Glimmer,66f052e814be84cc1edd3fbd,2,15,3,5,0
Muse Glimmer,66f0f4efd23ed0ac5f43b25f,2,15,3,5,5
Muse Glimmer,66f2b236b1d41433f8a4edea,2,15,3,8,8
Muse Glimmer,66f57a7e9f9308128679f668,2,15,3,3,3
Muse Glimmer,66f9a8a4e613d5c62b6c0d22,1,15,3,8,0
Muse Glimmer,66fbcca4a177ae967e470415,1,15,3,2,2
Muse Glimmer,66fc23cfa7be4edbe85cf177,3,15,3,8,4
Muse Glimmer,66fc2689b72463921f6c40e8,1,15,3,3,3
Muse Glimmer,66fc5e611f5f3f3b48ae9566,2,15,3,8,0
Muse Glimmer,66fcc286eab6d512704d96af,1,15,3,7,0
Muse Glimmer,66fd60ea6be05c0b608861d5,1,15,3,1,1
Muse Glimmer,66fe796bc12cbe6aeaa26e69,1,15,3,2,2
Muse Glimmer,670013827794cc36bc974f27,3,15,3,1,1
Muse Glimmer,67008f17fc2c0a4040f1d352,1,15,3,2,2
Muse Glimmer,6700a5676c339d61ecccb86d,2,15,3,3,3
Muse Glimmer,6701d2675f6691877f264511,2,15,3,4,4
Muse Glimmer,67055b15222ba55ab0b88431,3,15,3,6,3
Muse Glimmer,67095af56022f900e8e76028,1,15,3,0,0
Muse Glimmer,670aa3e255f3b29ec899f979,1,15,3,2,2
Muse Glimmer,670c775842b25f65425c86c2,1,15,3,5,5
Muse Glimmer,670c83ba4aece479236947cb,2,15,3,5,5
Muse Glimmer,670f00dc79750a6c73259f4d,3,15,3,5,0
Muse Glimmer,670f39dc1dcaeb830ff6231f,2,15,3,5,4
Muse Glimmer,670f4501dfe615f3d2f7436e,2,15,3,1,0
Muse Glimmer,670f9916451a882595c8f434,1,15,3,7,0
Muse Glimmer,670fb58f2ca6bea76e9354a7,3,15,3,7,0
Muse Glimmer,671257a8df2820fcc29acc37,3,15,3,11,1
Muse Glimmer,67127dbf0d05bc73fc008e02,3,15,3,10,0
Muse Glimmer,6715beb7b3287d3dd4db03e6,2,15,3,2,0
Muse Glimmer,6716fafe2a8d9330a7f89ee5,1,15,3,1,1
Muse Glimmer,671776667bd7b6b75ba31922,1,15,3,4,4
Muse Glimmer,6718487afba38eebcbc8034b,3,15,3,5,5
Muse Glimmer,6718577ca88093a75026b186,3,15,3,9,0
Muse Glimmer,671ab94ffad7ae30b89eff8f,2,15,3,9,1
Muse Glimmer,671ac641136758472327f851,1,15,3,6,0
Muse Glimmer,671c6a1aacee876e82d4bc0e,3,15,3,10,3
Muse Glimmer,671f23ab12f081da543ed684,3,15,3,11,1
Muse Glimmer,671fc9508c7c5056012df16a,1,15,3,2,2
Muse Glimmer,671fee575a0f70920ad3bd80,1,15,3,4,4
Muse Glimmer,672179e4c8cc0ac89395e8d0,1,15,3,5,5
Muse Glimmer,6722c0ddd60ad77b5374fdc9,1,15,3,0,0
Muse Glimmer,672368e4c08f59acd19d8353,1,15,3,4,4
Muse Glimmer,67238a4a22fbf3820373cb44,2,15,3,12,0
Muse Glimmer,672403fa5461772b24b2e651,1,15,3,0,0
Muse Glimmer,672407521f51862e37d75208,1,15,3,0,0
Muse Glimmer,67241cbe9909a95d1bf7aa00,1,15,3,1,1
Muse Glimmer,672424af1bf467697c4c699f,3,15,3,9,9
Muse Glimmer,672433577fb5d24be68f010d,1,15,3,1,1
Muse Glimmer,67243887a7c5f8f463109d82,1,15,3,3,3
Muse Glimmer,6724ff0dea5926938a631b9e,1,15,3,5,0
Muse Glimmer,6724ffb21d07f0962c8993cf,2,15,3,5,5
Muse Glimmer,672500151d07f0962c8993d7,1,15,3,0,0
Muse Glimmer,672507e82cc2a1349f1ffaf1,2,15,3,6,1
Muse Glimmer,67254a56046774791d0f1a41,2,15,3,7,0
Muse Glimmer,67256656d246bf5d21d1377e,1,15,3,0,0
Muse Glimmer,67264a55cae736a4a682949a,2,15,3,12,0
Muse Glimmer,6727dd5c5e987b1e8c17f8d9,1,15,3,0,0
Muse Glimmer,6728f1b489898f87cb5320ea,2,15,3,1,1
Muse Glimmer,672bca9fab085c84b90e223d,2,15,3,5,5
Muse Glimmer,6730fc7d598fcdc8858811e6,1,15,3,0,0
Muse Glimmer,6732f0dac65fb3c0e912b4a9,1,15,3,7,2
Muse Glimmer,67335820c7d8c66591e6dfc7,1,15,3,4,4
Muse Glimmer,6735c6e5f8dc0a94c3a3ae8e,1,15,3,9,9
Muse Glimmer,6736a9b0b949d548db8da965,1,15,3,4,1
Muse Glimmer,6736c2e82db9d8cc7cd8e607,1,15,3,0,0
Muse Glimmer,6737006d3f0517b6e8a60733,1,15,3,0,0
Muse Glimmer,673709d1980211368f0f952f,2,15,3,6,0
Muse Glimmer,67372744600c9c0daa5d8f3f,2,15,3,2,1
Muse Glimmer,673735aa61f20f11eb1097d2,1,15,3,3,1
Muse Glimmer,673799cf4d349e2ed66792d2,1,15,3,9,9
Muse Glimmer,67379dd995d9299b8ac8439c,1,15,3,6,6
Muse Glimmer,6737b422d3949406f1ed580b,3,15,3,12,0
Muse Glimmer,6739149727881148ddf2aca0,2,15,3,7,6
Muse Glimmer,67396c5bbb01e9373d18968e,3,15,3,6,6
Muse Glimmer,6739f5ede8b91dc9dac17cd9,3,15,3,3,3
Muse Glimmer,673a5f9b329d98c7d4b69d5f,3,15,3,10,0
Muse Glimmer,673ae99a3022b9e17f89d1b6,2,15,3,7,4
Muse Glimmer,673d6d05b7ef4f8f44830921,2,15,3,2,2
Muse Glimmer,674761ffca5b554156dc9037,1,15,3,7,0
Muse Glimmer,674dbd94040b2918e5c0b63d,2,15,3,4,4
Muse Glimmer,675642a2829a199495a2fa4e,2,15,3,9,1
Muse Glimmer,675f78278896e41ae7eb29da,1,15,3,8,8
Muse Glimmer,6767969869b88c321c96665a,2,15,3,6,6
Muse Glimmer,677c1cf633409bfdbb11942d,1,15,3,4,4
Muse Glimmer,6781903d382cfca83d01b77f,1,15,3,2,2
Muse Glimmer,678fbf931413486f7dc2a7f1,3,15,3,11,0
Muse Glimmer,679719aeac316f89542b3581,1,15,3,0,0
Muse Glimmer,67d09fd38fd17c121c0b49ad,2,15,3,7,0
Muse Glimmer,66e88728ba7d8bc0d5806f3a,3,18,6,12,1
Muse Glimmer,66e8d4736299517dd7a5da8c,1,18,6,2,2
Muse Glimmer,66e906f860abc895aedcf467,1,18,6,1,1
Muse Glimmer,66e9b2899cf8fcf41599246f,3,18,6,12,0
Muse Glimmer,66ea12bd86227f91af18b88b,1,18,6,0,0
Muse Glimmer,66eae4e351a34eec5d943952,2,18,6,6,1
Muse Glimmer,66eaeaa8afe364e4f477b777,3,18,6,10,0
Muse Glimmer,66ec0ed8b0ae7f67e365a163,1,18,6,2,0
Muse Glimmer,66ecfd03e7478ca5fcbb7495,1,18,6,6,6
Muse Glimmer,66ed3c5dae789e6253eedddd,2,18,6,1,1
Muse Glimmer,66ed5f1e85adbeda9f978022,1,18,6,0,0
Muse Glimmer,66edc60801af2a724035ad4b,2,18,6,11,0
Muse Glimmer,66edd857a0ffa4c025458242,1,18,6,1,1
Muse Glimmer,66efa01e327e4a95dc760d01,2,18,6,7,7
Muse Glimmer,66f052e814be84cc1edd3fbd,2,18,6,5,1
Muse Glimmer,66f0f4efd23ed0ac5f43b25f,2,18,6,5,5
Muse Glimmer,66f2b236b1d41433f8a4edea,2,18,6,7,4
Muse Glimmer,66f57a7e9f9308128679f668,2,18,6,2,2
Muse Glimmer,66f9a8a4e613d5c62b6c0d22,1,18,6,3,3
Muse Glimmer,66fbcca4a177ae967e470415,1,18,6,4,0
Muse Glimmer,66fc23cfa7be4edbe85cf177,3,18,6,7,3
Muse Glimmer,66fc2689b72463921f6c40e8,1,18,6,1,1
Muse Glimmer,66fc5e611f5f3f3b48ae9566,2,18,6,8,0
Muse Glimmer,66fcc286eab6d512704d96af,1,18,6,4,4
Muse Glimmer,66fd60ea6be05c0b608861d5,1,18,6,2,2
Muse Glimmer,66fe796bc12cbe6aeaa26e69,1,18,6,0,0
Muse Glimmer,670013827794cc36bc974f27,3,18,6,5,5
Muse Glimmer,67008f17fc2c0a4040f1d352,1,18,6,4,4
Muse Glimmer,6700a5676c339d61ecccb86d,2,18,6,3,0
Muse Glimmer,6701d2675f6691877f264511,2,18,6,7,7
Muse Glimmer,67055b15222ba55ab0b88431,3,18,6,11,1
Muse Glimmer,67095af56022f900e8e76028,1,18,6,1,1
Muse Glimmer,670aa3e255f3b29ec899f979,1,18,6,2,2
Muse Glimmer,670c775842b25f65425c86c2,1,18,6,4,4
Muse Glimmer,670c83ba4aece479236947cb,2,18,6,4,4
Muse Glimmer,670f00dc79750a6c73259f4d,3,18,6,3,3
Muse Glimmer,670f39dc1dcaeb830ff6231f,2,18,6,5,0
Muse Glimmer,670f4501dfe615f3d2f7436e,2,18,6,3,2
Muse Glimmer,670f9916451a882595c8f434,1,18,6,6,0
Muse Glimmer,670fb58f2ca6bea76e9354a7,3,18,6,10,2
Muse Glimmer,671257a8df2820fcc29acc37,3,18,6,10,0
Muse Glimmer,67127dbf0d05bc73fc008e02,3,18,6,12,0
Muse Glimmer,6715beb7b3287d3dd4db03e6,2,18,6,5,3
Muse Glimmer,6716fafe2a8d9330a7f89ee5,1,18,6,1,1
Muse Glimmer,671776667bd7b6b75ba31922,1,18,6,0,0
Muse Glimmer,6718487afba38eebcbc8034b,3,18,6,4,4
Muse Glimmer,6718577ca88093a75026b186,3,18,6,9,1
Muse Glimmer,671ab94ffad7ae30b89eff8f,2,18,6,6,6
Muse Glimmer,671ac641136758472327f851,1,18,6,5,0
Muse Glimmer,671c6a1aacee876e82d4bc0e,3,18,6,12,9
Muse Glimmer,671f23ab12f081da543ed684,3,18,6,10,1
Muse Glimmer,671fc9508c7c5056012df16a,1,18,6,5,0
Muse Glimmer,671fee575a0f70920ad3bd80,1,18,6,3,3
Muse Glimmer,672179e4c8cc0ac89395e8d0,1,18,6,1,1
Muse Glimmer,6722c0ddd60ad77b5374fdc9,1,18,6,2,2
Muse Glimmer,672368e4c08f59acd19d8353,1,18,6,8,8
Muse Glimmer,67238a4a22fbf3820373cb44,2,18,6,11,0
Muse Glimmer,672403fa5461772b24b2e651,1,18,6,0,0
Muse Glimmer,672407521f51862e37d75208,1,18,6,0,0
Muse Glimmer,67241cbe9909a95d1bf7aa00,1,18,6,1,1
Muse Glimmer,672424af1bf467697c4c699f,3,18,6,9,9
Muse Glimmer,672433577fb5d24be68f010d,1,18,6,2,2
Muse Glimmer,67243887a7c5f8f463109d82,1,18,6,2,2
Muse Glimmer,6724ff0dea5926938a631b9e,1,18,6,3,2
Muse Glimmer,6724ffb21d07f0962c8993cf,2,18,6,6,6
Muse Glimmer,672500151d07f0962c8993d7,1,18,6,0,0
Muse Glimmer,672507e82cc2a1349f1ffaf1,2,18,6,3,3
Muse Glimmer,67254a56046774791d0f1a41,2,18,6,10,0
Muse Glimmer,67256656d246bf5d21d1377e,1,18,6,0,0
Muse Glimmer,67264a55cae736a4a682949a,2,18,6,10,0
Muse Glimmer,6727dd5c5e987b1e8c17f8d9,1,18,6,0,0
Muse Glimmer,6728f1b489898f87cb5320ea,2,18,6,2,2
Muse Glimmer,672bca9fab085c84b90e223d,2,18,6,5,4
Muse Glimmer,6730fc7d598fcdc8858811e6,1,18,6,1,1
Muse Glimmer,6732f0dac65fb3c0e912b4a9,1,18,6,8,6
Muse Glimmer,67335820c7d8c66591e6dfc7,1,18,6,4,4
Muse Glimmer,6735c6e5f8dc0a94c3a3ae8e,1,18,6,9,9
Muse Glimmer,6736a9b0b949d548db8da965,1,18,6,6,3
Muse Glimmer,6736c2e82db9d8cc7cd8e607,1,18,6,0,0
Muse Glimmer,6737006d3f0517b6e8a60733,1,18,6,0,0
Muse Glimmer,673709d1980211368f0f952f,2,18,6,7,1
Muse Glimmer,67372744600c9c0daa5d8f3f,2,18,6,7,0
Muse Glimmer,673735aa61f20f11eb1097d2,1,18,6,2,2
Muse Glimmer,673799cf4d349e2ed66792d2,1,18,6,10,9
Muse Glimmer,67379dd995d9299b8ac8439c,1,18,6,5,5
Muse Glimmer,6737b422d3949406f1ed580b,3,18,6,11,0
Muse Glimmer,6739149727881148ddf2aca0,2,18,6,8,8
Muse Glimmer,67396c5bbb01e9373d18968e,3,18,6,6,6
Muse Glimmer,6739f5ede8b91dc9dac17cd9,3,18,6,6,0
Muse Glimmer,673a5f9b329d98c7d4b69d5f,3,18,6,9,0
Muse Glimmer,673ae99a3022b9e17f89d1b6,2,18,6,5,2
Muse Glimmer,673d6d05b7ef4f8f44830921,2,18,6,2,2
Muse Glimmer,674761ffca5b554156dc9037,1,18,6,6,6
Muse Glimmer,674dbd94040b2918e5c0b63d,2,18,6,5,5
Muse Glimmer,675642a2829a199495a2fa4e,2,18,6,7,0
Muse Glimmer,675f78278896e41ae7eb29da,1,18,6,4,4
Muse Glimmer,6767969869b88c321c96665a,2,18,6,9,9
Muse Glimmer,677c1cf633409bfdbb11942d,1,18,6,6,0
Muse Glimmer,6781903d382cfca83d01b77f,1,18,6,0,0
Muse Glimmer,678fbf931413486f7dc2a7f1,3,18,6,12,0
Muse Glimmer,679719aeac316f89542b3581,1,18,6,0,0
Muse Glimmer,67d09fd38fd17c121c0b49ad,2,18,6,4,1
Muse Glimmer,66e88728ba7d8bc0d5806f3a,3,21,9,11,1
Muse Glimmer,66e8d4736299517dd7a5da8c,1,21,9,2,2
Muse Glimmer,66e906f860abc895aedcf467,1,21,9,0,0
Muse Glimmer,66e9b2899cf8fcf41599246f,3,21,9,12,0
Muse Glimmer,66ea12bd86227f91af18b88b,1,21,9,0,0
Muse Glimmer,66eae4e351a34eec5d943952,2,21,9,7,0
Muse Glimmer,66eaeaa8afe364e4f477b777,3,21,9,9,0
Muse Glimmer,66ec0ed8b0ae7f67e365a163,1,21,9,4,0
Muse Glimmer,66ecfd03e7478ca5fcbb7495,1,21,9,2,2
Muse Glimmer,66ed3c5dae789e6253eedddd,2,21,9,1,0
Muse Glimmer,66ed5f1e85adbeda9f978022,1,21,9,0,0
Muse Glimmer,66edc60801af2a724035ad4b,2,21,9,10,0
Muse Glimmer,66edd857a0ffa4c025458242,1,21,9,0,0
Muse Glimmer,66efa01e327e4a95dc760d01,2,21,9,9,9
Muse Glimmer,66f052e814be84cc1edd3fbd,2,21,9,3,1
Muse Glimmer,66f0f4efd23ed0ac5f43b25f,2,21,9,10,10
Muse Glimmer,66f2b236b1d41433f8a4edea,2,21,9,6,6
Muse Glimmer,66f57a7e9f9308128679f668,2,21,9,3,3
Muse Glimmer,66f9a8a4e613d5c62b6c0d22,1,21,9,4,4
Muse Glimmer,66fbcca4a177ae967e470415,1,21,9,2,0
Muse Glimmer,66fc23cfa7be4edbe85cf177,3,21,9,8,7
Muse Glimmer,66fc2689b72463921f6c40e8,1,21,9,4,4
Muse Glimmer,66fc5e611f5f3f3b48ae9566,2,21,9,8,0
Muse Glimmer,66fcc286eab6d512704d96af,1,21,9,4,4
Muse Glimmer,66fd60ea6be05c0b608861d5,1,21,9,1,1
Muse Glimmer,66fe796bc12cbe6aeaa26e69,1,21,9,1,1
Muse Glimmer,670013827794cc36bc974f27,3,21,9,5,5
Muse Glimmer,67008f17fc2c0a4040f1d352,1,21,9,4,4
Muse Glimmer,6700a5676c339d61ecccb86d,2,21,9,1,1
Muse Glimmer,6701d2675f6691877f264511,2,21,9,4,4
Muse Glimmer,67055b15222ba55ab0b88431,3,21,9,7,1
Muse Glimmer,67095af56022f900e8e76028,1,21,9,1,1
Muse Glimmer,670aa3e255f3b29ec899f979,1,21,9,0,0
Muse Glimmer,670c775842b25f65425c86c2,1,21,9,2,2
Muse Glimmer,670c83ba4aece479236947cb,2,21,9,7,7
Muse Glimmer,670f00dc79750a6c73259f4d,3,21,9,4,3
Muse Glimmer,670f39dc1dcaeb830ff6231f,2,21,9,8,5
Muse Glimmer,670f4501dfe615f3d2f7436e,2,21,9,5,4
Muse Glimmer,670f9916451a882595c8f434,1,21,9,5,0
Muse Glimmer,670fb58f2ca6bea76e9354a7,3,21,9,9,0
Muse Glimmer,671257a8df2820fcc29acc37,3,21,9,8,0
Muse Glimmer,67127dbf0d05bc73fc008e02,3,21,9,11,0
Muse Glimmer,6715beb7b3287d3dd4db03e6,2,21,9,6,0
Muse Glimmer,6716fafe2a8d9330a7f89ee5,1,21,9,1,1
Muse Glimmer,671776667bd7b6b75ba31922,1,21,9,2,2
Muse Glimmer,6718487afba38eebcbc8034b,3,21,9,4,4
Muse Glimmer,6718577ca88093a75026b186,3,21,9,10,6
Muse Glimmer,671ab94ffad7ae30b89eff8f,2,21,9,6,2
Muse Glimmer,671ac641136758472327f851,1,21,9,6,0
Muse Glimmer,671c6a1aacee876e82d4bc0e,3,21,9,10,5
Muse Glimmer,671f23ab12f081da543ed684,3,21,9,11,9
Muse Glimmer,671fc9508c7c5056012df16a,1,21,9,3,3
Muse Glimmer,671fee575a0f70920ad3bd80,1,21,9,5,5
Muse Glimmer,672179e4c8cc0ac89395e8d0,1,21,9,1,1
Muse Glimmer,6722c0ddd60ad77b5374fdc9,1,21,9,0,0
Muse Glimmer,672368e4c08f59acd19d8353,1,21,9,5,5
Muse Glimmer,67238a4a22fbf3820373cb44,2,21,9,8,0
Muse Glimmer,672403fa5461772b24b2e651,1,21,9,0,0
Muse Glimmer,672407521f51862e37d75208,1,21,9,0,0
Muse Glimmer,67241cbe9909a95d1bf7aa00,1,21,9,2,2
Muse Glimmer,672424af1bf467697c4c699f,3,21,9,9,9
Muse Glimmer,672433577fb5d24be68f010d,1,21,9,3,3
Muse Glimmer,67243887a7c5f8f463109d82,1,21,9,1,1
Muse Glimmer,6724ff0dea5926938a631b9e,1,21,9,5,1
Muse Glimmer,6724ffb21d07f0962c8993cf,2,21,9,9,9
Muse Glimmer,672500151d07f0962c8993d7,1,21,9,0,0
Muse Glimmer,672507e82cc2a1349f1ffaf1,2,21,9,5,3
Muse Glimmer,67254a56046774791d0f1a41,2,21,9,7,0
Muse Glimmer,67256656d246bf5d21d1377e,1,21,9,0,0
Muse Glimmer,67264a55cae736a4a682949a,2,21,9,10,0
Muse Glimmer,6727dd5c5e987b1e8c17f8d9,1,21,9,0,0
Muse Glimmer,6728f1b489898f87cb5320ea,2,21,9,2,2
Muse Glimmer,672bca9fab085c84b90e223d,2,21,9,4,4
Muse Glimmer,6730fc7d598fcdc8858811e6,1,21,9,0,0
Muse Glimmer,6732f0dac65fb3c0e912b4a9,1,21,9,8,4
Muse Glimmer,67335820c7d8c66591e6dfc7,1,21,9,3,3
Muse Glimmer,6735c6e5f8dc0a94c3a3ae8e,1,21,9,8,8
Muse Glimmer,6736a9b0b949d548db8da965,1,21,9,6,4
Muse Glimmer,6736c2e82db9d8cc7cd8e607,1,21,9,0,0
Muse Glimmer,6737006d3f0517b6e8a60733,1,21,9,0,0
Muse Glimmer,673709d1980211368f0f952f,2,21,9,5,0
Muse Glimmer,67372744600c9c0daa5d8f3f,2,21,9,7,6
Muse Glimmer,673735aa61f20f11eb1097d2,1,21,9,2,2
Muse Glimmer,673799cf4d349e2ed66792d2,1,21,9,8,7
Muse Glimmer,67379dd995d9299b8ac8439c,1,21,9,6,6
Muse Glimmer,6737b422d3949406f1ed580b,3,21,9,11,0
Muse Glimmer,6739149727881148ddf2aca0,2,21,9,8,8
Muse Glimmer,67396c5bbb01e9373d18968e,3,21,9,8,8
Muse Glimmer,6739f5ede8b91dc9dac17cd9,3,21,9,3,3
Muse Glimmer,673a5f9b329d98c7d4b69d5f,3,21,9,9,9
Muse Glimmer,673ae99a3022b9e17f89d1b6,2,21,9,8,7
Muse Glimmer,673d6d05b7ef4f8f44830921,2,21,9,3,3
Muse Glimmer,674761ffca5b554156dc9037,1,21,9,7,1
Muse Glimmer,674dbd94040b2918e5c0b63d,2,21,9,4,4
Muse Glimmer,675642a2829a199495a2fa4e,2,21,9,7,0
Muse Glimmer,675f78278896e41ae7eb29da,1,21,9,5,5
Muse Glimmer,6767969869b88c321c96665a,2,21,9,6,6
Muse Glimmer,677c1cf633409bfdbb11942d,1,21,9,5,5
Muse Glimmer,6781903d382cfca83d01b77f,1,21,9,0,0
Muse Glimmer,678fbf931413486f7dc2a7f1,3,21,9,10,0
Muse Glimmer,679719aeac316f89542b3581,1,21,9,0,0
Muse Glimmer,67d09fd38fd17c121c0b49ad,2,21,9,9,2
